pair_id,material_from,material_to,family_from,family_to,inherited_family_route_class,family_pair_id,curated_directional_route_id,candidate_status,lot_specific_property_status,physical_test_status,production_approved
"PS-MATRIX-00001","PS-MAT-CU_OFHC","PS-MAT-CU_OFHC","MT","MT","P","PS-PAIR-MT-MT","","FAMILY_CLASS_INHERITED","UNQUALIFIED","NOT_TESTED","false"
"PS-MATRIX-00002","PS-MAT-CU_OFHC","PS-MAT-AL_6061","MT","MT","P","PS-PAIR-MT-MT","","FAMILY_CLASS_INHERITED","UNQUALIFIED","NOT_TESTED","false"
"PS-MATRIX-00003","PS-MAT-CU_OFHC","PS-MAT-SS_316L","MT","MT","P","PS-PAIR-MT-MT","","FAMILY_CLASS_INHERITED","UNQUALIFIED","NOT_TESTED","false"
"PS-MATRIX-00004","PS-MAT-CU_OFHC","PS-MAT-TI_64","MT","MT","P","PS-PAIR-MT-MT","","FAMILY_CLASS_INHERITED","UNQUALIFIED","NOT_TESTED","false"
"PS-MATRIX-00005","PS-MAT-CU_OFHC","PS-MAT-NI_ALLOY","MT","MT","P","PS-PAIR-MT-MT","","FAMILY_CLASS_INHERITED","UNQUALIFIED","NOT_TESTED","false"
"PS-MATRIX-00006","PS-MAT-CU_OFHC","PS-MAT-AG_METAL","MT","MT","P","PS-PAIR-MT-MT","","FAMILY_CLASS_INHERITED","UNQUALIFIED","NOT_TESTED","false"
"PS-MATRIX-00007","PS-MAT-CU_OFHC","PS-MAT-ALUMINA","MT","CR","T","PS-PAIR-MT-CR","","FAMILY_CLASS_INHERITED","UNQUALIFIED","NOT_TESTED","false"
"PS-MATRIX-00008","PS-MAT-CU_OFHC","PS-MAT-SILICA","MT","CR","T","PS-PAIR-MT-CR","","FAMILY_CLASS_INHERITED","UNQUALIFIED","NOT_TESTED","false"
"PS-MATRIX-00009","PS-MAT-CU_OFHC","PS-MAT-ZIRCONIA","MT","CR","T","PS-PAIR-MT-CR","","FAMILY_CLASS_INHERITED","UNQUALIFIED","NOT_TESTED","false"
"PS-MATRIX-00010","PS-MAT-CU_OFHC","PS-MAT-BT_CERAMIC","MT","CR","T","PS-PAIR-MT-CR","","FAMILY_CLASS_INHERITED","UNQUALIFIED","NOT_TESTED","false"
"PS-MATRIX-00011","PS-MAT-CU_OFHC","PS-MAT-BN_CERAMIC","MT","CR","T","PS-PAIR-MT-CR","","FAMILY_CLASS_INHERITED","UNQUALIFIED","NOT_TESTED","false"
"PS-MATRIX-00012","PS-MAT-CU_OFHC","PS-MAT-PLA","MT","TP","T","PS-PAIR-MT-TP","","FAMILY_CLASS_INHERITED","UNQUALIFIED","NOT_TESTED","false"
"PS-MATRIX-00013","PS-MAT-CU_OFHC","PS-MAT-PETG","MT","TP","T","PS-PAIR-MT-TP","","FAMILY_CLASS_INHERITED","UNQUALIFIED","NOT_TESTED","false"
"PS-MATRIX-00014","PS-MAT-CU_OFHC","PS-MAT-ABS","MT","TP","T","PS-PAIR-MT-TP","","FAMILY_CLASS_INHERITED","UNQUALIFIED","NOT_TESTED","false"
"PS-MATRIX-00015","PS-MAT-CU_OFHC","PS-MAT-PA12","MT","TP","T","PS-PAIR-MT-TP","","FAMILY_CLASS_INHERITED","UNQUALIFIED","NOT_TESTED","false"
"PS-MATRIX-00016","PS-MAT-CU_OFHC","PS-MAT-PEEK","MT","TP","T","PS-PAIR-MT-TP","","FAMILY_CLASS_INHERITED","UNQUALIFIED","NOT_TESTED","false"
"PS-MATRIX-00017","PS-MAT-CU_OFHC","PS-MAT-PP","MT","TP","T","PS-PAIR-MT-TP","","FAMILY_CLASS_INHERITED","UNQUALIFIED","NOT_TESTED","false"
"PS-MATRIX-00018","PS-MAT-CU_OFHC","PS-MAT-ACRYLATE","MT","RS","T","PS-PAIR-MT-RS","","FAMILY_CLASS_INHERITED","UNQUALIFIED","NOT_TESTED","false"
"PS-MATRIX-00019","PS-MAT-CU_OFHC","PS-MAT-EPOXY","MT","RS","T","PS-PAIR-MT-RS","","FAMILY_CLASS_INHERITED","UNQUALIFIED","NOT_TESTED","false"
"PS-MATRIX-00020","PS-MAT-CU_OFHC","PS-MAT-SILICONE_RESIN","MT","RS","T","PS-PAIR-MT-RS","","FAMILY_CLASS_INHERITED","UNQUALIFIED","NOT_TESTED","false"
"PS-MATRIX-00021","PS-MAT-CU_OFHC","PS-MAT-TPU","MT","EL","T","PS-PAIR-MT-EL","","FAMILY_CLASS_INHERITED","UNQUALIFIED","NOT_TESTED","false"
"PS-MATRIX-00022","PS-MAT-CU_OFHC","PS-MAT-PDMS","MT","EL","T","PS-PAIR-MT-EL","","FAMILY_CLASS_INHERITED","UNQUALIFIED","NOT_TESTED","false"
"PS-MATRIX-00023","PS-MAT-CU_OFHC","PS-MAT-SILICONE_E","MT","EL","T","PS-PAIR-MT-EL","","FAMILY_CLASS_INHERITED","UNQUALIFIED","NOT_TESTED","false"
"PS-MATRIX-00024","PS-MAT-CU_OFHC","PS-MAT-HYDROGEL_E","MT","EL","T","PS-PAIR-MT-EL","","FAMILY_CLASS_INHERITED","UNQUALIFIED","NOT_TESTED","false"
"PS-MATRIX-00025","PS-MAT-CU_OFHC","PS-MAT-AG_INK","MT","CI","T","PS-PAIR-MT-CI","","FAMILY_CLASS_INHERITED","UNQUALIFIED","NOT_TESTED","false"
"PS-MATRIX-00026","PS-MAT-CU_OFHC","PS-MAT-CU_INK","MT","CI","T","PS-PAIR-MT-CI","","FAMILY_CLASS_INHERITED","UNQUALIFIED","NOT_TESTED","false"
"PS-MATRIX-00027","PS-MAT-CU_OFHC","PS-MAT-CARBON_INK","MT","CI","T","PS-PAIR-MT-CI","","FAMILY_CLASS_INHERITED","UNQUALIFIED","NOT_TESTED","false"
"PS-MATRIX-00028","PS-MAT-CU_OFHC","PS-MAT-GRAPHENE_INK","MT","CI","T","PS-PAIR-MT-CI","","FAMILY_CLASS_INHERITED","UNQUALIFIED","NOT_TESTED","false"
"PS-MATRIX-00029","PS-MAT-CU_OFHC","PS-MAT-PEDOT_PSS","MT","CI","T","PS-PAIR-MT-CI","","FAMILY_CLASS_INHERITED","UNQUALIFIED","NOT_TESTED","false"
"PS-MATRIX-00030","PS-MAT-CU_OFHC","PS-MAT-DIEL_UV","MT","DE","T","PS-PAIR-MT-DE","","FAMILY_CLASS_INHERITED","UNQUALIFIED","NOT_TESTED","false"
"PS-MATRIX-00031","PS-MAT-CU_OFHC","PS-MAT-DIEL_EPOXY","MT","DE","T","PS-PAIR-MT-DE","PS-MR-002-AB","ROUTE_SEED_ONLY","UNQUALIFIED","NOT_TESTED","false"
"PS-MATRIX-00032","PS-MAT-CU_OFHC","PS-MAT-POLYIMIDE","MT","DE","T","PS-PAIR-MT-DE","","FAMILY_CLASS_INHERITED","UNQUALIFIED","NOT_TESTED","false"
"PS-MATRIX-00033","PS-MAT-CU_OFHC","PS-MAT-PARylene","MT","DE","T","PS-PAIR-MT-DE","","FAMILY_CLASS_INHERITED","UNQUALIFIED","NOT_TESTED","false"
"PS-MATRIX-00034","PS-MAT-CU_OFHC","PS-MAT-FERRITE_PASTE","MT","MG","T","PS-PAIR-MT-MG","","FAMILY_CLASS_INHERITED","UNQUALIFIED","NOT_TESTED","false"
"PS-MATRIX-00035","PS-MAT-CU_OFHC","PS-MAT-NDFEB_BONDED","MT","MG","T","PS-PAIR-MT-MG","","FAMILY_CLASS_INHERITED","UNQUALIFIED","NOT_TESTED","false"
"PS-MATRIX-00036","PS-MAT-CU_OFHC","PS-MAT-IRON_COMPOSITE","MT","MG","T","PS-PAIR-MT-MG","PS-MR-014-BA","ROUTE_SEED_ONLY","UNQUALIFIED","NOT_TESTED","false"
"PS-MATRIX-00037","PS-MAT-CU_OFHC","PS-MAT-OPTICAL_RESIN","MT","OP","T","PS-PAIR-MT-OP","","FAMILY_CLASS_INHERITED","UNQUALIFIED","NOT_TESTED","false"
"PS-MATRIX-00038","PS-MAT-CU_OFHC","PS-MAT-PMMA","MT","OP","T","PS-PAIR-MT-OP","","FAMILY_CLASS_INHERITED","UNQUALIFIED","NOT_TESTED","false"
"PS-MATRIX-00039","PS-MAT-CU_OFHC","PS-MAT-FUSED_SILICA","MT","OP","T","PS-PAIR-MT-OP","","FAMILY_CLASS_INHERITED","UNQUALIFIED","NOT_TESTED","false"
"PS-MATRIX-00040","PS-MAT-CU_OFHC","PS-MAT-PHOSPHOR_FILM","MT","OP","T","PS-PAIR-MT-OP","","FAMILY_CLASS_INHERITED","UNQUALIFIED","NOT_TESTED","false"
"PS-MATRIX-00041","PS-MAT-CU_OFHC","PS-MAT-PVA_SUPPORT","MT","FL","T","PS-PAIR-MT-FL","","FAMILY_CLASS_INHERITED","UNQUALIFIED","NOT_TESTED","false"
"PS-MATRIX-00042","PS-MAT-CU_OFHC","PS-MAT-WAX_SUPPORT","MT","FL","T","PS-PAIR-MT-FL","","FAMILY_CLASS_INHERITED","UNQUALIFIED","NOT_TESTED","false"
"PS-MATRIX-00043","PS-MAT-CU_OFHC","PS-MAT-MICROGEL","MT","FL","T","PS-PAIR-MT-FL","","FAMILY_CLASS_INHERITED","UNQUALIFIED","NOT_TESTED","false"
"PS-MATRIX-00044","PS-MAT-CU_OFHC","PS-MAT-GAS_CAVITY","MT","FL","T","PS-PAIR-MT-FL","","FAMILY_CLASS_INHERITED","UNQUALIFIED","NOT_TESTED","false"
"PS-MATRIX-00045","PS-MAT-CU_OFHC","PS-MAT-GRAPHITE_ANODE","MT","EC","T","PS-PAIR-MT-EC","","FAMILY_CLASS_INHERITED","UNQUALIFIED","NOT_TESTED","false"
"PS-MATRIX-00046","PS-MAT-CU_OFHC","PS-MAT-LFP_CATHODE","MT","EC","T","PS-PAIR-MT-EC","","FAMILY_CLASS_INHERITED","UNQUALIFIED","NOT_TESTED","false"
"PS-MATRIX-00047","PS-MAT-CU_OFHC","PS-MAT-GEL_ELECTROLYTE","MT","EC","T","PS-PAIR-MT-EC","","FAMILY_CLASS_INHERITED","UNQUALIFIED","NOT_TESTED","false"
"PS-MATRIX-00048","PS-MAT-CU_OFHC","PS-MAT-CARBON_SUPERCAP","MT","EC","T","PS-PAIR-MT-EC","","FAMILY_CLASS_INHERITED","UNQUALIFIED","NOT_TESTED","false"
"PS-MATRIX-00049","PS-MAT-CU_OFHC","PS-MAT-SILICON_DIE","MT","SC","M","PS-PAIR-MT-SC","","FAMILY_CLASS_INHERITED","UNQUALIFIED","NOT_TESTED","false"
"PS-MATRIX-00050","PS-MAT-CU_OFHC","PS-MAT-CAMERA_MODULE","MT","SC","M","PS-PAIR-MT-SC","","FAMILY_CLASS_INHERITED","UNQUALIFIED","NOT_TESTED","false"
"PS-MATRIX-00051","PS-MAT-CU_OFHC","PS-MAT-LED_PACKAGE","MT","SC","M","PS-PAIR-MT-SC","","FAMILY_CLASS_INHERITED","UNQUALIFIED","NOT_TESTED","false"
"PS-MATRIX-00052","PS-MAT-CU_OFHC","PS-MAT-RF_IC","MT","SC","M","PS-PAIR-MT-SC","","FAMILY_CLASS_INHERITED","UNQUALIFIED","NOT_TESTED","false"
"PS-MATRIX-00053","PS-MAT-CU_OFHC","PS-MAT-LFP_MODULE","MT","BT","M","PS-PAIR-MT-BT","","FAMILY_CLASS_INHERITED","UNQUALIFIED","NOT_TESTED","false"
"PS-MATRIX-00054","PS-MAT-CU_OFHC","PS-MAT-LIION_MODULE","MT","BT","M","PS-PAIR-MT-BT","","FAMILY_CLASS_INHERITED","UNQUALIFIED","NOT_TESTED","false"
"PS-MATRIX-00055","PS-MAT-CU_OFHC","PS-MAT-CAP_BANK","MT","BT","M","PS-PAIR-MT-BT","","FAMILY_CLASS_INHERITED","UNQUALIFIED","NOT_TESTED","false"
"PS-MATRIX-00056","PS-MAT-CU_OFHC","PS-MAT-ALGINATE","MT","BV","M","PS-PAIR-MT-BV","","FAMILY_CLASS_INHERITED","UNQUALIFIED","NOT_TESTED","false"
"PS-MATRIX-00057","PS-MAT-CU_OFHC","PS-MAT-GELATIN","MT","BV","M","PS-PAIR-MT-BV","","FAMILY_CLASS_INHERITED","UNQUALIFIED","NOT_TESTED","false"
"PS-MATRIX-00058","PS-MAT-CU_OFHC","PS-MAT-COLLAGEN","MT","BV","M","PS-PAIR-MT-BV","","FAMILY_CLASS_INHERITED","UNQUALIFIED","NOT_TESTED","false"
"PS-MATRIX-00059","PS-MAT-CU_OFHC","PS-MAT-CELL_INK","MT","BV","M","PS-PAIR-MT-BV","","FAMILY_CLASS_INHERITED","UNQUALIFIED","NOT_TESTED","false"
"PS-MATRIX-00060","PS-MAT-AL_6061","PS-MAT-CU_OFHC","MT","MT","P","PS-PAIR-MT-MT","","FAMILY_CLASS_INHERITED","UNQUALIFIED","NOT_TESTED","false"
"PS-MATRIX-00061","PS-MAT-AL_6061","PS-MAT-AL_6061","MT","MT","P","PS-PAIR-MT-MT","","FAMILY_CLASS_INHERITED","UNQUALIFIED","NOT_TESTED","false"
"PS-MATRIX-00062","PS-MAT-AL_6061","PS-MAT-SS_316L","MT","MT","P","PS-PAIR-MT-MT","","FAMILY_CLASS_INHERITED","UNQUALIFIED","NOT_TESTED","false"
"PS-MATRIX-00063","PS-MAT-AL_6061","PS-MAT-TI_64","MT","MT","P","PS-PAIR-MT-MT","","FAMILY_CLASS_INHERITED","UNQUALIFIED","NOT_TESTED","false"
"PS-MATRIX-00064","PS-MAT-AL_6061","PS-MAT-NI_ALLOY","MT","MT","P","PS-PAIR-MT-MT","","FAMILY_CLASS_INHERITED","UNQUALIFIED","NOT_TESTED","false"
"PS-MATRIX-00065","PS-MAT-AL_6061","PS-MAT-AG_METAL","MT","MT","P","PS-PAIR-MT-MT","","FAMILY_CLASS_INHERITED","UNQUALIFIED","NOT_TESTED","false"
"PS-MATRIX-00066","PS-MAT-AL_6061","PS-MAT-ALUMINA","MT","CR","T","PS-PAIR-MT-CR","","FAMILY_CLASS_INHERITED","UNQUALIFIED","NOT_TESTED","false"
"PS-MATRIX-00067","PS-MAT-AL_6061","PS-MAT-SILICA","MT","CR","T","PS-PAIR-MT-CR","","FAMILY_CLASS_INHERITED","UNQUALIFIED","NOT_TESTED","false"
"PS-MATRIX-00068","PS-MAT-AL_6061","PS-MAT-ZIRCONIA","MT","CR","T","PS-PAIR-MT-CR","","FAMILY_CLASS_INHERITED","UNQUALIFIED","NOT_TESTED","false"
"PS-MATRIX-00069","PS-MAT-AL_6061","PS-MAT-BT_CERAMIC","MT","CR","T","PS-PAIR-MT-CR","","FAMILY_CLASS_INHERITED","UNQUALIFIED","NOT_TESTED","false"
"PS-MATRIX-00070","PS-MAT-AL_6061","PS-MAT-BN_CERAMIC","MT","CR","T","PS-PAIR-MT-CR","","FAMILY_CLASS_INHERITED","UNQUALIFIED","NOT_TESTED","false"
"PS-MATRIX-00071","PS-MAT-AL_6061","PS-MAT-PLA","MT","TP","T","PS-PAIR-MT-TP","","FAMILY_CLASS_INHERITED","UNQUALIFIED","NOT_TESTED","false"
"PS-MATRIX-00072","PS-MAT-AL_6061","PS-MAT-PETG","MT","TP","T","PS-PAIR-MT-TP","","FAMILY_CLASS_INHERITED","UNQUALIFIED","NOT_TESTED","false"
"PS-MATRIX-00073","PS-MAT-AL_6061","PS-MAT-ABS","MT","TP","T","PS-PAIR-MT-TP","","FAMILY_CLASS_INHERITED","UNQUALIFIED","NOT_TESTED","false"
"PS-MATRIX-00074","PS-MAT-AL_6061","PS-MAT-PA12","MT","TP","T","PS-PAIR-MT-TP","","FAMILY_CLASS_INHERITED","UNQUALIFIED","NOT_TESTED","false"
"PS-MATRIX-00075","PS-MAT-AL_6061","PS-MAT-PEEK","MT","TP","T","PS-PAIR-MT-TP","","FAMILY_CLASS_INHERITED","UNQUALIFIED","NOT_TESTED","false"
"PS-MATRIX-00076","PS-MAT-AL_6061","PS-MAT-PP","MT","TP","T","PS-PAIR-MT-TP","","FAMILY_CLASS_INHERITED","UNQUALIFIED","NOT_TESTED","false"
"PS-MATRIX-00077","PS-MAT-AL_6061","PS-MAT-ACRYLATE","MT","RS","T","PS-PAIR-MT-RS","","FAMILY_CLASS_INHERITED","UNQUALIFIED","NOT_TESTED","false"
"PS-MATRIX-00078","PS-MAT-AL_6061","PS-MAT-EPOXY","MT","RS","T","PS-PAIR-MT-RS","","FAMILY_CLASS_INHERITED","UNQUALIFIED","NOT_TESTED","false"
"PS-MATRIX-00079","PS-MAT-AL_6061","PS-MAT-SILICONE_RESIN","MT","RS","T","PS-PAIR-MT-RS","","FAMILY_CLASS_INHERITED","UNQUALIFIED","NOT_TESTED","false"
"PS-MATRIX-00080","PS-MAT-AL_6061","PS-MAT-TPU","MT","EL","T","PS-PAIR-MT-EL","PS-MR-003-AB","ROUTE_SEED_ONLY","UNQUALIFIED","NOT_TESTED","false"
"PS-MATRIX-00081","PS-MAT-AL_6061","PS-MAT-PDMS","MT","EL","T","PS-PAIR-MT-EL","","FAMILY_CLASS_INHERITED","UNQUALIFIED","NOT_TESTED","false"
"PS-MATRIX-00082","PS-MAT-AL_6061","PS-MAT-SILICONE_E","MT","EL","T","PS-PAIR-MT-EL","","FAMILY_CLASS_INHERITED","UNQUALIFIED","NOT_TESTED","false"
"PS-MATRIX-00083","PS-MAT-AL_6061","PS-MAT-HYDROGEL_E","MT","EL","T","PS-PAIR-MT-EL","","FAMILY_CLASS_INHERITED","UNQUALIFIED","NOT_TESTED","false"
"PS-MATRIX-00084","PS-MAT-AL_6061","PS-MAT-AG_INK","MT","CI","T","PS-PAIR-MT-CI","","FAMILY_CLASS_INHERITED","UNQUALIFIED","NOT_TESTED","false"
"PS-MATRIX-00085","PS-MAT-AL_6061","PS-MAT-CU_INK","MT","CI","T","PS-PAIR-MT-CI","","FAMILY_CLASS_INHERITED","UNQUALIFIED","NOT_TESTED","false"
"PS-MATRIX-00086","PS-MAT-AL_6061","PS-MAT-CARBON_INK","MT","CI","T","PS-PAIR-MT-CI","","FAMILY_CLASS_INHERITED","UNQUALIFIED","NOT_TESTED","false"
"PS-MATRIX-00087","PS-MAT-AL_6061","PS-MAT-GRAPHENE_INK","MT","CI","T","PS-PAIR-MT-CI","","FAMILY_CLASS_INHERITED","UNQUALIFIED","NOT_TESTED","false"
"PS-MATRIX-00088","PS-MAT-AL_6061","PS-MAT-PEDOT_PSS","MT","CI","T","PS-PAIR-MT-CI","","FAMILY_CLASS_INHERITED","UNQUALIFIED","NOT_TESTED","false"
"PS-MATRIX-00089","PS-MAT-AL_6061","PS-MAT-DIEL_UV","MT","DE","T","PS-PAIR-MT-DE","","FAMILY_CLASS_INHERITED","UNQUALIFIED","NOT_TESTED","false"
"PS-MATRIX-00090","PS-MAT-AL_6061","PS-MAT-DIEL_EPOXY","MT","DE","T","PS-PAIR-MT-DE","","FAMILY_CLASS_INHERITED","UNQUALIFIED","NOT_TESTED","false"
"PS-MATRIX-00091","PS-MAT-AL_6061","PS-MAT-POLYIMIDE","MT","DE","T","PS-PAIR-MT-DE","","FAMILY_CLASS_INHERITED","UNQUALIFIED","NOT_TESTED","false"
"PS-MATRIX-00092","PS-MAT-AL_6061","PS-MAT-PARylene","MT","DE","T","PS-PAIR-MT-DE","","FAMILY_CLASS_INHERITED","UNQUALIFIED","NOT_TESTED","false"
"PS-MATRIX-00093","PS-MAT-AL_6061","PS-MAT-FERRITE_PASTE","MT","MG","T","PS-PAIR-MT-MG","","FAMILY_CLASS_INHERITED","UNQUALIFIED","NOT_TESTED","false"
"PS-MATRIX-00094","PS-MAT-AL_6061","PS-MAT-NDFEB_BONDED","MT","MG","T","PS-PAIR-MT-MG","","FAMILY_CLASS_INHERITED","UNQUALIFIED","NOT_TESTED","false"
"PS-MATRIX-00095","PS-MAT-AL_6061","PS-MAT-IRON_COMPOSITE","MT","MG","T","PS-PAIR-MT-MG","","FAMILY_CLASS_INHERITED","UNQUALIFIED","NOT_TESTED","false"
"PS-MATRIX-00096","PS-MAT-AL_6061","PS-MAT-OPTICAL_RESIN","MT","OP","T","PS-PAIR-MT-OP","","FAMILY_CLASS_INHERITED","UNQUALIFIED","NOT_TESTED","false"
"PS-MATRIX-00097","PS-MAT-AL_6061","PS-MAT-PMMA","MT","OP","T","PS-PAIR-MT-OP","","FAMILY_CLASS_INHERITED","UNQUALIFIED","NOT_TESTED","false"
"PS-MATRIX-00098","PS-MAT-AL_6061","PS-MAT-FUSED_SILICA","MT","OP","T","PS-PAIR-MT-OP","","FAMILY_CLASS_INHERITED","UNQUALIFIED","NOT_TESTED","false"
"PS-MATRIX-00099","PS-MAT-AL_6061","PS-MAT-PHOSPHOR_FILM","MT","OP","T","PS-PAIR-MT-OP","","FAMILY_CLASS_INHERITED","UNQUALIFIED","NOT_TESTED","false"
"PS-MATRIX-00100","PS-MAT-AL_6061","PS-MAT-PVA_SUPPORT","MT","FL","T","PS-PAIR-MT-FL","","FAMILY_CLASS_INHERITED","UNQUALIFIED","NOT_TESTED","false"
"PS-MATRIX-00101","PS-MAT-AL_6061","PS-MAT-WAX_SUPPORT","MT","FL","T","PS-PAIR-MT-FL","","FAMILY_CLASS_INHERITED","UNQUALIFIED","NOT_TESTED","false"
"PS-MATRIX-00102","PS-MAT-AL_6061","PS-MAT-MICROGEL","MT","FL","T","PS-PAIR-MT-FL","","FAMILY_CLASS_INHERITED","UNQUALIFIED","NOT_TESTED","false"
"PS-MATRIX-00103","PS-MAT-AL_6061","PS-MAT-GAS_CAVITY","MT","FL","T","PS-PAIR-MT-FL","","FAMILY_CLASS_INHERITED","UNQUALIFIED","NOT_TESTED","false"
"PS-MATRIX-00104","PS-MAT-AL_6061","PS-MAT-GRAPHITE_ANODE","MT","EC","T","PS-PAIR-MT-EC","","FAMILY_CLASS_INHERITED","UNQUALIFIED","NOT_TESTED","false"
"PS-MATRIX-00105","PS-MAT-AL_6061","PS-MAT-LFP_CATHODE","MT","EC","T","PS-PAIR-MT-EC","","FAMILY_CLASS_INHERITED","UNQUALIFIED","NOT_TESTED","false"
"PS-MATRIX-00106","PS-MAT-AL_6061","PS-MAT-GEL_ELECTROLYTE","MT","EC","T","PS-PAIR-MT-EC","","FAMILY_CLASS_INHERITED","UNQUALIFIED","NOT_TESTED","false"
"PS-MATRIX-00107","PS-MAT-AL_6061","PS-MAT-CARBON_SUPERCAP","MT","EC","T","PS-PAIR-MT-EC","","FAMILY_CLASS_INHERITED","UNQUALIFIED","NOT_TESTED","false"
"PS-MATRIX-00108","PS-MAT-AL_6061","PS-MAT-SILICON_DIE","MT","SC","M","PS-PAIR-MT-SC","","FAMILY_CLASS_INHERITED","UNQUALIFIED","NOT_TESTED","false"
"PS-MATRIX-00109","PS-MAT-AL_6061","PS-MAT-CAMERA_MODULE","MT","SC","M","PS-PAIR-MT-SC","","FAMILY_CLASS_INHERITED","UNQUALIFIED","NOT_TESTED","false"
"PS-MATRIX-00110","PS-MAT-AL_6061","PS-MAT-LED_PACKAGE","MT","SC","M","PS-PAIR-MT-SC","","FAMILY_CLASS_INHERITED","UNQUALIFIED","NOT_TESTED","false"
"PS-MATRIX-00111","PS-MAT-AL_6061","PS-MAT-RF_IC","MT","SC","M","PS-PAIR-MT-SC","","FAMILY_CLASS_INHERITED","UNQUALIFIED","NOT_TESTED","false"
"PS-MATRIX-00112","PS-MAT-AL_6061","PS-MAT-LFP_MODULE","MT","BT","M","PS-PAIR-MT-BT","","FAMILY_CLASS_INHERITED","UNQUALIFIED","NOT_TESTED","false"
"PS-MATRIX-00113","PS-MAT-AL_6061","PS-MAT-LIION_MODULE","MT","BT","M","PS-PAIR-MT-BT","","FAMILY_CLASS_INHERITED","UNQUALIFIED","NOT_TESTED","false"
"PS-MATRIX-00114","PS-MAT-AL_6061","PS-MAT-CAP_BANK","MT","BT","M","PS-PAIR-MT-BT","","FAMILY_CLASS_INHERITED","UNQUALIFIED","NOT_TESTED","false"
"PS-MATRIX-00115","PS-MAT-AL_6061","PS-MAT-ALGINATE","MT","BV","M","PS-PAIR-MT-BV","","FAMILY_CLASS_INHERITED","UNQUALIFIED","NOT_TESTED","false"
"PS-MATRIX-00116","PS-MAT-AL_6061","PS-MAT-GELATIN","MT","BV","M","PS-PAIR-MT-BV","","FAMILY_CLASS_INHERITED","UNQUALIFIED","NOT_TESTED","false"
"PS-MATRIX-00117","PS-MAT-AL_6061","PS-MAT-COLLAGEN","MT","BV","M","PS-PAIR-MT-BV","","FAMILY_CLASS_INHERITED","UNQUALIFIED","NOT_TESTED","false"
"PS-MATRIX-00118","PS-MAT-AL_6061","PS-MAT-CELL_INK","MT","BV","M","PS-PAIR-MT-BV","","FAMILY_CLASS_INHERITED","UNQUALIFIED","NOT_TESTED","false"
"PS-MATRIX-00119","PS-MAT-SS_316L","PS-MAT-CU_OFHC","MT","MT","P","PS-PAIR-MT-MT","","FAMILY_CLASS_INHERITED","UNQUALIFIED","NOT_TESTED","false"
"PS-MATRIX-00120","PS-MAT-SS_316L","PS-MAT-AL_6061","MT","MT","P","PS-PAIR-MT-MT","","FAMILY_CLASS_INHERITED","UNQUALIFIED","NOT_TESTED","false"
"PS-MATRIX-00121","PS-MAT-SS_316L","PS-MAT-SS_316L","MT","MT","P","PS-PAIR-MT-MT","","FAMILY_CLASS_INHERITED","UNQUALIFIED","NOT_TESTED","false"
"PS-MATRIX-00122","PS-MAT-SS_316L","PS-MAT-TI_64","MT","MT","P","PS-PAIR-MT-MT","","FAMILY_CLASS_INHERITED","UNQUALIFIED","NOT_TESTED","false"
"PS-MATRIX-00123","PS-MAT-SS_316L","PS-MAT-NI_ALLOY","MT","MT","P","PS-PAIR-MT-MT","","FAMILY_CLASS_INHERITED","UNQUALIFIED","NOT_TESTED","false"
"PS-MATRIX-00124","PS-MAT-SS_316L","PS-MAT-AG_METAL","MT","MT","P","PS-PAIR-MT-MT","","FAMILY_CLASS_INHERITED","UNQUALIFIED","NOT_TESTED","false"
"PS-MATRIX-00125","PS-MAT-SS_316L","PS-MAT-ALUMINA","MT","CR","T","PS-PAIR-MT-CR","","FAMILY_CLASS_INHERITED","UNQUALIFIED","NOT_TESTED","false"
"PS-MATRIX-00126","PS-MAT-SS_316L","PS-MAT-SILICA","MT","CR","T","PS-PAIR-MT-CR","","FAMILY_CLASS_INHERITED","UNQUALIFIED","NOT_TESTED","false"
"PS-MATRIX-00127","PS-MAT-SS_316L","PS-MAT-ZIRCONIA","MT","CR","T","PS-PAIR-MT-CR","","FAMILY_CLASS_INHERITED","UNQUALIFIED","NOT_TESTED","false"
"PS-MATRIX-00128","PS-MAT-SS_316L","PS-MAT-BT_CERAMIC","MT","CR","T","PS-PAIR-MT-CR","","FAMILY_CLASS_INHERITED","UNQUALIFIED","NOT_TESTED","false"
"PS-MATRIX-00129","PS-MAT-SS_316L","PS-MAT-BN_CERAMIC","MT","CR","T","PS-PAIR-MT-CR","","FAMILY_CLASS_INHERITED","UNQUALIFIED","NOT_TESTED","false"
"PS-MATRIX-00130","PS-MAT-SS_316L","PS-MAT-PLA","MT","TP","T","PS-PAIR-MT-TP","","FAMILY_CLASS_INHERITED","UNQUALIFIED","NOT_TESTED","false"
"PS-MATRIX-00131","PS-MAT-SS_316L","PS-MAT-PETG","MT","TP","T","PS-PAIR-MT-TP","PS-MR-001-AB","ROUTE_SEED_ONLY","UNQUALIFIED","NOT_TESTED","false"
"PS-MATRIX-00132","PS-MAT-SS_316L","PS-MAT-ABS","MT","TP","T","PS-PAIR-MT-TP","","FAMILY_CLASS_INHERITED","UNQUALIFIED","NOT_TESTED","false"
"PS-MATRIX-00133","PS-MAT-SS_316L","PS-MAT-PA12","MT","TP","T","PS-PAIR-MT-TP","","FAMILY_CLASS_INHERITED","UNQUALIFIED","NOT_TESTED","false"
"PS-MATRIX-00134","PS-MAT-SS_316L","PS-MAT-PEEK","MT","TP","T","PS-PAIR-MT-TP","","FAMILY_CLASS_INHERITED","UNQUALIFIED","NOT_TESTED","false"
"PS-MATRIX-00135","PS-MAT-SS_316L","PS-MAT-PP","MT","TP","T","PS-PAIR-MT-TP","","FAMILY_CLASS_INHERITED","UNQUALIFIED","NOT_TESTED","false"
"PS-MATRIX-00136","PS-MAT-SS_316L","PS-MAT-ACRYLATE","MT","RS","T","PS-PAIR-MT-RS","","FAMILY_CLASS_INHERITED","UNQUALIFIED","NOT_TESTED","false"
"PS-MATRIX-00137","PS-MAT-SS_316L","PS-MAT-EPOXY","MT","RS","T","PS-PAIR-MT-RS","","FAMILY_CLASS_INHERITED","UNQUALIFIED","NOT_TESTED","false"
"PS-MATRIX-00138","PS-MAT-SS_316L","PS-MAT-SILICONE_RESIN","MT","RS","T","PS-PAIR-MT-RS","","FAMILY_CLASS_INHERITED","UNQUALIFIED","NOT_TESTED","false"
"PS-MATRIX-00139","PS-MAT-SS_316L","PS-MAT-TPU","MT","EL","T","PS-PAIR-MT-EL","","FAMILY_CLASS_INHERITED","UNQUALIFIED","NOT_TESTED","false"
"PS-MATRIX-00140","PS-MAT-SS_316L","PS-MAT-PDMS","MT","EL","T","PS-PAIR-MT-EL","","FAMILY_CLASS_INHERITED","UNQUALIFIED","NOT_TESTED","false"
"PS-MATRIX-00141","PS-MAT-SS_316L","PS-MAT-SILICONE_E","MT","EL","T","PS-PAIR-MT-EL","","FAMILY_CLASS_INHERITED","UNQUALIFIED","NOT_TESTED","false"
"PS-MATRIX-00142","PS-MAT-SS_316L","PS-MAT-HYDROGEL_E","MT","EL","T","PS-PAIR-MT-EL","","FAMILY_CLASS_INHERITED","UNQUALIFIED","NOT_TESTED","false"
"PS-MATRIX-00143","PS-MAT-SS_316L","PS-MAT-AG_INK","MT","CI","T","PS-PAIR-MT-CI","","FAMILY_CLASS_INHERITED","UNQUALIFIED","NOT_TESTED","false"
"PS-MATRIX-00144","PS-MAT-SS_316L","PS-MAT-CU_INK","MT","CI","T","PS-PAIR-MT-CI","","FAMILY_CLASS_INHERITED","UNQUALIFIED","NOT_TESTED","false"
"PS-MATRIX-00145","PS-MAT-SS_316L","PS-MAT-CARBON_INK","MT","CI","T","PS-PAIR-MT-CI","","FAMILY_CLASS_INHERITED","UNQUALIFIED","NOT_TESTED","false"
"PS-MATRIX-00146","PS-MAT-SS_316L","PS-MAT-GRAPHENE_INK","MT","CI","T","PS-PAIR-MT-CI","","FAMILY_CLASS_INHERITED","UNQUALIFIED","NOT_TESTED","false"
"PS-MATRIX-00147","PS-MAT-SS_316L","PS-MAT-PEDOT_PSS","MT","CI","T","PS-PAIR-MT-CI","","FAMILY_CLASS_INHERITED","UNQUALIFIED","NOT_TESTED","false"
"PS-MATRIX-00148","PS-MAT-SS_316L","PS-MAT-DIEL_UV","MT","DE","T","PS-PAIR-MT-DE","","FAMILY_CLASS_INHERITED","UNQUALIFIED","NOT_TESTED","false"
"PS-MATRIX-00149","PS-MAT-SS_316L","PS-MAT-DIEL_EPOXY","MT","DE","T","PS-PAIR-MT-DE","","FAMILY_CLASS_INHERITED","UNQUALIFIED","NOT_TESTED","false"
"PS-MATRIX-00150","PS-MAT-SS_316L","PS-MAT-POLYIMIDE","MT","DE","T","PS-PAIR-MT-DE","","FAMILY_CLASS_INHERITED","UNQUALIFIED","NOT_TESTED","false"
"PS-MATRIX-00151","PS-MAT-SS_316L","PS-MAT-PARylene","MT","DE","T","PS-PAIR-MT-DE","PS-MR-032-AB","ROUTE_SEED_ONLY","UNQUALIFIED","NOT_TESTED","false"
"PS-MATRIX-00152","PS-MAT-SS_316L","PS-MAT-FERRITE_PASTE","MT","MG","T","PS-PAIR-MT-MG","","FAMILY_CLASS_INHERITED","UNQUALIFIED","NOT_TESTED","false"
"PS-MATRIX-00153","PS-MAT-SS_316L","PS-MAT-NDFEB_BONDED","MT","MG","T","PS-PAIR-MT-MG","","FAMILY_CLASS_INHERITED","UNQUALIFIED","NOT_TESTED","false"
"PS-MATRIX-00154","PS-MAT-SS_316L","PS-MAT-IRON_COMPOSITE","MT","MG","T","PS-PAIR-MT-MG","","FAMILY_CLASS_INHERITED","UNQUALIFIED","NOT_TESTED","false"
"PS-MATRIX-00155","PS-MAT-SS_316L","PS-MAT-OPTICAL_RESIN","MT","OP","T","PS-PAIR-MT-OP","","FAMILY_CLASS_INHERITED","UNQUALIFIED","NOT_TESTED","false"
"PS-MATRIX-00156","PS-MAT-SS_316L","PS-MAT-PMMA","MT","OP","T","PS-PAIR-MT-OP","","FAMILY_CLASS_INHERITED","UNQUALIFIED","NOT_TESTED","false"
"PS-MATRIX-00157","PS-MAT-SS_316L","PS-MAT-FUSED_SILICA","MT","OP","T","PS-PAIR-MT-OP","","FAMILY_CLASS_INHERITED","UNQUALIFIED","NOT_TESTED","false"
"PS-MATRIX-00158","PS-MAT-SS_316L","PS-MAT-PHOSPHOR_FILM","MT","OP","T","PS-PAIR-MT-OP","","FAMILY_CLASS_INHERITED","UNQUALIFIED","NOT_TESTED","false"
"PS-MATRIX-00159","PS-MAT-SS_316L","PS-MAT-PVA_SUPPORT","MT","FL","T","PS-PAIR-MT-FL","","FAMILY_CLASS_INHERITED","UNQUALIFIED","NOT_TESTED","false"
"PS-MATRIX-00160","PS-MAT-SS_316L","PS-MAT-WAX_SUPPORT","MT","FL","T","PS-PAIR-MT-FL","","FAMILY_CLASS_INHERITED","UNQUALIFIED","NOT_TESTED","false"
"PS-MATRIX-00161","PS-MAT-SS_316L","PS-MAT-MICROGEL","MT","FL","T","PS-PAIR-MT-FL","","FAMILY_CLASS_INHERITED","UNQUALIFIED","NOT_TESTED","false"
"PS-MATRIX-00162","PS-MAT-SS_316L","PS-MAT-GAS_CAVITY","MT","FL","T","PS-PAIR-MT-FL","","FAMILY_CLASS_INHERITED","UNQUALIFIED","NOT_TESTED","false"
"PS-MATRIX-00163","PS-MAT-SS_316L","PS-MAT-GRAPHITE_ANODE","MT","EC","T","PS-PAIR-MT-EC","","FAMILY_CLASS_INHERITED","UNQUALIFIED","NOT_TESTED","false"
"PS-MATRIX-00164","PS-MAT-SS_316L","PS-MAT-LFP_CATHODE","MT","EC","T","PS-PAIR-MT-EC","","FAMILY_CLASS_INHERITED","UNQUALIFIED","NOT_TESTED","false"
"PS-MATRIX-00165","PS-MAT-SS_316L","PS-MAT-GEL_ELECTROLYTE","MT","EC","T","PS-PAIR-MT-EC","","FAMILY_CLASS_INHERITED","UNQUALIFIED","NOT_TESTED","false"
"PS-MATRIX-00166","PS-MAT-SS_316L","PS-MAT-CARBON_SUPERCAP","MT","EC","T","PS-PAIR-MT-EC","","FAMILY_CLASS_INHERITED","UNQUALIFIED","NOT_TESTED","false"
"PS-MATRIX-00167","PS-MAT-SS_316L","PS-MAT-SILICON_DIE","MT","SC","M","PS-PAIR-MT-SC","","FAMILY_CLASS_INHERITED","UNQUALIFIED","NOT_TESTED","false"
"PS-MATRIX-00168","PS-MAT-SS_316L","PS-MAT-CAMERA_MODULE","MT","SC","M","PS-PAIR-MT-SC","","FAMILY_CLASS_INHERITED","UNQUALIFIED","NOT_TESTED","false"
"PS-MATRIX-00169","PS-MAT-SS_316L","PS-MAT-LED_PACKAGE","MT","SC","M","PS-PAIR-MT-SC","","FAMILY_CLASS_INHERITED","UNQUALIFIED","NOT_TESTED","false"
"PS-MATRIX-00170","PS-MAT-SS_316L","PS-MAT-RF_IC","MT","SC","M","PS-PAIR-MT-SC","","FAMILY_CLASS_INHERITED","UNQUALIFIED","NOT_TESTED","false"
"PS-MATRIX-00171","PS-MAT-SS_316L","PS-MAT-LFP_MODULE","MT","BT","M","PS-PAIR-MT-BT","","FAMILY_CLASS_INHERITED","UNQUALIFIED","NOT_TESTED","false"
"PS-MATRIX-00172","PS-MAT-SS_316L","PS-MAT-LIION_MODULE","MT","BT","M","PS-PAIR-MT-BT","","FAMILY_CLASS_INHERITED","UNQUALIFIED","NOT_TESTED","false"
"PS-MATRIX-00173","PS-MAT-SS_316L","PS-MAT-CAP_BANK","MT","BT","M","PS-PAIR-MT-BT","","FAMILY_CLASS_INHERITED","UNQUALIFIED","NOT_TESTED","false"
"PS-MATRIX-00174","PS-MAT-SS_316L","PS-MAT-ALGINATE","MT","BV","M","PS-PAIR-MT-BV","","FAMILY_CLASS_INHERITED","UNQUALIFIED","NOT_TESTED","false"
"PS-MATRIX-00175","PS-MAT-SS_316L","PS-MAT-GELATIN","MT","BV","M","PS-PAIR-MT-BV","","FAMILY_CLASS_INHERITED","UNQUALIFIED","NOT_TESTED","false"
"PS-MATRIX-00176","PS-MAT-SS_316L","PS-MAT-COLLAGEN","MT","BV","M","PS-PAIR-MT-BV","","FAMILY_CLASS_INHERITED","UNQUALIFIED","NOT_TESTED","false"
"PS-MATRIX-00177","PS-MAT-SS_316L","PS-MAT-CELL_INK","MT","BV","M","PS-PAIR-MT-BV","","FAMILY_CLASS_INHERITED","UNQUALIFIED","NOT_TESTED","false"
"PS-MATRIX-00178","PS-MAT-TI_64","PS-MAT-CU_OFHC","MT","MT","P","PS-PAIR-MT-MT","","FAMILY_CLASS_INHERITED","UNQUALIFIED","NOT_TESTED","false"
"PS-MATRIX-00179","PS-MAT-TI_64","PS-MAT-AL_6061","MT","MT","P","PS-PAIR-MT-MT","","FAMILY_CLASS_INHERITED","UNQUALIFIED","NOT_TESTED","false"
"PS-MATRIX-00180","PS-MAT-TI_64","PS-MAT-SS_316L","MT","MT","P","PS-PAIR-MT-MT","","FAMILY_CLASS_INHERITED","UNQUALIFIED","NOT_TESTED","false"
"PS-MATRIX-00181","PS-MAT-TI_64","PS-MAT-TI_64","MT","MT","P","PS-PAIR-MT-MT","","FAMILY_CLASS_INHERITED","UNQUALIFIED","NOT_TESTED","false"
"PS-MATRIX-00182","PS-MAT-TI_64","PS-MAT-NI_ALLOY","MT","MT","P","PS-PAIR-MT-MT","","FAMILY_CLASS_INHERITED","UNQUALIFIED","NOT_TESTED","false"
"PS-MATRIX-00183","PS-MAT-TI_64","PS-MAT-AG_METAL","MT","MT","P","PS-PAIR-MT-MT","","FAMILY_CLASS_INHERITED","UNQUALIFIED","NOT_TESTED","false"
"PS-MATRIX-00184","PS-MAT-TI_64","PS-MAT-ALUMINA","MT","CR","T","PS-PAIR-MT-CR","","FAMILY_CLASS_INHERITED","UNQUALIFIED","NOT_TESTED","false"
"PS-MATRIX-00185","PS-MAT-TI_64","PS-MAT-SILICA","MT","CR","T","PS-PAIR-MT-CR","","FAMILY_CLASS_INHERITED","UNQUALIFIED","NOT_TESTED","false"
"PS-MATRIX-00186","PS-MAT-TI_64","PS-MAT-ZIRCONIA","MT","CR","T","PS-PAIR-MT-CR","","FAMILY_CLASS_INHERITED","UNQUALIFIED","NOT_TESTED","false"
"PS-MATRIX-00187","PS-MAT-TI_64","PS-MAT-BT_CERAMIC","MT","CR","T","PS-PAIR-MT-CR","","FAMILY_CLASS_INHERITED","UNQUALIFIED","NOT_TESTED","false"
"PS-MATRIX-00188","PS-MAT-TI_64","PS-MAT-BN_CERAMIC","MT","CR","T","PS-PAIR-MT-CR","","FAMILY_CLASS_INHERITED","UNQUALIFIED","NOT_TESTED","false"
"PS-MATRIX-00189","PS-MAT-TI_64","PS-MAT-PLA","MT","TP","T","PS-PAIR-MT-TP","","FAMILY_CLASS_INHERITED","UNQUALIFIED","NOT_TESTED","false"
"PS-MATRIX-00190","PS-MAT-TI_64","PS-MAT-PETG","MT","TP","T","PS-PAIR-MT-TP","","FAMILY_CLASS_INHERITED","UNQUALIFIED","NOT_TESTED","false"
"PS-MATRIX-00191","PS-MAT-TI_64","PS-MAT-ABS","MT","TP","T","PS-PAIR-MT-TP","","FAMILY_CLASS_INHERITED","UNQUALIFIED","NOT_TESTED","false"
"PS-MATRIX-00192","PS-MAT-TI_64","PS-MAT-PA12","MT","TP","T","PS-PAIR-MT-TP","","FAMILY_CLASS_INHERITED","UNQUALIFIED","NOT_TESTED","false"
"PS-MATRIX-00193","PS-MAT-TI_64","PS-MAT-PEEK","MT","TP","T","PS-PAIR-MT-TP","","FAMILY_CLASS_INHERITED","UNQUALIFIED","NOT_TESTED","false"
"PS-MATRIX-00194","PS-MAT-TI_64","PS-MAT-PP","MT","TP","T","PS-PAIR-MT-TP","","FAMILY_CLASS_INHERITED","UNQUALIFIED","NOT_TESTED","false"
"PS-MATRIX-00195","PS-MAT-TI_64","PS-MAT-ACRYLATE","MT","RS","T","PS-PAIR-MT-RS","","FAMILY_CLASS_INHERITED","UNQUALIFIED","NOT_TESTED","false"
"PS-MATRIX-00196","PS-MAT-TI_64","PS-MAT-EPOXY","MT","RS","T","PS-PAIR-MT-RS","","FAMILY_CLASS_INHERITED","UNQUALIFIED","NOT_TESTED","false"
"PS-MATRIX-00197","PS-MAT-TI_64","PS-MAT-SILICONE_RESIN","MT","RS","T","PS-PAIR-MT-RS","","FAMILY_CLASS_INHERITED","UNQUALIFIED","NOT_TESTED","false"
"PS-MATRIX-00198","PS-MAT-TI_64","PS-MAT-TPU","MT","EL","T","PS-PAIR-MT-EL","","FAMILY_CLASS_INHERITED","UNQUALIFIED","NOT_TESTED","false"
"PS-MATRIX-00199","PS-MAT-TI_64","PS-MAT-PDMS","MT","EL","T","PS-PAIR-MT-EL","","FAMILY_CLASS_INHERITED","UNQUALIFIED","NOT_TESTED","false"
"PS-MATRIX-00200","PS-MAT-TI_64","PS-MAT-SILICONE_E","MT","EL","T","PS-PAIR-MT-EL","","FAMILY_CLASS_INHERITED","UNQUALIFIED","NOT_TESTED","false"
"PS-MATRIX-00201","PS-MAT-TI_64","PS-MAT-HYDROGEL_E","MT","EL","T","PS-PAIR-MT-EL","","FAMILY_CLASS_INHERITED","UNQUALIFIED","NOT_TESTED","false"
"PS-MATRIX-00202","PS-MAT-TI_64","PS-MAT-AG_INK","MT","CI","T","PS-PAIR-MT-CI","","FAMILY_CLASS_INHERITED","UNQUALIFIED","NOT_TESTED","false"
"PS-MATRIX-00203","PS-MAT-TI_64","PS-MAT-CU_INK","MT","CI","T","PS-PAIR-MT-CI","","FAMILY_CLASS_INHERITED","UNQUALIFIED","NOT_TESTED","false"
"PS-MATRIX-00204","PS-MAT-TI_64","PS-MAT-CARBON_INK","MT","CI","T","PS-PAIR-MT-CI","","FAMILY_CLASS_INHERITED","UNQUALIFIED","NOT_TESTED","false"
"PS-MATRIX-00205","PS-MAT-TI_64","PS-MAT-GRAPHENE_INK","MT","CI","T","PS-PAIR-MT-CI","","FAMILY_CLASS_INHERITED","UNQUALIFIED","NOT_TESTED","false"
"PS-MATRIX-00206","PS-MAT-TI_64","PS-MAT-PEDOT_PSS","MT","CI","T","PS-PAIR-MT-CI","","FAMILY_CLASS_INHERITED","UNQUALIFIED","NOT_TESTED","false"
"PS-MATRIX-00207","PS-MAT-TI_64","PS-MAT-DIEL_UV","MT","DE","T","PS-PAIR-MT-DE","","FAMILY_CLASS_INHERITED","UNQUALIFIED","NOT_TESTED","false"
"PS-MATRIX-00208","PS-MAT-TI_64","PS-MAT-DIEL_EPOXY","MT","DE","T","PS-PAIR-MT-DE","","FAMILY_CLASS_INHERITED","UNQUALIFIED","NOT_TESTED","false"
"PS-MATRIX-00209","PS-MAT-TI_64","PS-MAT-POLYIMIDE","MT","DE","T","PS-PAIR-MT-DE","","FAMILY_CLASS_INHERITED","UNQUALIFIED","NOT_TESTED","false"
"PS-MATRIX-00210","PS-MAT-TI_64","PS-MAT-PARylene","MT","DE","T","PS-PAIR-MT-DE","","FAMILY_CLASS_INHERITED","UNQUALIFIED","NOT_TESTED","false"
"PS-MATRIX-00211","PS-MAT-TI_64","PS-MAT-FERRITE_PASTE","MT","MG","T","PS-PAIR-MT-MG","","FAMILY_CLASS_INHERITED","UNQUALIFIED","NOT_TESTED","false"
"PS-MATRIX-00212","PS-MAT-TI_64","PS-MAT-NDFEB_BONDED","MT","MG","T","PS-PAIR-MT-MG","","FAMILY_CLASS_INHERITED","UNQUALIFIED","NOT_TESTED","false"
"PS-MATRIX-00213","PS-MAT-TI_64","PS-MAT-IRON_COMPOSITE","MT","MG","T","PS-PAIR-MT-MG","","FAMILY_CLASS_INHERITED","UNQUALIFIED","NOT_TESTED","false"
"PS-MATRIX-00214","PS-MAT-TI_64","PS-MAT-OPTICAL_RESIN","MT","OP","T","PS-PAIR-MT-OP","","FAMILY_CLASS_INHERITED","UNQUALIFIED","NOT_TESTED","false"
"PS-MATRIX-00215","PS-MAT-TI_64","PS-MAT-PMMA","MT","OP","T","PS-PAIR-MT-OP","","FAMILY_CLASS_INHERITED","UNQUALIFIED","NOT_TESTED","false"
"PS-MATRIX-00216","PS-MAT-TI_64","PS-MAT-FUSED_SILICA","MT","OP","T","PS-PAIR-MT-OP","","FAMILY_CLASS_INHERITED","UNQUALIFIED","NOT_TESTED","false"
"PS-MATRIX-00217","PS-MAT-TI_64","PS-MAT-PHOSPHOR_FILM","MT","OP","T","PS-PAIR-MT-OP","","FAMILY_CLASS_INHERITED","UNQUALIFIED","NOT_TESTED","false"
"PS-MATRIX-00218","PS-MAT-TI_64","PS-MAT-PVA_SUPPORT","MT","FL","T","PS-PAIR-MT-FL","","FAMILY_CLASS_INHERITED","UNQUALIFIED","NOT_TESTED","false"
"PS-MATRIX-00219","PS-MAT-TI_64","PS-MAT-WAX_SUPPORT","MT","FL","T","PS-PAIR-MT-FL","","FAMILY_CLASS_INHERITED","UNQUALIFIED","NOT_TESTED","false"
"PS-MATRIX-00220","PS-MAT-TI_64","PS-MAT-MICROGEL","MT","FL","T","PS-PAIR-MT-FL","","FAMILY_CLASS_INHERITED","UNQUALIFIED","NOT_TESTED","false"
"PS-MATRIX-00221","PS-MAT-TI_64","PS-MAT-GAS_CAVITY","MT","FL","T","PS-PAIR-MT-FL","","FAMILY_CLASS_INHERITED","UNQUALIFIED","NOT_TESTED","false"
"PS-MATRIX-00222","PS-MAT-TI_64","PS-MAT-GRAPHITE_ANODE","MT","EC","T","PS-PAIR-MT-EC","","FAMILY_CLASS_INHERITED","UNQUALIFIED","NOT_TESTED","false"
"PS-MATRIX-00223","PS-MAT-TI_64","PS-MAT-LFP_CATHODE","MT","EC","T","PS-PAIR-MT-EC","","FAMILY_CLASS_INHERITED","UNQUALIFIED","NOT_TESTED","false"
"PS-MATRIX-00224","PS-MAT-TI_64","PS-MAT-GEL_ELECTROLYTE","MT","EC","T","PS-PAIR-MT-EC","","FAMILY_CLASS_INHERITED","UNQUALIFIED","NOT_TESTED","false"
"PS-MATRIX-00225","PS-MAT-TI_64","PS-MAT-CARBON_SUPERCAP","MT","EC","T","PS-PAIR-MT-EC","","FAMILY_CLASS_INHERITED","UNQUALIFIED","NOT_TESTED","false"
"PS-MATRIX-00226","PS-MAT-TI_64","PS-MAT-SILICON_DIE","MT","SC","M","PS-PAIR-MT-SC","","FAMILY_CLASS_INHERITED","UNQUALIFIED","NOT_TESTED","false"
"PS-MATRIX-00227","PS-MAT-TI_64","PS-MAT-CAMERA_MODULE","MT","SC","M","PS-PAIR-MT-SC","","FAMILY_CLASS_INHERITED","UNQUALIFIED","NOT_TESTED","false"
"PS-MATRIX-00228","PS-MAT-TI_64","PS-MAT-LED_PACKAGE","MT","SC","M","PS-PAIR-MT-SC","","FAMILY_CLASS_INHERITED","UNQUALIFIED","NOT_TESTED","false"
"PS-MATRIX-00229","PS-MAT-TI_64","PS-MAT-RF_IC","MT","SC","M","PS-PAIR-MT-SC","","FAMILY_CLASS_INHERITED","UNQUALIFIED","NOT_TESTED","false"
"PS-MATRIX-00230","PS-MAT-TI_64","PS-MAT-LFP_MODULE","MT","BT","M","PS-PAIR-MT-BT","","FAMILY_CLASS_INHERITED","UNQUALIFIED","NOT_TESTED","false"
"PS-MATRIX-00231","PS-MAT-TI_64","PS-MAT-LIION_MODULE","MT","BT","M","PS-PAIR-MT-BT","","FAMILY_CLASS_INHERITED","UNQUALIFIED","NOT_TESTED","false"
"PS-MATRIX-00232","PS-MAT-TI_64","PS-MAT-CAP_BANK","MT","BT","M","PS-PAIR-MT-BT","","FAMILY_CLASS_INHERITED","UNQUALIFIED","NOT_TESTED","false"
"PS-MATRIX-00233","PS-MAT-TI_64","PS-MAT-ALGINATE","MT","BV","M","PS-PAIR-MT-BV","","FAMILY_CLASS_INHERITED","UNQUALIFIED","NOT_TESTED","false"
"PS-MATRIX-00234","PS-MAT-TI_64","PS-MAT-GELATIN","MT","BV","M","PS-PAIR-MT-BV","","FAMILY_CLASS_INHERITED","UNQUALIFIED","NOT_TESTED","false"
"PS-MATRIX-00235","PS-MAT-TI_64","PS-MAT-COLLAGEN","MT","BV","M","PS-PAIR-MT-BV","","FAMILY_CLASS_INHERITED","UNQUALIFIED","NOT_TESTED","false"
"PS-MATRIX-00236","PS-MAT-TI_64","PS-MAT-CELL_INK","MT","BV","M","PS-PAIR-MT-BV","","FAMILY_CLASS_INHERITED","UNQUALIFIED","NOT_TESTED","false"
"PS-MATRIX-00237","PS-MAT-NI_ALLOY","PS-MAT-CU_OFHC","MT","MT","P","PS-PAIR-MT-MT","","FAMILY_CLASS_INHERITED","UNQUALIFIED","NOT_TESTED","false"
"PS-MATRIX-00238","PS-MAT-NI_ALLOY","PS-MAT-AL_6061","MT","MT","P","PS-PAIR-MT-MT","","FAMILY_CLASS_INHERITED","UNQUALIFIED","NOT_TESTED","false"
"PS-MATRIX-00239","PS-MAT-NI_ALLOY","PS-MAT-SS_316L","MT","MT","P","PS-PAIR-MT-MT","","FAMILY_CLASS_INHERITED","UNQUALIFIED","NOT_TESTED","false"
"PS-MATRIX-00240","PS-MAT-NI_ALLOY","PS-MAT-TI_64","MT","MT","P","PS-PAIR-MT-MT","","FAMILY_CLASS_INHERITED","UNQUALIFIED","NOT_TESTED","false"
"PS-MATRIX-00241","PS-MAT-NI_ALLOY","PS-MAT-NI_ALLOY","MT","MT","P","PS-PAIR-MT-MT","","FAMILY_CLASS_INHERITED","UNQUALIFIED","NOT_TESTED","false"
"PS-MATRIX-00242","PS-MAT-NI_ALLOY","PS-MAT-AG_METAL","MT","MT","P","PS-PAIR-MT-MT","","FAMILY_CLASS_INHERITED","UNQUALIFIED","NOT_TESTED","false"
"PS-MATRIX-00243","PS-MAT-NI_ALLOY","PS-MAT-ALUMINA","MT","CR","T","PS-PAIR-MT-CR","","FAMILY_CLASS_INHERITED","UNQUALIFIED","NOT_TESTED","false"
"PS-MATRIX-00244","PS-MAT-NI_ALLOY","PS-MAT-SILICA","MT","CR","T","PS-PAIR-MT-CR","","FAMILY_CLASS_INHERITED","UNQUALIFIED","NOT_TESTED","false"
"PS-MATRIX-00245","PS-MAT-NI_ALLOY","PS-MAT-ZIRCONIA","MT","CR","T","PS-PAIR-MT-CR","","FAMILY_CLASS_INHERITED","UNQUALIFIED","NOT_TESTED","false"
"PS-MATRIX-00246","PS-MAT-NI_ALLOY","PS-MAT-BT_CERAMIC","MT","CR","T","PS-PAIR-MT-CR","","FAMILY_CLASS_INHERITED","UNQUALIFIED","NOT_TESTED","false"
"PS-MATRIX-00247","PS-MAT-NI_ALLOY","PS-MAT-BN_CERAMIC","MT","CR","T","PS-PAIR-MT-CR","","FAMILY_CLASS_INHERITED","UNQUALIFIED","NOT_TESTED","false"
"PS-MATRIX-00248","PS-MAT-NI_ALLOY","PS-MAT-PLA","MT","TP","T","PS-PAIR-MT-TP","","FAMILY_CLASS_INHERITED","UNQUALIFIED","NOT_TESTED","false"
"PS-MATRIX-00249","PS-MAT-NI_ALLOY","PS-MAT-PETG","MT","TP","T","PS-PAIR-MT-TP","","FAMILY_CLASS_INHERITED","UNQUALIFIED","NOT_TESTED","false"
"PS-MATRIX-00250","PS-MAT-NI_ALLOY","PS-MAT-ABS","MT","TP","T","PS-PAIR-MT-TP","","FAMILY_CLASS_INHERITED","UNQUALIFIED","NOT_TESTED","false"
"PS-MATRIX-00251","PS-MAT-NI_ALLOY","PS-MAT-PA12","MT","TP","T","PS-PAIR-MT-TP","","FAMILY_CLASS_INHERITED","UNQUALIFIED","NOT_TESTED","false"
"PS-MATRIX-00252","PS-MAT-NI_ALLOY","PS-MAT-PEEK","MT","TP","T","PS-PAIR-MT-TP","","FAMILY_CLASS_INHERITED","UNQUALIFIED","NOT_TESTED","false"
"PS-MATRIX-00253","PS-MAT-NI_ALLOY","PS-MAT-PP","MT","TP","T","PS-PAIR-MT-TP","","FAMILY_CLASS_INHERITED","UNQUALIFIED","NOT_TESTED","false"
"PS-MATRIX-00254","PS-MAT-NI_ALLOY","PS-MAT-ACRYLATE","MT","RS","T","PS-PAIR-MT-RS","","FAMILY_CLASS_INHERITED","UNQUALIFIED","NOT_TESTED","false"
"PS-MATRIX-00255","PS-MAT-NI_ALLOY","PS-MAT-EPOXY","MT","RS","T","PS-PAIR-MT-RS","","FAMILY_CLASS_INHERITED","UNQUALIFIED","NOT_TESTED","false"
"PS-MATRIX-00256","PS-MAT-NI_ALLOY","PS-MAT-SILICONE_RESIN","MT","RS","T","PS-PAIR-MT-RS","","FAMILY_CLASS_INHERITED","UNQUALIFIED","NOT_TESTED","false"
"PS-MATRIX-00257","PS-MAT-NI_ALLOY","PS-MAT-TPU","MT","EL","T","PS-PAIR-MT-EL","","FAMILY_CLASS_INHERITED","UNQUALIFIED","NOT_TESTED","false"
"PS-MATRIX-00258","PS-MAT-NI_ALLOY","PS-MAT-PDMS","MT","EL","T","PS-PAIR-MT-EL","","FAMILY_CLASS_INHERITED","UNQUALIFIED","NOT_TESTED","false"
"PS-MATRIX-00259","PS-MAT-NI_ALLOY","PS-MAT-SILICONE_E","MT","EL","T","PS-PAIR-MT-EL","","FAMILY_CLASS_INHERITED","UNQUALIFIED","NOT_TESTED","false"
"PS-MATRIX-00260","PS-MAT-NI_ALLOY","PS-MAT-HYDROGEL_E","MT","EL","T","PS-PAIR-MT-EL","","FAMILY_CLASS_INHERITED","UNQUALIFIED","NOT_TESTED","false"
"PS-MATRIX-00261","PS-MAT-NI_ALLOY","PS-MAT-AG_INK","MT","CI","T","PS-PAIR-MT-CI","","FAMILY_CLASS_INHERITED","UNQUALIFIED","NOT_TESTED","false"
"PS-MATRIX-00262","PS-MAT-NI_ALLOY","PS-MAT-CU_INK","MT","CI","T","PS-PAIR-MT-CI","","FAMILY_CLASS_INHERITED","UNQUALIFIED","NOT_TESTED","false"
"PS-MATRIX-00263","PS-MAT-NI_ALLOY","PS-MAT-CARBON_INK","MT","CI","T","PS-PAIR-MT-CI","","FAMILY_CLASS_INHERITED","UNQUALIFIED","NOT_TESTED","false"
"PS-MATRIX-00264","PS-MAT-NI_ALLOY","PS-MAT-GRAPHENE_INK","MT","CI","T","PS-PAIR-MT-CI","","FAMILY_CLASS_INHERITED","UNQUALIFIED","NOT_TESTED","false"
"PS-MATRIX-00265","PS-MAT-NI_ALLOY","PS-MAT-PEDOT_PSS","MT","CI","T","PS-PAIR-MT-CI","","FAMILY_CLASS_INHERITED","UNQUALIFIED","NOT_TESTED","false"
"PS-MATRIX-00266","PS-MAT-NI_ALLOY","PS-MAT-DIEL_UV","MT","DE","T","PS-PAIR-MT-DE","","FAMILY_CLASS_INHERITED","UNQUALIFIED","NOT_TESTED","false"
"PS-MATRIX-00267","PS-MAT-NI_ALLOY","PS-MAT-DIEL_EPOXY","MT","DE","T","PS-PAIR-MT-DE","","FAMILY_CLASS_INHERITED","UNQUALIFIED","NOT_TESTED","false"
"PS-MATRIX-00268","PS-MAT-NI_ALLOY","PS-MAT-POLYIMIDE","MT","DE","T","PS-PAIR-MT-DE","","FAMILY_CLASS_INHERITED","UNQUALIFIED","NOT_TESTED","false"
"PS-MATRIX-00269","PS-MAT-NI_ALLOY","PS-MAT-PARylene","MT","DE","T","PS-PAIR-MT-DE","","FAMILY_CLASS_INHERITED","UNQUALIFIED","NOT_TESTED","false"
"PS-MATRIX-00270","PS-MAT-NI_ALLOY","PS-MAT-FERRITE_PASTE","MT","MG","T","PS-PAIR-MT-MG","","FAMILY_CLASS_INHERITED","UNQUALIFIED","NOT_TESTED","false"
"PS-MATRIX-00271","PS-MAT-NI_ALLOY","PS-MAT-NDFEB_BONDED","MT","MG","T","PS-PAIR-MT-MG","","FAMILY_CLASS_INHERITED","UNQUALIFIED","NOT_TESTED","false"
"PS-MATRIX-00272","PS-MAT-NI_ALLOY","PS-MAT-IRON_COMPOSITE","MT","MG","T","PS-PAIR-MT-MG","","FAMILY_CLASS_INHERITED","UNQUALIFIED","NOT_TESTED","false"
"PS-MATRIX-00273","PS-MAT-NI_ALLOY","PS-MAT-OPTICAL_RESIN","MT","OP","T","PS-PAIR-MT-OP","","FAMILY_CLASS_INHERITED","UNQUALIFIED","NOT_TESTED","false"
"PS-MATRIX-00274","PS-MAT-NI_ALLOY","PS-MAT-PMMA","MT","OP","T","PS-PAIR-MT-OP","","FAMILY_CLASS_INHERITED","UNQUALIFIED","NOT_TESTED","false"
"PS-MATRIX-00275","PS-MAT-NI_ALLOY","PS-MAT-FUSED_SILICA","MT","OP","T","PS-PAIR-MT-OP","","FAMILY_CLASS_INHERITED","UNQUALIFIED","NOT_TESTED","false"
"PS-MATRIX-00276","PS-MAT-NI_ALLOY","PS-MAT-PHOSPHOR_FILM","MT","OP","T","PS-PAIR-MT-OP","","FAMILY_CLASS_INHERITED","UNQUALIFIED","NOT_TESTED","false"
"PS-MATRIX-00277","PS-MAT-NI_ALLOY","PS-MAT-PVA_SUPPORT","MT","FL","T","PS-PAIR-MT-FL","","FAMILY_CLASS_INHERITED","UNQUALIFIED","NOT_TESTED","false"
"PS-MATRIX-00278","PS-MAT-NI_ALLOY","PS-MAT-WAX_SUPPORT","MT","FL","T","PS-PAIR-MT-FL","","FAMILY_CLASS_INHERITED","UNQUALIFIED","NOT_TESTED","false"
"PS-MATRIX-00279","PS-MAT-NI_ALLOY","PS-MAT-MICROGEL","MT","FL","T","PS-PAIR-MT-FL","","FAMILY_CLASS_INHERITED","UNQUALIFIED","NOT_TESTED","false"
"PS-MATRIX-00280","PS-MAT-NI_ALLOY","PS-MAT-GAS_CAVITY","MT","FL","T","PS-PAIR-MT-FL","","FAMILY_CLASS_INHERITED","UNQUALIFIED","NOT_TESTED","false"
"PS-MATRIX-00281","PS-MAT-NI_ALLOY","PS-MAT-GRAPHITE_ANODE","MT","EC","T","PS-PAIR-MT-EC","","FAMILY_CLASS_INHERITED","UNQUALIFIED","NOT_TESTED","false"
"PS-MATRIX-00282","PS-MAT-NI_ALLOY","PS-MAT-LFP_CATHODE","MT","EC","T","PS-PAIR-MT-EC","","FAMILY_CLASS_INHERITED","UNQUALIFIED","NOT_TESTED","false"
"PS-MATRIX-00283","PS-MAT-NI_ALLOY","PS-MAT-GEL_ELECTROLYTE","MT","EC","T","PS-PAIR-MT-EC","","FAMILY_CLASS_INHERITED","UNQUALIFIED","NOT_TESTED","false"
"PS-MATRIX-00284","PS-MAT-NI_ALLOY","PS-MAT-CARBON_SUPERCAP","MT","EC","T","PS-PAIR-MT-EC","","FAMILY_CLASS_INHERITED","UNQUALIFIED","NOT_TESTED","false"
"PS-MATRIX-00285","PS-MAT-NI_ALLOY","PS-MAT-SILICON_DIE","MT","SC","M","PS-PAIR-MT-SC","","FAMILY_CLASS_INHERITED","UNQUALIFIED","NOT_TESTED","false"
"PS-MATRIX-00286","PS-MAT-NI_ALLOY","PS-MAT-CAMERA_MODULE","MT","SC","M","PS-PAIR-MT-SC","","FAMILY_CLASS_INHERITED","UNQUALIFIED","NOT_TESTED","false"
"PS-MATRIX-00287","PS-MAT-NI_ALLOY","PS-MAT-LED_PACKAGE","MT","SC","M","PS-PAIR-MT-SC","","FAMILY_CLASS_INHERITED","UNQUALIFIED","NOT_TESTED","false"
"PS-MATRIX-00288","PS-MAT-NI_ALLOY","PS-MAT-RF_IC","MT","SC","M","PS-PAIR-MT-SC","","FAMILY_CLASS_INHERITED","UNQUALIFIED","NOT_TESTED","false"
"PS-MATRIX-00289","PS-MAT-NI_ALLOY","PS-MAT-LFP_MODULE","MT","BT","M","PS-PAIR-MT-BT","","FAMILY_CLASS_INHERITED","UNQUALIFIED","NOT_TESTED","false"
"PS-MATRIX-00290","PS-MAT-NI_ALLOY","PS-MAT-LIION_MODULE","MT","BT","M","PS-PAIR-MT-BT","","FAMILY_CLASS_INHERITED","UNQUALIFIED","NOT_TESTED","false"
"PS-MATRIX-00291","PS-MAT-NI_ALLOY","PS-MAT-CAP_BANK","MT","BT","M","PS-PAIR-MT-BT","","FAMILY_CLASS_INHERITED","UNQUALIFIED","NOT_TESTED","false"
"PS-MATRIX-00292","PS-MAT-NI_ALLOY","PS-MAT-ALGINATE","MT","BV","M","PS-PAIR-MT-BV","","FAMILY_CLASS_INHERITED","UNQUALIFIED","NOT_TESTED","false"
"PS-MATRIX-00293","PS-MAT-NI_ALLOY","PS-MAT-GELATIN","MT","BV","M","PS-PAIR-MT-BV","","FAMILY_CLASS_INHERITED","UNQUALIFIED","NOT_TESTED","false"
"PS-MATRIX-00294","PS-MAT-NI_ALLOY","PS-MAT-COLLAGEN","MT","BV","M","PS-PAIR-MT-BV","","FAMILY_CLASS_INHERITED","UNQUALIFIED","NOT_TESTED","false"
"PS-MATRIX-00295","PS-MAT-NI_ALLOY","PS-MAT-CELL_INK","MT","BV","M","PS-PAIR-MT-BV","","FAMILY_CLASS_INHERITED","UNQUALIFIED","NOT_TESTED","false"
"PS-MATRIX-00296","PS-MAT-AG_METAL","PS-MAT-CU_OFHC","MT","MT","P","PS-PAIR-MT-MT","","FAMILY_CLASS_INHERITED","UNQUALIFIED","NOT_TESTED","false"
"PS-MATRIX-00297","PS-MAT-AG_METAL","PS-MAT-AL_6061","MT","MT","P","PS-PAIR-MT-MT","","FAMILY_CLASS_INHERITED","UNQUALIFIED","NOT_TESTED","false"
"PS-MATRIX-00298","PS-MAT-AG_METAL","PS-MAT-SS_316L","MT","MT","P","PS-PAIR-MT-MT","","FAMILY_CLASS_INHERITED","UNQUALIFIED","NOT_TESTED","false"
"PS-MATRIX-00299","PS-MAT-AG_METAL","PS-MAT-TI_64","MT","MT","P","PS-PAIR-MT-MT","","FAMILY_CLASS_INHERITED","UNQUALIFIED","NOT_TESTED","false"
"PS-MATRIX-00300","PS-MAT-AG_METAL","PS-MAT-NI_ALLOY","MT","MT","P","PS-PAIR-MT-MT","","FAMILY_CLASS_INHERITED","UNQUALIFIED","NOT_TESTED","false"
"PS-MATRIX-00301","PS-MAT-AG_METAL","PS-MAT-AG_METAL","MT","MT","P","PS-PAIR-MT-MT","","FAMILY_CLASS_INHERITED","UNQUALIFIED","NOT_TESTED","false"
"PS-MATRIX-00302","PS-MAT-AG_METAL","PS-MAT-ALUMINA","MT","CR","T","PS-PAIR-MT-CR","","FAMILY_CLASS_INHERITED","UNQUALIFIED","NOT_TESTED","false"
"PS-MATRIX-00303","PS-MAT-AG_METAL","PS-MAT-SILICA","MT","CR","T","PS-PAIR-MT-CR","","FAMILY_CLASS_INHERITED","UNQUALIFIED","NOT_TESTED","false"
"PS-MATRIX-00304","PS-MAT-AG_METAL","PS-MAT-ZIRCONIA","MT","CR","T","PS-PAIR-MT-CR","","FAMILY_CLASS_INHERITED","UNQUALIFIED","NOT_TESTED","false"
"PS-MATRIX-00305","PS-MAT-AG_METAL","PS-MAT-BT_CERAMIC","MT","CR","T","PS-PAIR-MT-CR","","FAMILY_CLASS_INHERITED","UNQUALIFIED","NOT_TESTED","false"
"PS-MATRIX-00306","PS-MAT-AG_METAL","PS-MAT-BN_CERAMIC","MT","CR","T","PS-PAIR-MT-CR","","FAMILY_CLASS_INHERITED","UNQUALIFIED","NOT_TESTED","false"
"PS-MATRIX-00307","PS-MAT-AG_METAL","PS-MAT-PLA","MT","TP","T","PS-PAIR-MT-TP","","FAMILY_CLASS_INHERITED","UNQUALIFIED","NOT_TESTED","false"
"PS-MATRIX-00308","PS-MAT-AG_METAL","PS-MAT-PETG","MT","TP","T","PS-PAIR-MT-TP","","FAMILY_CLASS_INHERITED","UNQUALIFIED","NOT_TESTED","false"
"PS-MATRIX-00309","PS-MAT-AG_METAL","PS-MAT-ABS","MT","TP","T","PS-PAIR-MT-TP","","FAMILY_CLASS_INHERITED","UNQUALIFIED","NOT_TESTED","false"
"PS-MATRIX-00310","PS-MAT-AG_METAL","PS-MAT-PA12","MT","TP","T","PS-PAIR-MT-TP","","FAMILY_CLASS_INHERITED","UNQUALIFIED","NOT_TESTED","false"
"PS-MATRIX-00311","PS-MAT-AG_METAL","PS-MAT-PEEK","MT","TP","T","PS-PAIR-MT-TP","","FAMILY_CLASS_INHERITED","UNQUALIFIED","NOT_TESTED","false"
"PS-MATRIX-00312","PS-MAT-AG_METAL","PS-MAT-PP","MT","TP","T","PS-PAIR-MT-TP","","FAMILY_CLASS_INHERITED","UNQUALIFIED","NOT_TESTED","false"
"PS-MATRIX-00313","PS-MAT-AG_METAL","PS-MAT-ACRYLATE","MT","RS","T","PS-PAIR-MT-RS","","FAMILY_CLASS_INHERITED","UNQUALIFIED","NOT_TESTED","false"
"PS-MATRIX-00314","PS-MAT-AG_METAL","PS-MAT-EPOXY","MT","RS","T","PS-PAIR-MT-RS","","FAMILY_CLASS_INHERITED","UNQUALIFIED","NOT_TESTED","false"
"PS-MATRIX-00315","PS-MAT-AG_METAL","PS-MAT-SILICONE_RESIN","MT","RS","T","PS-PAIR-MT-RS","","FAMILY_CLASS_INHERITED","UNQUALIFIED","NOT_TESTED","false"
"PS-MATRIX-00316","PS-MAT-AG_METAL","PS-MAT-TPU","MT","EL","T","PS-PAIR-MT-EL","","FAMILY_CLASS_INHERITED","UNQUALIFIED","NOT_TESTED","false"
"PS-MATRIX-00317","PS-MAT-AG_METAL","PS-MAT-PDMS","MT","EL","T","PS-PAIR-MT-EL","","FAMILY_CLASS_INHERITED","UNQUALIFIED","NOT_TESTED","false"
"PS-MATRIX-00318","PS-MAT-AG_METAL","PS-MAT-SILICONE_E","MT","EL","T","PS-PAIR-MT-EL","","FAMILY_CLASS_INHERITED","UNQUALIFIED","NOT_TESTED","false"
"PS-MATRIX-00319","PS-MAT-AG_METAL","PS-MAT-HYDROGEL_E","MT","EL","T","PS-PAIR-MT-EL","","FAMILY_CLASS_INHERITED","UNQUALIFIED","NOT_TESTED","false"
"PS-MATRIX-00320","PS-MAT-AG_METAL","PS-MAT-AG_INK","MT","CI","T","PS-PAIR-MT-CI","","FAMILY_CLASS_INHERITED","UNQUALIFIED","NOT_TESTED","false"
"PS-MATRIX-00321","PS-MAT-AG_METAL","PS-MAT-CU_INK","MT","CI","T","PS-PAIR-MT-CI","","FAMILY_CLASS_INHERITED","UNQUALIFIED","NOT_TESTED","false"
"PS-MATRIX-00322","PS-MAT-AG_METAL","PS-MAT-CARBON_INK","MT","CI","T","PS-PAIR-MT-CI","","FAMILY_CLASS_INHERITED","UNQUALIFIED","NOT_TESTED","false"
"PS-MATRIX-00323","PS-MAT-AG_METAL","PS-MAT-GRAPHENE_INK","MT","CI","T","PS-PAIR-MT-CI","","FAMILY_CLASS_INHERITED","UNQUALIFIED","NOT_TESTED","false"
"PS-MATRIX-00324","PS-MAT-AG_METAL","PS-MAT-PEDOT_PSS","MT","CI","T","PS-PAIR-MT-CI","","FAMILY_CLASS_INHERITED","UNQUALIFIED","NOT_TESTED","false"
"PS-MATRIX-00325","PS-MAT-AG_METAL","PS-MAT-DIEL_UV","MT","DE","T","PS-PAIR-MT-DE","","FAMILY_CLASS_INHERITED","UNQUALIFIED","NOT_TESTED","false"
"PS-MATRIX-00326","PS-MAT-AG_METAL","PS-MAT-DIEL_EPOXY","MT","DE","T","PS-PAIR-MT-DE","","FAMILY_CLASS_INHERITED","UNQUALIFIED","NOT_TESTED","false"
"PS-MATRIX-00327","PS-MAT-AG_METAL","PS-MAT-POLYIMIDE","MT","DE","T","PS-PAIR-MT-DE","","FAMILY_CLASS_INHERITED","UNQUALIFIED","NOT_TESTED","false"
"PS-MATRIX-00328","PS-MAT-AG_METAL","PS-MAT-PARylene","MT","DE","T","PS-PAIR-MT-DE","","FAMILY_CLASS_INHERITED","UNQUALIFIED","NOT_TESTED","false"
"PS-MATRIX-00329","PS-MAT-AG_METAL","PS-MAT-FERRITE_PASTE","MT","MG","T","PS-PAIR-MT-MG","","FAMILY_CLASS_INHERITED","UNQUALIFIED","NOT_TESTED","false"
"PS-MATRIX-00330","PS-MAT-AG_METAL","PS-MAT-NDFEB_BONDED","MT","MG","T","PS-PAIR-MT-MG","","FAMILY_CLASS_INHERITED","UNQUALIFIED","NOT_TESTED","false"
"PS-MATRIX-00331","PS-MAT-AG_METAL","PS-MAT-IRON_COMPOSITE","MT","MG","T","PS-PAIR-MT-MG","","FAMILY_CLASS_INHERITED","UNQUALIFIED","NOT_TESTED","false"
"PS-MATRIX-00332","PS-MAT-AG_METAL","PS-MAT-OPTICAL_RESIN","MT","OP","T","PS-PAIR-MT-OP","","FAMILY_CLASS_INHERITED","UNQUALIFIED","NOT_TESTED","false"
"PS-MATRIX-00333","PS-MAT-AG_METAL","PS-MAT-PMMA","MT","OP","T","PS-PAIR-MT-OP","","FAMILY_CLASS_INHERITED","UNQUALIFIED","NOT_TESTED","false"
"PS-MATRIX-00334","PS-MAT-AG_METAL","PS-MAT-FUSED_SILICA","MT","OP","T","PS-PAIR-MT-OP","","FAMILY_CLASS_INHERITED","UNQUALIFIED","NOT_TESTED","false"
"PS-MATRIX-00335","PS-MAT-AG_METAL","PS-MAT-PHOSPHOR_FILM","MT","OP","T","PS-PAIR-MT-OP","","FAMILY_CLASS_INHERITED","UNQUALIFIED","NOT_TESTED","false"
"PS-MATRIX-00336","PS-MAT-AG_METAL","PS-MAT-PVA_SUPPORT","MT","FL","T","PS-PAIR-MT-FL","","FAMILY_CLASS_INHERITED","UNQUALIFIED","NOT_TESTED","false"
"PS-MATRIX-00337","PS-MAT-AG_METAL","PS-MAT-WAX_SUPPORT","MT","FL","T","PS-PAIR-MT-FL","","FAMILY_CLASS_INHERITED","UNQUALIFIED","NOT_TESTED","false"
"PS-MATRIX-00338","PS-MAT-AG_METAL","PS-MAT-MICROGEL","MT","FL","T","PS-PAIR-MT-FL","","FAMILY_CLASS_INHERITED","UNQUALIFIED","NOT_TESTED","false"
"PS-MATRIX-00339","PS-MAT-AG_METAL","PS-MAT-GAS_CAVITY","MT","FL","T","PS-PAIR-MT-FL","","FAMILY_CLASS_INHERITED","UNQUALIFIED","NOT_TESTED","false"
"PS-MATRIX-00340","PS-MAT-AG_METAL","PS-MAT-GRAPHITE_ANODE","MT","EC","T","PS-PAIR-MT-EC","","FAMILY_CLASS_INHERITED","UNQUALIFIED","NOT_TESTED","false"
"PS-MATRIX-00341","PS-MAT-AG_METAL","PS-MAT-LFP_CATHODE","MT","EC","T","PS-PAIR-MT-EC","","FAMILY_CLASS_INHERITED","UNQUALIFIED","NOT_TESTED","false"
"PS-MATRIX-00342","PS-MAT-AG_METAL","PS-MAT-GEL_ELECTROLYTE","MT","EC","T","PS-PAIR-MT-EC","","FAMILY_CLASS_INHERITED","UNQUALIFIED","NOT_TESTED","false"
"PS-MATRIX-00343","PS-MAT-AG_METAL","PS-MAT-CARBON_SUPERCAP","MT","EC","T","PS-PAIR-MT-EC","","FAMILY_CLASS_INHERITED","UNQUALIFIED","NOT_TESTED","false"
"PS-MATRIX-00344","PS-MAT-AG_METAL","PS-MAT-SILICON_DIE","MT","SC","M","PS-PAIR-MT-SC","","FAMILY_CLASS_INHERITED","UNQUALIFIED","NOT_TESTED","false"
"PS-MATRIX-00345","PS-MAT-AG_METAL","PS-MAT-CAMERA_MODULE","MT","SC","M","PS-PAIR-MT-SC","","FAMILY_CLASS_INHERITED","UNQUALIFIED","NOT_TESTED","false"
"PS-MATRIX-00346","PS-MAT-AG_METAL","PS-MAT-LED_PACKAGE","MT","SC","M","PS-PAIR-MT-SC","","FAMILY_CLASS_INHERITED","UNQUALIFIED","NOT_TESTED","false"
"PS-MATRIX-00347","PS-MAT-AG_METAL","PS-MAT-RF_IC","MT","SC","M","PS-PAIR-MT-SC","","FAMILY_CLASS_INHERITED","UNQUALIFIED","NOT_TESTED","false"
"PS-MATRIX-00348","PS-MAT-AG_METAL","PS-MAT-LFP_MODULE","MT","BT","M","PS-PAIR-MT-BT","","FAMILY_CLASS_INHERITED","UNQUALIFIED","NOT_TESTED","false"
"PS-MATRIX-00349","PS-MAT-AG_METAL","PS-MAT-LIION_MODULE","MT","BT","M","PS-PAIR-MT-BT","","FAMILY_CLASS_INHERITED","UNQUALIFIED","NOT_TESTED","false"
"PS-MATRIX-00350","PS-MAT-AG_METAL","PS-MAT-CAP_BANK","MT","BT","M","PS-PAIR-MT-BT","","FAMILY_CLASS_INHERITED","UNQUALIFIED","NOT_TESTED","false"
"PS-MATRIX-00351","PS-MAT-AG_METAL","PS-MAT-ALGINATE","MT","BV","M","PS-PAIR-MT-BV","","FAMILY_CLASS_INHERITED","UNQUALIFIED","NOT_TESTED","false"
"PS-MATRIX-00352","PS-MAT-AG_METAL","PS-MAT-GELATIN","MT","BV","M","PS-PAIR-MT-BV","","FAMILY_CLASS_INHERITED","UNQUALIFIED","NOT_TESTED","false"
"PS-MATRIX-00353","PS-MAT-AG_METAL","PS-MAT-COLLAGEN","MT","BV","M","PS-PAIR-MT-BV","","FAMILY_CLASS_INHERITED","UNQUALIFIED","NOT_TESTED","false"
"PS-MATRIX-00354","PS-MAT-AG_METAL","PS-MAT-CELL_INK","MT","BV","M","PS-PAIR-MT-BV","","FAMILY_CLASS_INHERITED","UNQUALIFIED","NOT_TESTED","false"
"PS-MATRIX-00355","PS-MAT-ALUMINA","PS-MAT-CU_OFHC","CR","MT","T","PS-PAIR-CR-MT","","FAMILY_CLASS_INHERITED","UNQUALIFIED","NOT_TESTED","false"
"PS-MATRIX-00356","PS-MAT-ALUMINA","PS-MAT-AL_6061","CR","MT","T","PS-PAIR-CR-MT","","FAMILY_CLASS_INHERITED","UNQUALIFIED","NOT_TESTED","false"
"PS-MATRIX-00357","PS-MAT-ALUMINA","PS-MAT-SS_316L","CR","MT","T","PS-PAIR-CR-MT","","FAMILY_CLASS_INHERITED","UNQUALIFIED","NOT_TESTED","false"
"PS-MATRIX-00358","PS-MAT-ALUMINA","PS-MAT-TI_64","CR","MT","T","PS-PAIR-CR-MT","","FAMILY_CLASS_INHERITED","UNQUALIFIED","NOT_TESTED","false"
"PS-MATRIX-00359","PS-MAT-ALUMINA","PS-MAT-NI_ALLOY","CR","MT","T","PS-PAIR-CR-MT","","FAMILY_CLASS_INHERITED","UNQUALIFIED","NOT_TESTED","false"
"PS-MATRIX-00360","PS-MAT-ALUMINA","PS-MAT-AG_METAL","CR","MT","T","PS-PAIR-CR-MT","","FAMILY_CLASS_INHERITED","UNQUALIFIED","NOT_TESTED","false"
"PS-MATRIX-00361","PS-MAT-ALUMINA","PS-MAT-ALUMINA","CR","CR","P","PS-PAIR-CR-CR","","FAMILY_CLASS_INHERITED","UNQUALIFIED","NOT_TESTED","false"
"PS-MATRIX-00362","PS-MAT-ALUMINA","PS-MAT-SILICA","CR","CR","P","PS-PAIR-CR-CR","","FAMILY_CLASS_INHERITED","UNQUALIFIED","NOT_TESTED","false"
"PS-MATRIX-00363","PS-MAT-ALUMINA","PS-MAT-ZIRCONIA","CR","CR","P","PS-PAIR-CR-CR","","FAMILY_CLASS_INHERITED","UNQUALIFIED","NOT_TESTED","false"
"PS-MATRIX-00364","PS-MAT-ALUMINA","PS-MAT-BT_CERAMIC","CR","CR","P","PS-PAIR-CR-CR","","FAMILY_CLASS_INHERITED","UNQUALIFIED","NOT_TESTED","false"
"PS-MATRIX-00365","PS-MAT-ALUMINA","PS-MAT-BN_CERAMIC","CR","CR","P","PS-PAIR-CR-CR","","FAMILY_CLASS_INHERITED","UNQUALIFIED","NOT_TESTED","false"
"PS-MATRIX-00366","PS-MAT-ALUMINA","PS-MAT-PLA","CR","TP","T","PS-PAIR-CR-TP","","FAMILY_CLASS_INHERITED","UNQUALIFIED","NOT_TESTED","false"
"PS-MATRIX-00367","PS-MAT-ALUMINA","PS-MAT-PETG","CR","TP","T","PS-PAIR-CR-TP","","FAMILY_CLASS_INHERITED","UNQUALIFIED","NOT_TESTED","false"
"PS-MATRIX-00368","PS-MAT-ALUMINA","PS-MAT-ABS","CR","TP","T","PS-PAIR-CR-TP","","FAMILY_CLASS_INHERITED","UNQUALIFIED","NOT_TESTED","false"
"PS-MATRIX-00369","PS-MAT-ALUMINA","PS-MAT-PA12","CR","TP","T","PS-PAIR-CR-TP","","FAMILY_CLASS_INHERITED","UNQUALIFIED","NOT_TESTED","false"
"PS-MATRIX-00370","PS-MAT-ALUMINA","PS-MAT-PEEK","CR","TP","T","PS-PAIR-CR-TP","","FAMILY_CLASS_INHERITED","UNQUALIFIED","NOT_TESTED","false"
"PS-MATRIX-00371","PS-MAT-ALUMINA","PS-MAT-PP","CR","TP","T","PS-PAIR-CR-TP","","FAMILY_CLASS_INHERITED","UNQUALIFIED","NOT_TESTED","false"
"PS-MATRIX-00372","PS-MAT-ALUMINA","PS-MAT-ACRYLATE","CR","RS","T","PS-PAIR-CR-RS","","FAMILY_CLASS_INHERITED","UNQUALIFIED","NOT_TESTED","false"
"PS-MATRIX-00373","PS-MAT-ALUMINA","PS-MAT-EPOXY","CR","RS","T","PS-PAIR-CR-RS","","FAMILY_CLASS_INHERITED","UNQUALIFIED","NOT_TESTED","false"
"PS-MATRIX-00374","PS-MAT-ALUMINA","PS-MAT-SILICONE_RESIN","CR","RS","T","PS-PAIR-CR-RS","","FAMILY_CLASS_INHERITED","UNQUALIFIED","NOT_TESTED","false"
"PS-MATRIX-00375","PS-MAT-ALUMINA","PS-MAT-TPU","CR","EL","T","PS-PAIR-CR-EL","","FAMILY_CLASS_INHERITED","UNQUALIFIED","NOT_TESTED","false"
"PS-MATRIX-00376","PS-MAT-ALUMINA","PS-MAT-PDMS","CR","EL","T","PS-PAIR-CR-EL","","FAMILY_CLASS_INHERITED","UNQUALIFIED","NOT_TESTED","false"
"PS-MATRIX-00377","PS-MAT-ALUMINA","PS-MAT-SILICONE_E","CR","EL","T","PS-PAIR-CR-EL","","FAMILY_CLASS_INHERITED","UNQUALIFIED","NOT_TESTED","false"
"PS-MATRIX-00378","PS-MAT-ALUMINA","PS-MAT-HYDROGEL_E","CR","EL","T","PS-PAIR-CR-EL","","FAMILY_CLASS_INHERITED","UNQUALIFIED","NOT_TESTED","false"
"PS-MATRIX-00379","PS-MAT-ALUMINA","PS-MAT-AG_INK","CR","CI","T","PS-PAIR-CR-CI","PS-MR-004-AB","ROUTE_SEED_ONLY","UNQUALIFIED","NOT_TESTED","false"
"PS-MATRIX-00380","PS-MAT-ALUMINA","PS-MAT-CU_INK","CR","CI","T","PS-PAIR-CR-CI","","FAMILY_CLASS_INHERITED","UNQUALIFIED","NOT_TESTED","false"
"PS-MATRIX-00381","PS-MAT-ALUMINA","PS-MAT-CARBON_INK","CR","CI","T","PS-PAIR-CR-CI","","FAMILY_CLASS_INHERITED","UNQUALIFIED","NOT_TESTED","false"
"PS-MATRIX-00382","PS-MAT-ALUMINA","PS-MAT-GRAPHENE_INK","CR","CI","T","PS-PAIR-CR-CI","","FAMILY_CLASS_INHERITED","UNQUALIFIED","NOT_TESTED","false"
"PS-MATRIX-00383","PS-MAT-ALUMINA","PS-MAT-PEDOT_PSS","CR","CI","T","PS-PAIR-CR-CI","","FAMILY_CLASS_INHERITED","UNQUALIFIED","NOT_TESTED","false"
"PS-MATRIX-00384","PS-MAT-ALUMINA","PS-MAT-DIEL_UV","CR","DE","T","PS-PAIR-CR-DE","","FAMILY_CLASS_INHERITED","UNQUALIFIED","NOT_TESTED","false"
"PS-MATRIX-00385","PS-MAT-ALUMINA","PS-MAT-DIEL_EPOXY","CR","DE","T","PS-PAIR-CR-DE","","FAMILY_CLASS_INHERITED","UNQUALIFIED","NOT_TESTED","false"
"PS-MATRIX-00386","PS-MAT-ALUMINA","PS-MAT-POLYIMIDE","CR","DE","T","PS-PAIR-CR-DE","","FAMILY_CLASS_INHERITED","UNQUALIFIED","NOT_TESTED","false"
"PS-MATRIX-00387","PS-MAT-ALUMINA","PS-MAT-PARylene","CR","DE","T","PS-PAIR-CR-DE","","FAMILY_CLASS_INHERITED","UNQUALIFIED","NOT_TESTED","false"
"PS-MATRIX-00388","PS-MAT-ALUMINA","PS-MAT-FERRITE_PASTE","CR","MG","T","PS-PAIR-CR-MG","","FAMILY_CLASS_INHERITED","UNQUALIFIED","NOT_TESTED","false"
"PS-MATRIX-00389","PS-MAT-ALUMINA","PS-MAT-NDFEB_BONDED","CR","MG","T","PS-PAIR-CR-MG","","FAMILY_CLASS_INHERITED","UNQUALIFIED","NOT_TESTED","false"
"PS-MATRIX-00390","PS-MAT-ALUMINA","PS-MAT-IRON_COMPOSITE","CR","MG","T","PS-PAIR-CR-MG","","FAMILY_CLASS_INHERITED","UNQUALIFIED","NOT_TESTED","false"
"PS-MATRIX-00391","PS-MAT-ALUMINA","PS-MAT-OPTICAL_RESIN","CR","OP","T","PS-PAIR-CR-OP","","FAMILY_CLASS_INHERITED","UNQUALIFIED","NOT_TESTED","false"
"PS-MATRIX-00392","PS-MAT-ALUMINA","PS-MAT-PMMA","CR","OP","T","PS-PAIR-CR-OP","","FAMILY_CLASS_INHERITED","UNQUALIFIED","NOT_TESTED","false"
"PS-MATRIX-00393","PS-MAT-ALUMINA","PS-MAT-FUSED_SILICA","CR","OP","T","PS-PAIR-CR-OP","","FAMILY_CLASS_INHERITED","UNQUALIFIED","NOT_TESTED","false"
"PS-MATRIX-00394","PS-MAT-ALUMINA","PS-MAT-PHOSPHOR_FILM","CR","OP","T","PS-PAIR-CR-OP","","FAMILY_CLASS_INHERITED","UNQUALIFIED","NOT_TESTED","false"
"PS-MATRIX-00395","PS-MAT-ALUMINA","PS-MAT-PVA_SUPPORT","CR","FL","T","PS-PAIR-CR-FL","","FAMILY_CLASS_INHERITED","UNQUALIFIED","NOT_TESTED","false"
"PS-MATRIX-00396","PS-MAT-ALUMINA","PS-MAT-WAX_SUPPORT","CR","FL","T","PS-PAIR-CR-FL","","FAMILY_CLASS_INHERITED","UNQUALIFIED","NOT_TESTED","false"
"PS-MATRIX-00397","PS-MAT-ALUMINA","PS-MAT-MICROGEL","CR","FL","T","PS-PAIR-CR-FL","","FAMILY_CLASS_INHERITED","UNQUALIFIED","NOT_TESTED","false"
"PS-MATRIX-00398","PS-MAT-ALUMINA","PS-MAT-GAS_CAVITY","CR","FL","T","PS-PAIR-CR-FL","","FAMILY_CLASS_INHERITED","UNQUALIFIED","NOT_TESTED","false"
"PS-MATRIX-00399","PS-MAT-ALUMINA","PS-MAT-GRAPHITE_ANODE","CR","EC","T","PS-PAIR-CR-EC","","FAMILY_CLASS_INHERITED","UNQUALIFIED","NOT_TESTED","false"
"PS-MATRIX-00400","PS-MAT-ALUMINA","PS-MAT-LFP_CATHODE","CR","EC","T","PS-PAIR-CR-EC","","FAMILY_CLASS_INHERITED","UNQUALIFIED","NOT_TESTED","false"
"PS-MATRIX-00401","PS-MAT-ALUMINA","PS-MAT-GEL_ELECTROLYTE","CR","EC","T","PS-PAIR-CR-EC","","FAMILY_CLASS_INHERITED","UNQUALIFIED","NOT_TESTED","false"
"PS-MATRIX-00402","PS-MAT-ALUMINA","PS-MAT-CARBON_SUPERCAP","CR","EC","T","PS-PAIR-CR-EC","","FAMILY_CLASS_INHERITED","UNQUALIFIED","NOT_TESTED","false"
"PS-MATRIX-00403","PS-MAT-ALUMINA","PS-MAT-SILICON_DIE","CR","SC","M","PS-PAIR-CR-SC","","FAMILY_CLASS_INHERITED","UNQUALIFIED","NOT_TESTED","false"
"PS-MATRIX-00404","PS-MAT-ALUMINA","PS-MAT-CAMERA_MODULE","CR","SC","M","PS-PAIR-CR-SC","","FAMILY_CLASS_INHERITED","UNQUALIFIED","NOT_TESTED","false"
"PS-MATRIX-00405","PS-MAT-ALUMINA","PS-MAT-LED_PACKAGE","CR","SC","M","PS-PAIR-CR-SC","","FAMILY_CLASS_INHERITED","UNQUALIFIED","NOT_TESTED","false"
"PS-MATRIX-00406","PS-MAT-ALUMINA","PS-MAT-RF_IC","CR","SC","M","PS-PAIR-CR-SC","","FAMILY_CLASS_INHERITED","UNQUALIFIED","NOT_TESTED","false"
"PS-MATRIX-00407","PS-MAT-ALUMINA","PS-MAT-LFP_MODULE","CR","BT","M","PS-PAIR-CR-BT","","FAMILY_CLASS_INHERITED","UNQUALIFIED","NOT_TESTED","false"
"PS-MATRIX-00408","PS-MAT-ALUMINA","PS-MAT-LIION_MODULE","CR","BT","M","PS-PAIR-CR-BT","","FAMILY_CLASS_INHERITED","UNQUALIFIED","NOT_TESTED","false"
"PS-MATRIX-00409","PS-MAT-ALUMINA","PS-MAT-CAP_BANK","CR","BT","M","PS-PAIR-CR-BT","","FAMILY_CLASS_INHERITED","UNQUALIFIED","NOT_TESTED","false"
"PS-MATRIX-00410","PS-MAT-ALUMINA","PS-MAT-ALGINATE","CR","BV","M","PS-PAIR-CR-BV","","FAMILY_CLASS_INHERITED","UNQUALIFIED","NOT_TESTED","false"
"PS-MATRIX-00411","PS-MAT-ALUMINA","PS-MAT-GELATIN","CR","BV","M","PS-PAIR-CR-BV","PS-MR-028-BA","ROUTE_SEED_ONLY","UNQUALIFIED","NOT_TESTED","false"
"PS-MATRIX-00412","PS-MAT-ALUMINA","PS-MAT-COLLAGEN","CR","BV","M","PS-PAIR-CR-BV","","FAMILY_CLASS_INHERITED","UNQUALIFIED","NOT_TESTED","false"
"PS-MATRIX-00413","PS-MAT-ALUMINA","PS-MAT-CELL_INK","CR","BV","M","PS-PAIR-CR-BV","","FAMILY_CLASS_INHERITED","UNQUALIFIED","NOT_TESTED","false"
"PS-MATRIX-00414","PS-MAT-SILICA","PS-MAT-CU_OFHC","CR","MT","T","PS-PAIR-CR-MT","","FAMILY_CLASS_INHERITED","UNQUALIFIED","NOT_TESTED","false"
"PS-MATRIX-00415","PS-MAT-SILICA","PS-MAT-AL_6061","CR","MT","T","PS-PAIR-CR-MT","","FAMILY_CLASS_INHERITED","UNQUALIFIED","NOT_TESTED","false"
"PS-MATRIX-00416","PS-MAT-SILICA","PS-MAT-SS_316L","CR","MT","T","PS-PAIR-CR-MT","","FAMILY_CLASS_INHERITED","UNQUALIFIED","NOT_TESTED","false"
"PS-MATRIX-00417","PS-MAT-SILICA","PS-MAT-TI_64","CR","MT","T","PS-PAIR-CR-MT","","FAMILY_CLASS_INHERITED","UNQUALIFIED","NOT_TESTED","false"
"PS-MATRIX-00418","PS-MAT-SILICA","PS-MAT-NI_ALLOY","CR","MT","T","PS-PAIR-CR-MT","","FAMILY_CLASS_INHERITED","UNQUALIFIED","NOT_TESTED","false"
"PS-MATRIX-00419","PS-MAT-SILICA","PS-MAT-AG_METAL","CR","MT","T","PS-PAIR-CR-MT","","FAMILY_CLASS_INHERITED","UNQUALIFIED","NOT_TESTED","false"
"PS-MATRIX-00420","PS-MAT-SILICA","PS-MAT-ALUMINA","CR","CR","P","PS-PAIR-CR-CR","","FAMILY_CLASS_INHERITED","UNQUALIFIED","NOT_TESTED","false"
"PS-MATRIX-00421","PS-MAT-SILICA","PS-MAT-SILICA","CR","CR","P","PS-PAIR-CR-CR","","FAMILY_CLASS_INHERITED","UNQUALIFIED","NOT_TESTED","false"
"PS-MATRIX-00422","PS-MAT-SILICA","PS-MAT-ZIRCONIA","CR","CR","P","PS-PAIR-CR-CR","","FAMILY_CLASS_INHERITED","UNQUALIFIED","NOT_TESTED","false"
"PS-MATRIX-00423","PS-MAT-SILICA","PS-MAT-BT_CERAMIC","CR","CR","P","PS-PAIR-CR-CR","","FAMILY_CLASS_INHERITED","UNQUALIFIED","NOT_TESTED","false"
"PS-MATRIX-00424","PS-MAT-SILICA","PS-MAT-BN_CERAMIC","CR","CR","P","PS-PAIR-CR-CR","","FAMILY_CLASS_INHERITED","UNQUALIFIED","NOT_TESTED","false"
"PS-MATRIX-00425","PS-MAT-SILICA","PS-MAT-PLA","CR","TP","T","PS-PAIR-CR-TP","","FAMILY_CLASS_INHERITED","UNQUALIFIED","NOT_TESTED","false"
"PS-MATRIX-00426","PS-MAT-SILICA","PS-MAT-PETG","CR","TP","T","PS-PAIR-CR-TP","","FAMILY_CLASS_INHERITED","UNQUALIFIED","NOT_TESTED","false"
"PS-MATRIX-00427","PS-MAT-SILICA","PS-MAT-ABS","CR","TP","T","PS-PAIR-CR-TP","","FAMILY_CLASS_INHERITED","UNQUALIFIED","NOT_TESTED","false"
"PS-MATRIX-00428","PS-MAT-SILICA","PS-MAT-PA12","CR","TP","T","PS-PAIR-CR-TP","","FAMILY_CLASS_INHERITED","UNQUALIFIED","NOT_TESTED","false"
"PS-MATRIX-00429","PS-MAT-SILICA","PS-MAT-PEEK","CR","TP","T","PS-PAIR-CR-TP","","FAMILY_CLASS_INHERITED","UNQUALIFIED","NOT_TESTED","false"
"PS-MATRIX-00430","PS-MAT-SILICA","PS-MAT-PP","CR","TP","T","PS-PAIR-CR-TP","","FAMILY_CLASS_INHERITED","UNQUALIFIED","NOT_TESTED","false"
"PS-MATRIX-00431","PS-MAT-SILICA","PS-MAT-ACRYLATE","CR","RS","T","PS-PAIR-CR-RS","","FAMILY_CLASS_INHERITED","UNQUALIFIED","NOT_TESTED","false"
"PS-MATRIX-00432","PS-MAT-SILICA","PS-MAT-EPOXY","CR","RS","T","PS-PAIR-CR-RS","","FAMILY_CLASS_INHERITED","UNQUALIFIED","NOT_TESTED","false"
"PS-MATRIX-00433","PS-MAT-SILICA","PS-MAT-SILICONE_RESIN","CR","RS","T","PS-PAIR-CR-RS","","FAMILY_CLASS_INHERITED","UNQUALIFIED","NOT_TESTED","false"
"PS-MATRIX-00434","PS-MAT-SILICA","PS-MAT-TPU","CR","EL","T","PS-PAIR-CR-EL","","FAMILY_CLASS_INHERITED","UNQUALIFIED","NOT_TESTED","false"
"PS-MATRIX-00435","PS-MAT-SILICA","PS-MAT-PDMS","CR","EL","T","PS-PAIR-CR-EL","","FAMILY_CLASS_INHERITED","UNQUALIFIED","NOT_TESTED","false"
"PS-MATRIX-00436","PS-MAT-SILICA","PS-MAT-SILICONE_E","CR","EL","T","PS-PAIR-CR-EL","","FAMILY_CLASS_INHERITED","UNQUALIFIED","NOT_TESTED","false"
"PS-MATRIX-00437","PS-MAT-SILICA","PS-MAT-HYDROGEL_E","CR","EL","T","PS-PAIR-CR-EL","","FAMILY_CLASS_INHERITED","UNQUALIFIED","NOT_TESTED","false"
"PS-MATRIX-00438","PS-MAT-SILICA","PS-MAT-AG_INK","CR","CI","T","PS-PAIR-CR-CI","","FAMILY_CLASS_INHERITED","UNQUALIFIED","NOT_TESTED","false"
"PS-MATRIX-00439","PS-MAT-SILICA","PS-MAT-CU_INK","CR","CI","T","PS-PAIR-CR-CI","","FAMILY_CLASS_INHERITED","UNQUALIFIED","NOT_TESTED","false"
"PS-MATRIX-00440","PS-MAT-SILICA","PS-MAT-CARBON_INK","CR","CI","T","PS-PAIR-CR-CI","","FAMILY_CLASS_INHERITED","UNQUALIFIED","NOT_TESTED","false"
"PS-MATRIX-00441","PS-MAT-SILICA","PS-MAT-GRAPHENE_INK","CR","CI","T","PS-PAIR-CR-CI","","FAMILY_CLASS_INHERITED","UNQUALIFIED","NOT_TESTED","false"
"PS-MATRIX-00442","PS-MAT-SILICA","PS-MAT-PEDOT_PSS","CR","CI","T","PS-PAIR-CR-CI","","FAMILY_CLASS_INHERITED","UNQUALIFIED","NOT_TESTED","false"
"PS-MATRIX-00443","PS-MAT-SILICA","PS-MAT-DIEL_UV","CR","DE","T","PS-PAIR-CR-DE","","FAMILY_CLASS_INHERITED","UNQUALIFIED","NOT_TESTED","false"
"PS-MATRIX-00444","PS-MAT-SILICA","PS-MAT-DIEL_EPOXY","CR","DE","T","PS-PAIR-CR-DE","","FAMILY_CLASS_INHERITED","UNQUALIFIED","NOT_TESTED","false"
"PS-MATRIX-00445","PS-MAT-SILICA","PS-MAT-POLYIMIDE","CR","DE","T","PS-PAIR-CR-DE","","FAMILY_CLASS_INHERITED","UNQUALIFIED","NOT_TESTED","false"
"PS-MATRIX-00446","PS-MAT-SILICA","PS-MAT-PARylene","CR","DE","T","PS-PAIR-CR-DE","","FAMILY_CLASS_INHERITED","UNQUALIFIED","NOT_TESTED","false"
"PS-MATRIX-00447","PS-MAT-SILICA","PS-MAT-FERRITE_PASTE","CR","MG","T","PS-PAIR-CR-MG","","FAMILY_CLASS_INHERITED","UNQUALIFIED","NOT_TESTED","false"
"PS-MATRIX-00448","PS-MAT-SILICA","PS-MAT-NDFEB_BONDED","CR","MG","T","PS-PAIR-CR-MG","","FAMILY_CLASS_INHERITED","UNQUALIFIED","NOT_TESTED","false"
"PS-MATRIX-00449","PS-MAT-SILICA","PS-MAT-IRON_COMPOSITE","CR","MG","T","PS-PAIR-CR-MG","","FAMILY_CLASS_INHERITED","UNQUALIFIED","NOT_TESTED","false"
"PS-MATRIX-00450","PS-MAT-SILICA","PS-MAT-OPTICAL_RESIN","CR","OP","T","PS-PAIR-CR-OP","PS-MR-005-AB","ROUTE_SEED_ONLY","UNQUALIFIED","NOT_TESTED","false"
"PS-MATRIX-00451","PS-MAT-SILICA","PS-MAT-PMMA","CR","OP","T","PS-PAIR-CR-OP","","FAMILY_CLASS_INHERITED","UNQUALIFIED","NOT_TESTED","false"
"PS-MATRIX-00452","PS-MAT-SILICA","PS-MAT-FUSED_SILICA","CR","OP","T","PS-PAIR-CR-OP","","FAMILY_CLASS_INHERITED","UNQUALIFIED","NOT_TESTED","false"
"PS-MATRIX-00453","PS-MAT-SILICA","PS-MAT-PHOSPHOR_FILM","CR","OP","T","PS-PAIR-CR-OP","","FAMILY_CLASS_INHERITED","UNQUALIFIED","NOT_TESTED","false"
"PS-MATRIX-00454","PS-MAT-SILICA","PS-MAT-PVA_SUPPORT","CR","FL","T","PS-PAIR-CR-FL","","FAMILY_CLASS_INHERITED","UNQUALIFIED","NOT_TESTED","false"
"PS-MATRIX-00455","PS-MAT-SILICA","PS-MAT-WAX_SUPPORT","CR","FL","T","PS-PAIR-CR-FL","","FAMILY_CLASS_INHERITED","UNQUALIFIED","NOT_TESTED","false"
"PS-MATRIX-00456","PS-MAT-SILICA","PS-MAT-MICROGEL","CR","FL","T","PS-PAIR-CR-FL","","FAMILY_CLASS_INHERITED","UNQUALIFIED","NOT_TESTED","false"
"PS-MATRIX-00457","PS-MAT-SILICA","PS-MAT-GAS_CAVITY","CR","FL","T","PS-PAIR-CR-FL","","FAMILY_CLASS_INHERITED","UNQUALIFIED","NOT_TESTED","false"
"PS-MATRIX-00458","PS-MAT-SILICA","PS-MAT-GRAPHITE_ANODE","CR","EC","T","PS-PAIR-CR-EC","","FAMILY_CLASS_INHERITED","UNQUALIFIED","NOT_TESTED","false"
"PS-MATRIX-00459","PS-MAT-SILICA","PS-MAT-LFP_CATHODE","CR","EC","T","PS-PAIR-CR-EC","","FAMILY_CLASS_INHERITED","UNQUALIFIED","NOT_TESTED","false"
"PS-MATRIX-00460","PS-MAT-SILICA","PS-MAT-GEL_ELECTROLYTE","CR","EC","T","PS-PAIR-CR-EC","","FAMILY_CLASS_INHERITED","UNQUALIFIED","NOT_TESTED","false"
"PS-MATRIX-00461","PS-MAT-SILICA","PS-MAT-CARBON_SUPERCAP","CR","EC","T","PS-PAIR-CR-EC","","FAMILY_CLASS_INHERITED","UNQUALIFIED","NOT_TESTED","false"
"PS-MATRIX-00462","PS-MAT-SILICA","PS-MAT-SILICON_DIE","CR","SC","M","PS-PAIR-CR-SC","","FAMILY_CLASS_INHERITED","UNQUALIFIED","NOT_TESTED","false"
"PS-MATRIX-00463","PS-MAT-SILICA","PS-MAT-CAMERA_MODULE","CR","SC","M","PS-PAIR-CR-SC","","FAMILY_CLASS_INHERITED","UNQUALIFIED","NOT_TESTED","false"
"PS-MATRIX-00464","PS-MAT-SILICA","PS-MAT-LED_PACKAGE","CR","SC","M","PS-PAIR-CR-SC","","FAMILY_CLASS_INHERITED","UNQUALIFIED","NOT_TESTED","false"
"PS-MATRIX-00465","PS-MAT-SILICA","PS-MAT-RF_IC","CR","SC","M","PS-PAIR-CR-SC","","FAMILY_CLASS_INHERITED","UNQUALIFIED","NOT_TESTED","false"
"PS-MATRIX-00466","PS-MAT-SILICA","PS-MAT-LFP_MODULE","CR","BT","M","PS-PAIR-CR-BT","","FAMILY_CLASS_INHERITED","UNQUALIFIED","NOT_TESTED","false"
"PS-MATRIX-00467","PS-MAT-SILICA","PS-MAT-LIION_MODULE","CR","BT","M","PS-PAIR-CR-BT","","FAMILY_CLASS_INHERITED","UNQUALIFIED","NOT_TESTED","false"
"PS-MATRIX-00468","PS-MAT-SILICA","PS-MAT-CAP_BANK","CR","BT","M","PS-PAIR-CR-BT","","FAMILY_CLASS_INHERITED","UNQUALIFIED","NOT_TESTED","false"
"PS-MATRIX-00469","PS-MAT-SILICA","PS-MAT-ALGINATE","CR","BV","M","PS-PAIR-CR-BV","","FAMILY_CLASS_INHERITED","UNQUALIFIED","NOT_TESTED","false"
"PS-MATRIX-00470","PS-MAT-SILICA","PS-MAT-GELATIN","CR","BV","M","PS-PAIR-CR-BV","","FAMILY_CLASS_INHERITED","UNQUALIFIED","NOT_TESTED","false"
"PS-MATRIX-00471","PS-MAT-SILICA","PS-MAT-COLLAGEN","CR","BV","M","PS-PAIR-CR-BV","","FAMILY_CLASS_INHERITED","UNQUALIFIED","NOT_TESTED","false"
"PS-MATRIX-00472","PS-MAT-SILICA","PS-MAT-CELL_INK","CR","BV","M","PS-PAIR-CR-BV","","FAMILY_CLASS_INHERITED","UNQUALIFIED","NOT_TESTED","false"
"PS-MATRIX-00473","PS-MAT-ZIRCONIA","PS-MAT-CU_OFHC","CR","MT","T","PS-PAIR-CR-MT","","FAMILY_CLASS_INHERITED","UNQUALIFIED","NOT_TESTED","false"
"PS-MATRIX-00474","PS-MAT-ZIRCONIA","PS-MAT-AL_6061","CR","MT","T","PS-PAIR-CR-MT","","FAMILY_CLASS_INHERITED","UNQUALIFIED","NOT_TESTED","false"
"PS-MATRIX-00475","PS-MAT-ZIRCONIA","PS-MAT-SS_316L","CR","MT","T","PS-PAIR-CR-MT","","FAMILY_CLASS_INHERITED","UNQUALIFIED","NOT_TESTED","false"
"PS-MATRIX-00476","PS-MAT-ZIRCONIA","PS-MAT-TI_64","CR","MT","T","PS-PAIR-CR-MT","","FAMILY_CLASS_INHERITED","UNQUALIFIED","NOT_TESTED","false"
"PS-MATRIX-00477","PS-MAT-ZIRCONIA","PS-MAT-NI_ALLOY","CR","MT","T","PS-PAIR-CR-MT","","FAMILY_CLASS_INHERITED","UNQUALIFIED","NOT_TESTED","false"
"PS-MATRIX-00478","PS-MAT-ZIRCONIA","PS-MAT-AG_METAL","CR","MT","T","PS-PAIR-CR-MT","","FAMILY_CLASS_INHERITED","UNQUALIFIED","NOT_TESTED","false"
"PS-MATRIX-00479","PS-MAT-ZIRCONIA","PS-MAT-ALUMINA","CR","CR","P","PS-PAIR-CR-CR","","FAMILY_CLASS_INHERITED","UNQUALIFIED","NOT_TESTED","false"
"PS-MATRIX-00480","PS-MAT-ZIRCONIA","PS-MAT-SILICA","CR","CR","P","PS-PAIR-CR-CR","","FAMILY_CLASS_INHERITED","UNQUALIFIED","NOT_TESTED","false"
"PS-MATRIX-00481","PS-MAT-ZIRCONIA","PS-MAT-ZIRCONIA","CR","CR","P","PS-PAIR-CR-CR","","FAMILY_CLASS_INHERITED","UNQUALIFIED","NOT_TESTED","false"
"PS-MATRIX-00482","PS-MAT-ZIRCONIA","PS-MAT-BT_CERAMIC","CR","CR","P","PS-PAIR-CR-CR","","FAMILY_CLASS_INHERITED","UNQUALIFIED","NOT_TESTED","false"
"PS-MATRIX-00483","PS-MAT-ZIRCONIA","PS-MAT-BN_CERAMIC","CR","CR","P","PS-PAIR-CR-CR","","FAMILY_CLASS_INHERITED","UNQUALIFIED","NOT_TESTED","false"
"PS-MATRIX-00484","PS-MAT-ZIRCONIA","PS-MAT-PLA","CR","TP","T","PS-PAIR-CR-TP","","FAMILY_CLASS_INHERITED","UNQUALIFIED","NOT_TESTED","false"
"PS-MATRIX-00485","PS-MAT-ZIRCONIA","PS-MAT-PETG","CR","TP","T","PS-PAIR-CR-TP","","FAMILY_CLASS_INHERITED","UNQUALIFIED","NOT_TESTED","false"
"PS-MATRIX-00486","PS-MAT-ZIRCONIA","PS-MAT-ABS","CR","TP","T","PS-PAIR-CR-TP","","FAMILY_CLASS_INHERITED","UNQUALIFIED","NOT_TESTED","false"
"PS-MATRIX-00487","PS-MAT-ZIRCONIA","PS-MAT-PA12","CR","TP","T","PS-PAIR-CR-TP","","FAMILY_CLASS_INHERITED","UNQUALIFIED","NOT_TESTED","false"
"PS-MATRIX-00488","PS-MAT-ZIRCONIA","PS-MAT-PEEK","CR","TP","T","PS-PAIR-CR-TP","","FAMILY_CLASS_INHERITED","UNQUALIFIED","NOT_TESTED","false"
"PS-MATRIX-00489","PS-MAT-ZIRCONIA","PS-MAT-PP","CR","TP","T","PS-PAIR-CR-TP","","FAMILY_CLASS_INHERITED","UNQUALIFIED","NOT_TESTED","false"
"PS-MATRIX-00490","PS-MAT-ZIRCONIA","PS-MAT-ACRYLATE","CR","RS","T","PS-PAIR-CR-RS","","FAMILY_CLASS_INHERITED","UNQUALIFIED","NOT_TESTED","false"
"PS-MATRIX-00491","PS-MAT-ZIRCONIA","PS-MAT-EPOXY","CR","RS","T","PS-PAIR-CR-RS","","FAMILY_CLASS_INHERITED","UNQUALIFIED","NOT_TESTED","false"
"PS-MATRIX-00492","PS-MAT-ZIRCONIA","PS-MAT-SILICONE_RESIN","CR","RS","T","PS-PAIR-CR-RS","","FAMILY_CLASS_INHERITED","UNQUALIFIED","NOT_TESTED","false"
"PS-MATRIX-00493","PS-MAT-ZIRCONIA","PS-MAT-TPU","CR","EL","T","PS-PAIR-CR-EL","","FAMILY_CLASS_INHERITED","UNQUALIFIED","NOT_TESTED","false"
"PS-MATRIX-00494","PS-MAT-ZIRCONIA","PS-MAT-PDMS","CR","EL","T","PS-PAIR-CR-EL","","FAMILY_CLASS_INHERITED","UNQUALIFIED","NOT_TESTED","false"
"PS-MATRIX-00495","PS-MAT-ZIRCONIA","PS-MAT-SILICONE_E","CR","EL","T","PS-PAIR-CR-EL","","FAMILY_CLASS_INHERITED","UNQUALIFIED","NOT_TESTED","false"
"PS-MATRIX-00496","PS-MAT-ZIRCONIA","PS-MAT-HYDROGEL_E","CR","EL","T","PS-PAIR-CR-EL","","FAMILY_CLASS_INHERITED","UNQUALIFIED","NOT_TESTED","false"
"PS-MATRIX-00497","PS-MAT-ZIRCONIA","PS-MAT-AG_INK","CR","CI","T","PS-PAIR-CR-CI","","FAMILY_CLASS_INHERITED","UNQUALIFIED","NOT_TESTED","false"
"PS-MATRIX-00498","PS-MAT-ZIRCONIA","PS-MAT-CU_INK","CR","CI","T","PS-PAIR-CR-CI","","FAMILY_CLASS_INHERITED","UNQUALIFIED","NOT_TESTED","false"
"PS-MATRIX-00499","PS-MAT-ZIRCONIA","PS-MAT-CARBON_INK","CR","CI","T","PS-PAIR-CR-CI","","FAMILY_CLASS_INHERITED","UNQUALIFIED","NOT_TESTED","false"
"PS-MATRIX-00500","PS-MAT-ZIRCONIA","PS-MAT-GRAPHENE_INK","CR","CI","T","PS-PAIR-CR-CI","","FAMILY_CLASS_INHERITED","UNQUALIFIED","NOT_TESTED","false"
"PS-MATRIX-00501","PS-MAT-ZIRCONIA","PS-MAT-PEDOT_PSS","CR","CI","T","PS-PAIR-CR-CI","","FAMILY_CLASS_INHERITED","UNQUALIFIED","NOT_TESTED","false"
"PS-MATRIX-00502","PS-MAT-ZIRCONIA","PS-MAT-DIEL_UV","CR","DE","T","PS-PAIR-CR-DE","","FAMILY_CLASS_INHERITED","UNQUALIFIED","NOT_TESTED","false"
"PS-MATRIX-00503","PS-MAT-ZIRCONIA","PS-MAT-DIEL_EPOXY","CR","DE","T","PS-PAIR-CR-DE","","FAMILY_CLASS_INHERITED","UNQUALIFIED","NOT_TESTED","false"
"PS-MATRIX-00504","PS-MAT-ZIRCONIA","PS-MAT-POLYIMIDE","CR","DE","T","PS-PAIR-CR-DE","","FAMILY_CLASS_INHERITED","UNQUALIFIED","NOT_TESTED","false"
"PS-MATRIX-00505","PS-MAT-ZIRCONIA","PS-MAT-PARylene","CR","DE","T","PS-PAIR-CR-DE","","FAMILY_CLASS_INHERITED","UNQUALIFIED","NOT_TESTED","false"
"PS-MATRIX-00506","PS-MAT-ZIRCONIA","PS-MAT-FERRITE_PASTE","CR","MG","T","PS-PAIR-CR-MG","","FAMILY_CLASS_INHERITED","UNQUALIFIED","NOT_TESTED","false"
"PS-MATRIX-00507","PS-MAT-ZIRCONIA","PS-MAT-NDFEB_BONDED","CR","MG","T","PS-PAIR-CR-MG","","FAMILY_CLASS_INHERITED","UNQUALIFIED","NOT_TESTED","false"
"PS-MATRIX-00508","PS-MAT-ZIRCONIA","PS-MAT-IRON_COMPOSITE","CR","MG","T","PS-PAIR-CR-MG","","FAMILY_CLASS_INHERITED","UNQUALIFIED","NOT_TESTED","false"
"PS-MATRIX-00509","PS-MAT-ZIRCONIA","PS-MAT-OPTICAL_RESIN","CR","OP","T","PS-PAIR-CR-OP","","FAMILY_CLASS_INHERITED","UNQUALIFIED","NOT_TESTED","false"
"PS-MATRIX-00510","PS-MAT-ZIRCONIA","PS-MAT-PMMA","CR","OP","T","PS-PAIR-CR-OP","","FAMILY_CLASS_INHERITED","UNQUALIFIED","NOT_TESTED","false"
"PS-MATRIX-00511","PS-MAT-ZIRCONIA","PS-MAT-FUSED_SILICA","CR","OP","T","PS-PAIR-CR-OP","","FAMILY_CLASS_INHERITED","UNQUALIFIED","NOT_TESTED","false"
"PS-MATRIX-00512","PS-MAT-ZIRCONIA","PS-MAT-PHOSPHOR_FILM","CR","OP","T","PS-PAIR-CR-OP","","FAMILY_CLASS_INHERITED","UNQUALIFIED","NOT_TESTED","false"
"PS-MATRIX-00513","PS-MAT-ZIRCONIA","PS-MAT-PVA_SUPPORT","CR","FL","T","PS-PAIR-CR-FL","","FAMILY_CLASS_INHERITED","UNQUALIFIED","NOT_TESTED","false"
"PS-MATRIX-00514","PS-MAT-ZIRCONIA","PS-MAT-WAX_SUPPORT","CR","FL","T","PS-PAIR-CR-FL","","FAMILY_CLASS_INHERITED","UNQUALIFIED","NOT_TESTED","false"
"PS-MATRIX-00515","PS-MAT-ZIRCONIA","PS-MAT-MICROGEL","CR","FL","T","PS-PAIR-CR-FL","","FAMILY_CLASS_INHERITED","UNQUALIFIED","NOT_TESTED","false"
"PS-MATRIX-00516","PS-MAT-ZIRCONIA","PS-MAT-GAS_CAVITY","CR","FL","T","PS-PAIR-CR-FL","","FAMILY_CLASS_INHERITED","UNQUALIFIED","NOT_TESTED","false"
"PS-MATRIX-00517","PS-MAT-ZIRCONIA","PS-MAT-GRAPHITE_ANODE","CR","EC","T","PS-PAIR-CR-EC","","FAMILY_CLASS_INHERITED","UNQUALIFIED","NOT_TESTED","false"
"PS-MATRIX-00518","PS-MAT-ZIRCONIA","PS-MAT-LFP_CATHODE","CR","EC","T","PS-PAIR-CR-EC","","FAMILY_CLASS_INHERITED","UNQUALIFIED","NOT_TESTED","false"
"PS-MATRIX-00519","PS-MAT-ZIRCONIA","PS-MAT-GEL_ELECTROLYTE","CR","EC","T","PS-PAIR-CR-EC","","FAMILY_CLASS_INHERITED","UNQUALIFIED","NOT_TESTED","false"
"PS-MATRIX-00520","PS-MAT-ZIRCONIA","PS-MAT-CARBON_SUPERCAP","CR","EC","T","PS-PAIR-CR-EC","","FAMILY_CLASS_INHERITED","UNQUALIFIED","NOT_TESTED","false"
"PS-MATRIX-00521","PS-MAT-ZIRCONIA","PS-MAT-SILICON_DIE","CR","SC","M","PS-PAIR-CR-SC","","FAMILY_CLASS_INHERITED","UNQUALIFIED","NOT_TESTED","false"
"PS-MATRIX-00522","PS-MAT-ZIRCONIA","PS-MAT-CAMERA_MODULE","CR","SC","M","PS-PAIR-CR-SC","","FAMILY_CLASS_INHERITED","UNQUALIFIED","NOT_TESTED","false"
"PS-MATRIX-00523","PS-MAT-ZIRCONIA","PS-MAT-LED_PACKAGE","CR","SC","M","PS-PAIR-CR-SC","","FAMILY_CLASS_INHERITED","UNQUALIFIED","NOT_TESTED","false"
"PS-MATRIX-00524","PS-MAT-ZIRCONIA","PS-MAT-RF_IC","CR","SC","M","PS-PAIR-CR-SC","","FAMILY_CLASS_INHERITED","UNQUALIFIED","NOT_TESTED","false"
"PS-MATRIX-00525","PS-MAT-ZIRCONIA","PS-MAT-LFP_MODULE","CR","BT","M","PS-PAIR-CR-BT","","FAMILY_CLASS_INHERITED","UNQUALIFIED","NOT_TESTED","false"
"PS-MATRIX-00526","PS-MAT-ZIRCONIA","PS-MAT-LIION_MODULE","CR","BT","M","PS-PAIR-CR-BT","","FAMILY_CLASS_INHERITED","UNQUALIFIED","NOT_TESTED","false"
"PS-MATRIX-00527","PS-MAT-ZIRCONIA","PS-MAT-CAP_BANK","CR","BT","M","PS-PAIR-CR-BT","","FAMILY_CLASS_INHERITED","UNQUALIFIED","NOT_TESTED","false"
"PS-MATRIX-00528","PS-MAT-ZIRCONIA","PS-MAT-ALGINATE","CR","BV","M","PS-PAIR-CR-BV","","FAMILY_CLASS_INHERITED","UNQUALIFIED","NOT_TESTED","false"
"PS-MATRIX-00529","PS-MAT-ZIRCONIA","PS-MAT-GELATIN","CR","BV","M","PS-PAIR-CR-BV","","FAMILY_CLASS_INHERITED","UNQUALIFIED","NOT_TESTED","false"
"PS-MATRIX-00530","PS-MAT-ZIRCONIA","PS-MAT-COLLAGEN","CR","BV","M","PS-PAIR-CR-BV","","FAMILY_CLASS_INHERITED","UNQUALIFIED","NOT_TESTED","false"
"PS-MATRIX-00531","PS-MAT-ZIRCONIA","PS-MAT-CELL_INK","CR","BV","M","PS-PAIR-CR-BV","","FAMILY_CLASS_INHERITED","UNQUALIFIED","NOT_TESTED","false"
"PS-MATRIX-00532","PS-MAT-BT_CERAMIC","PS-MAT-CU_OFHC","CR","MT","T","PS-PAIR-CR-MT","","FAMILY_CLASS_INHERITED","UNQUALIFIED","NOT_TESTED","false"
"PS-MATRIX-00533","PS-MAT-BT_CERAMIC","PS-MAT-AL_6061","CR","MT","T","PS-PAIR-CR-MT","","FAMILY_CLASS_INHERITED","UNQUALIFIED","NOT_TESTED","false"
"PS-MATRIX-00534","PS-MAT-BT_CERAMIC","PS-MAT-SS_316L","CR","MT","T","PS-PAIR-CR-MT","","FAMILY_CLASS_INHERITED","UNQUALIFIED","NOT_TESTED","false"
"PS-MATRIX-00535","PS-MAT-BT_CERAMIC","PS-MAT-TI_64","CR","MT","T","PS-PAIR-CR-MT","","FAMILY_CLASS_INHERITED","UNQUALIFIED","NOT_TESTED","false"
"PS-MATRIX-00536","PS-MAT-BT_CERAMIC","PS-MAT-NI_ALLOY","CR","MT","T","PS-PAIR-CR-MT","","FAMILY_CLASS_INHERITED","UNQUALIFIED","NOT_TESTED","false"
"PS-MATRIX-00537","PS-MAT-BT_CERAMIC","PS-MAT-AG_METAL","CR","MT","T","PS-PAIR-CR-MT","","FAMILY_CLASS_INHERITED","UNQUALIFIED","NOT_TESTED","false"
"PS-MATRIX-00538","PS-MAT-BT_CERAMIC","PS-MAT-ALUMINA","CR","CR","P","PS-PAIR-CR-CR","","FAMILY_CLASS_INHERITED","UNQUALIFIED","NOT_TESTED","false"
"PS-MATRIX-00539","PS-MAT-BT_CERAMIC","PS-MAT-SILICA","CR","CR","P","PS-PAIR-CR-CR","","FAMILY_CLASS_INHERITED","UNQUALIFIED","NOT_TESTED","false"
"PS-MATRIX-00540","PS-MAT-BT_CERAMIC","PS-MAT-ZIRCONIA","CR","CR","P","PS-PAIR-CR-CR","","FAMILY_CLASS_INHERITED","UNQUALIFIED","NOT_TESTED","false"
"PS-MATRIX-00541","PS-MAT-BT_CERAMIC","PS-MAT-BT_CERAMIC","CR","CR","P","PS-PAIR-CR-CR","","FAMILY_CLASS_INHERITED","UNQUALIFIED","NOT_TESTED","false"
"PS-MATRIX-00542","PS-MAT-BT_CERAMIC","PS-MAT-BN_CERAMIC","CR","CR","P","PS-PAIR-CR-CR","","FAMILY_CLASS_INHERITED","UNQUALIFIED","NOT_TESTED","false"
"PS-MATRIX-00543","PS-MAT-BT_CERAMIC","PS-MAT-PLA","CR","TP","T","PS-PAIR-CR-TP","","FAMILY_CLASS_INHERITED","UNQUALIFIED","NOT_TESTED","false"
"PS-MATRIX-00544","PS-MAT-BT_CERAMIC","PS-MAT-PETG","CR","TP","T","PS-PAIR-CR-TP","","FAMILY_CLASS_INHERITED","UNQUALIFIED","NOT_TESTED","false"
"PS-MATRIX-00545","PS-MAT-BT_CERAMIC","PS-MAT-ABS","CR","TP","T","PS-PAIR-CR-TP","","FAMILY_CLASS_INHERITED","UNQUALIFIED","NOT_TESTED","false"
"PS-MATRIX-00546","PS-MAT-BT_CERAMIC","PS-MAT-PA12","CR","TP","T","PS-PAIR-CR-TP","","FAMILY_CLASS_INHERITED","UNQUALIFIED","NOT_TESTED","false"
"PS-MATRIX-00547","PS-MAT-BT_CERAMIC","PS-MAT-PEEK","CR","TP","T","PS-PAIR-CR-TP","","FAMILY_CLASS_INHERITED","UNQUALIFIED","NOT_TESTED","false"
"PS-MATRIX-00548","PS-MAT-BT_CERAMIC","PS-MAT-PP","CR","TP","T","PS-PAIR-CR-TP","","FAMILY_CLASS_INHERITED","UNQUALIFIED","NOT_TESTED","false"
"PS-MATRIX-00549","PS-MAT-BT_CERAMIC","PS-MAT-ACRYLATE","CR","RS","T","PS-PAIR-CR-RS","","FAMILY_CLASS_INHERITED","UNQUALIFIED","NOT_TESTED","false"
"PS-MATRIX-00550","PS-MAT-BT_CERAMIC","PS-MAT-EPOXY","CR","RS","T","PS-PAIR-CR-RS","","FAMILY_CLASS_INHERITED","UNQUALIFIED","NOT_TESTED","false"
"PS-MATRIX-00551","PS-MAT-BT_CERAMIC","PS-MAT-SILICONE_RESIN","CR","RS","T","PS-PAIR-CR-RS","","FAMILY_CLASS_INHERITED","UNQUALIFIED","NOT_TESTED","false"
"PS-MATRIX-00552","PS-MAT-BT_CERAMIC","PS-MAT-TPU","CR","EL","T","PS-PAIR-CR-EL","","FAMILY_CLASS_INHERITED","UNQUALIFIED","NOT_TESTED","false"
"PS-MATRIX-00553","PS-MAT-BT_CERAMIC","PS-MAT-PDMS","CR","EL","T","PS-PAIR-CR-EL","","FAMILY_CLASS_INHERITED","UNQUALIFIED","NOT_TESTED","false"
"PS-MATRIX-00554","PS-MAT-BT_CERAMIC","PS-MAT-SILICONE_E","CR","EL","T","PS-PAIR-CR-EL","","FAMILY_CLASS_INHERITED","UNQUALIFIED","NOT_TESTED","false"
"PS-MATRIX-00555","PS-MAT-BT_CERAMIC","PS-MAT-HYDROGEL_E","CR","EL","T","PS-PAIR-CR-EL","","FAMILY_CLASS_INHERITED","UNQUALIFIED","NOT_TESTED","false"
"PS-MATRIX-00556","PS-MAT-BT_CERAMIC","PS-MAT-AG_INK","CR","CI","T","PS-PAIR-CR-CI","","FAMILY_CLASS_INHERITED","UNQUALIFIED","NOT_TESTED","false"
"PS-MATRIX-00557","PS-MAT-BT_CERAMIC","PS-MAT-CU_INK","CR","CI","T","PS-PAIR-CR-CI","","FAMILY_CLASS_INHERITED","UNQUALIFIED","NOT_TESTED","false"
"PS-MATRIX-00558","PS-MAT-BT_CERAMIC","PS-MAT-CARBON_INK","CR","CI","T","PS-PAIR-CR-CI","","FAMILY_CLASS_INHERITED","UNQUALIFIED","NOT_TESTED","false"
"PS-MATRIX-00559","PS-MAT-BT_CERAMIC","PS-MAT-GRAPHENE_INK","CR","CI","T","PS-PAIR-CR-CI","","FAMILY_CLASS_INHERITED","UNQUALIFIED","NOT_TESTED","false"
"PS-MATRIX-00560","PS-MAT-BT_CERAMIC","PS-MAT-PEDOT_PSS","CR","CI","T","PS-PAIR-CR-CI","","FAMILY_CLASS_INHERITED","UNQUALIFIED","NOT_TESTED","false"
"PS-MATRIX-00561","PS-MAT-BT_CERAMIC","PS-MAT-DIEL_UV","CR","DE","T","PS-PAIR-CR-DE","","FAMILY_CLASS_INHERITED","UNQUALIFIED","NOT_TESTED","false"
"PS-MATRIX-00562","PS-MAT-BT_CERAMIC","PS-MAT-DIEL_EPOXY","CR","DE","T","PS-PAIR-CR-DE","","FAMILY_CLASS_INHERITED","UNQUALIFIED","NOT_TESTED","false"
"PS-MATRIX-00563","PS-MAT-BT_CERAMIC","PS-MAT-POLYIMIDE","CR","DE","T","PS-PAIR-CR-DE","","FAMILY_CLASS_INHERITED","UNQUALIFIED","NOT_TESTED","false"
"PS-MATRIX-00564","PS-MAT-BT_CERAMIC","PS-MAT-PARylene","CR","DE","T","PS-PAIR-CR-DE","","FAMILY_CLASS_INHERITED","UNQUALIFIED","NOT_TESTED","false"
"PS-MATRIX-00565","PS-MAT-BT_CERAMIC","PS-MAT-FERRITE_PASTE","CR","MG","T","PS-PAIR-CR-MG","","FAMILY_CLASS_INHERITED","UNQUALIFIED","NOT_TESTED","false"
"PS-MATRIX-00566","PS-MAT-BT_CERAMIC","PS-MAT-NDFEB_BONDED","CR","MG","T","PS-PAIR-CR-MG","","FAMILY_CLASS_INHERITED","UNQUALIFIED","NOT_TESTED","false"
"PS-MATRIX-00567","PS-MAT-BT_CERAMIC","PS-MAT-IRON_COMPOSITE","CR","MG","T","PS-PAIR-CR-MG","","FAMILY_CLASS_INHERITED","UNQUALIFIED","NOT_TESTED","false"
"PS-MATRIX-00568","PS-MAT-BT_CERAMIC","PS-MAT-OPTICAL_RESIN","CR","OP","T","PS-PAIR-CR-OP","","FAMILY_CLASS_INHERITED","UNQUALIFIED","NOT_TESTED","false"
"PS-MATRIX-00569","PS-MAT-BT_CERAMIC","PS-MAT-PMMA","CR","OP","T","PS-PAIR-CR-OP","","FAMILY_CLASS_INHERITED","UNQUALIFIED","NOT_TESTED","false"
"PS-MATRIX-00570","PS-MAT-BT_CERAMIC","PS-MAT-FUSED_SILICA","CR","OP","T","PS-PAIR-CR-OP","","FAMILY_CLASS_INHERITED","UNQUALIFIED","NOT_TESTED","false"
"PS-MATRIX-00571","PS-MAT-BT_CERAMIC","PS-MAT-PHOSPHOR_FILM","CR","OP","T","PS-PAIR-CR-OP","","FAMILY_CLASS_INHERITED","UNQUALIFIED","NOT_TESTED","false"
"PS-MATRIX-00572","PS-MAT-BT_CERAMIC","PS-MAT-PVA_SUPPORT","CR","FL","T","PS-PAIR-CR-FL","","FAMILY_CLASS_INHERITED","UNQUALIFIED","NOT_TESTED","false"
"PS-MATRIX-00573","PS-MAT-BT_CERAMIC","PS-MAT-WAX_SUPPORT","CR","FL","T","PS-PAIR-CR-FL","","FAMILY_CLASS_INHERITED","UNQUALIFIED","NOT_TESTED","false"
"PS-MATRIX-00574","PS-MAT-BT_CERAMIC","PS-MAT-MICROGEL","CR","FL","T","PS-PAIR-CR-FL","","FAMILY_CLASS_INHERITED","UNQUALIFIED","NOT_TESTED","false"
"PS-MATRIX-00575","PS-MAT-BT_CERAMIC","PS-MAT-GAS_CAVITY","CR","FL","T","PS-PAIR-CR-FL","","FAMILY_CLASS_INHERITED","UNQUALIFIED","NOT_TESTED","false"
"PS-MATRIX-00576","PS-MAT-BT_CERAMIC","PS-MAT-GRAPHITE_ANODE","CR","EC","T","PS-PAIR-CR-EC","","FAMILY_CLASS_INHERITED","UNQUALIFIED","NOT_TESTED","false"
"PS-MATRIX-00577","PS-MAT-BT_CERAMIC","PS-MAT-LFP_CATHODE","CR","EC","T","PS-PAIR-CR-EC","","FAMILY_CLASS_INHERITED","UNQUALIFIED","NOT_TESTED","false"
"PS-MATRIX-00578","PS-MAT-BT_CERAMIC","PS-MAT-GEL_ELECTROLYTE","CR","EC","T","PS-PAIR-CR-EC","","FAMILY_CLASS_INHERITED","UNQUALIFIED","NOT_TESTED","false"
"PS-MATRIX-00579","PS-MAT-BT_CERAMIC","PS-MAT-CARBON_SUPERCAP","CR","EC","T","PS-PAIR-CR-EC","","FAMILY_CLASS_INHERITED","UNQUALIFIED","NOT_TESTED","false"
"PS-MATRIX-00580","PS-MAT-BT_CERAMIC","PS-MAT-SILICON_DIE","CR","SC","M","PS-PAIR-CR-SC","","FAMILY_CLASS_INHERITED","UNQUALIFIED","NOT_TESTED","false"
"PS-MATRIX-00581","PS-MAT-BT_CERAMIC","PS-MAT-CAMERA_MODULE","CR","SC","M","PS-PAIR-CR-SC","","FAMILY_CLASS_INHERITED","UNQUALIFIED","NOT_TESTED","false"
"PS-MATRIX-00582","PS-MAT-BT_CERAMIC","PS-MAT-LED_PACKAGE","CR","SC","M","PS-PAIR-CR-SC","","FAMILY_CLASS_INHERITED","UNQUALIFIED","NOT_TESTED","false"
"PS-MATRIX-00583","PS-MAT-BT_CERAMIC","PS-MAT-RF_IC","CR","SC","M","PS-PAIR-CR-SC","","FAMILY_CLASS_INHERITED","UNQUALIFIED","NOT_TESTED","false"
"PS-MATRIX-00584","PS-MAT-BT_CERAMIC","PS-MAT-LFP_MODULE","CR","BT","M","PS-PAIR-CR-BT","","FAMILY_CLASS_INHERITED","UNQUALIFIED","NOT_TESTED","false"
"PS-MATRIX-00585","PS-MAT-BT_CERAMIC","PS-MAT-LIION_MODULE","CR","BT","M","PS-PAIR-CR-BT","","FAMILY_CLASS_INHERITED","UNQUALIFIED","NOT_TESTED","false"
"PS-MATRIX-00586","PS-MAT-BT_CERAMIC","PS-MAT-CAP_BANK","CR","BT","M","PS-PAIR-CR-BT","","FAMILY_CLASS_INHERITED","UNQUALIFIED","NOT_TESTED","false"
"PS-MATRIX-00587","PS-MAT-BT_CERAMIC","PS-MAT-ALGINATE","CR","BV","M","PS-PAIR-CR-BV","","FAMILY_CLASS_INHERITED","UNQUALIFIED","NOT_TESTED","false"
"PS-MATRIX-00588","PS-MAT-BT_CERAMIC","PS-MAT-GELATIN","CR","BV","M","PS-PAIR-CR-BV","","FAMILY_CLASS_INHERITED","UNQUALIFIED","NOT_TESTED","false"
"PS-MATRIX-00589","PS-MAT-BT_CERAMIC","PS-MAT-COLLAGEN","CR","BV","M","PS-PAIR-CR-BV","","FAMILY_CLASS_INHERITED","UNQUALIFIED","NOT_TESTED","false"
"PS-MATRIX-00590","PS-MAT-BT_CERAMIC","PS-MAT-CELL_INK","CR","BV","M","PS-PAIR-CR-BV","","FAMILY_CLASS_INHERITED","UNQUALIFIED","NOT_TESTED","false"
"PS-MATRIX-00591","PS-MAT-BN_CERAMIC","PS-MAT-CU_OFHC","CR","MT","T","PS-PAIR-CR-MT","","FAMILY_CLASS_INHERITED","UNQUALIFIED","NOT_TESTED","false"
"PS-MATRIX-00592","PS-MAT-BN_CERAMIC","PS-MAT-AL_6061","CR","MT","T","PS-PAIR-CR-MT","","FAMILY_CLASS_INHERITED","UNQUALIFIED","NOT_TESTED","false"
"PS-MATRIX-00593","PS-MAT-BN_CERAMIC","PS-MAT-SS_316L","CR","MT","T","PS-PAIR-CR-MT","","FAMILY_CLASS_INHERITED","UNQUALIFIED","NOT_TESTED","false"
"PS-MATRIX-00594","PS-MAT-BN_CERAMIC","PS-MAT-TI_64","CR","MT","T","PS-PAIR-CR-MT","","FAMILY_CLASS_INHERITED","UNQUALIFIED","NOT_TESTED","false"
"PS-MATRIX-00595","PS-MAT-BN_CERAMIC","PS-MAT-NI_ALLOY","CR","MT","T","PS-PAIR-CR-MT","","FAMILY_CLASS_INHERITED","UNQUALIFIED","NOT_TESTED","false"
"PS-MATRIX-00596","PS-MAT-BN_CERAMIC","PS-MAT-AG_METAL","CR","MT","T","PS-PAIR-CR-MT","","FAMILY_CLASS_INHERITED","UNQUALIFIED","NOT_TESTED","false"
"PS-MATRIX-00597","PS-MAT-BN_CERAMIC","PS-MAT-ALUMINA","CR","CR","P","PS-PAIR-CR-CR","","FAMILY_CLASS_INHERITED","UNQUALIFIED","NOT_TESTED","false"
"PS-MATRIX-00598","PS-MAT-BN_CERAMIC","PS-MAT-SILICA","CR","CR","P","PS-PAIR-CR-CR","","FAMILY_CLASS_INHERITED","UNQUALIFIED","NOT_TESTED","false"
"PS-MATRIX-00599","PS-MAT-BN_CERAMIC","PS-MAT-ZIRCONIA","CR","CR","P","PS-PAIR-CR-CR","","FAMILY_CLASS_INHERITED","UNQUALIFIED","NOT_TESTED","false"
"PS-MATRIX-00600","PS-MAT-BN_CERAMIC","PS-MAT-BT_CERAMIC","CR","CR","P","PS-PAIR-CR-CR","","FAMILY_CLASS_INHERITED","UNQUALIFIED","NOT_TESTED","false"
"PS-MATRIX-00601","PS-MAT-BN_CERAMIC","PS-MAT-BN_CERAMIC","CR","CR","P","PS-PAIR-CR-CR","","FAMILY_CLASS_INHERITED","UNQUALIFIED","NOT_TESTED","false"
"PS-MATRIX-00602","PS-MAT-BN_CERAMIC","PS-MAT-PLA","CR","TP","T","PS-PAIR-CR-TP","","FAMILY_CLASS_INHERITED","UNQUALIFIED","NOT_TESTED","false"
"PS-MATRIX-00603","PS-MAT-BN_CERAMIC","PS-MAT-PETG","CR","TP","T","PS-PAIR-CR-TP","","FAMILY_CLASS_INHERITED","UNQUALIFIED","NOT_TESTED","false"
"PS-MATRIX-00604","PS-MAT-BN_CERAMIC","PS-MAT-ABS","CR","TP","T","PS-PAIR-CR-TP","","FAMILY_CLASS_INHERITED","UNQUALIFIED","NOT_TESTED","false"
"PS-MATRIX-00605","PS-MAT-BN_CERAMIC","PS-MAT-PA12","CR","TP","T","PS-PAIR-CR-TP","","FAMILY_CLASS_INHERITED","UNQUALIFIED","NOT_TESTED","false"
"PS-MATRIX-00606","PS-MAT-BN_CERAMIC","PS-MAT-PEEK","CR","TP","T","PS-PAIR-CR-TP","","FAMILY_CLASS_INHERITED","UNQUALIFIED","NOT_TESTED","false"
"PS-MATRIX-00607","PS-MAT-BN_CERAMIC","PS-MAT-PP","CR","TP","T","PS-PAIR-CR-TP","","FAMILY_CLASS_INHERITED","UNQUALIFIED","NOT_TESTED","false"
"PS-MATRIX-00608","PS-MAT-BN_CERAMIC","PS-MAT-ACRYLATE","CR","RS","T","PS-PAIR-CR-RS","","FAMILY_CLASS_INHERITED","UNQUALIFIED","NOT_TESTED","false"
"PS-MATRIX-00609","PS-MAT-BN_CERAMIC","PS-MAT-EPOXY","CR","RS","T","PS-PAIR-CR-RS","","FAMILY_CLASS_INHERITED","UNQUALIFIED","NOT_TESTED","false"
"PS-MATRIX-00610","PS-MAT-BN_CERAMIC","PS-MAT-SILICONE_RESIN","CR","RS","T","PS-PAIR-CR-RS","","FAMILY_CLASS_INHERITED","UNQUALIFIED","NOT_TESTED","false"
"PS-MATRIX-00611","PS-MAT-BN_CERAMIC","PS-MAT-TPU","CR","EL","T","PS-PAIR-CR-EL","","FAMILY_CLASS_INHERITED","UNQUALIFIED","NOT_TESTED","false"
"PS-MATRIX-00612","PS-MAT-BN_CERAMIC","PS-MAT-PDMS","CR","EL","T","PS-PAIR-CR-EL","","FAMILY_CLASS_INHERITED","UNQUALIFIED","NOT_TESTED","false"
"PS-MATRIX-00613","PS-MAT-BN_CERAMIC","PS-MAT-SILICONE_E","CR","EL","T","PS-PAIR-CR-EL","","FAMILY_CLASS_INHERITED","UNQUALIFIED","NOT_TESTED","false"
"PS-MATRIX-00614","PS-MAT-BN_CERAMIC","PS-MAT-HYDROGEL_E","CR","EL","T","PS-PAIR-CR-EL","","FAMILY_CLASS_INHERITED","UNQUALIFIED","NOT_TESTED","false"
"PS-MATRIX-00615","PS-MAT-BN_CERAMIC","PS-MAT-AG_INK","CR","CI","T","PS-PAIR-CR-CI","","FAMILY_CLASS_INHERITED","UNQUALIFIED","NOT_TESTED","false"
"PS-MATRIX-00616","PS-MAT-BN_CERAMIC","PS-MAT-CU_INK","CR","CI","T","PS-PAIR-CR-CI","","FAMILY_CLASS_INHERITED","UNQUALIFIED","NOT_TESTED","false"
"PS-MATRIX-00617","PS-MAT-BN_CERAMIC","PS-MAT-CARBON_INK","CR","CI","T","PS-PAIR-CR-CI","","FAMILY_CLASS_INHERITED","UNQUALIFIED","NOT_TESTED","false"
"PS-MATRIX-00618","PS-MAT-BN_CERAMIC","PS-MAT-GRAPHENE_INK","CR","CI","T","PS-PAIR-CR-CI","","FAMILY_CLASS_INHERITED","UNQUALIFIED","NOT_TESTED","false"
"PS-MATRIX-00619","PS-MAT-BN_CERAMIC","PS-MAT-PEDOT_PSS","CR","CI","T","PS-PAIR-CR-CI","","FAMILY_CLASS_INHERITED","UNQUALIFIED","NOT_TESTED","false"
"PS-MATRIX-00620","PS-MAT-BN_CERAMIC","PS-MAT-DIEL_UV","CR","DE","T","PS-PAIR-CR-DE","","FAMILY_CLASS_INHERITED","UNQUALIFIED","NOT_TESTED","false"
"PS-MATRIX-00621","PS-MAT-BN_CERAMIC","PS-MAT-DIEL_EPOXY","CR","DE","T","PS-PAIR-CR-DE","","FAMILY_CLASS_INHERITED","UNQUALIFIED","NOT_TESTED","false"
"PS-MATRIX-00622","PS-MAT-BN_CERAMIC","PS-MAT-POLYIMIDE","CR","DE","T","PS-PAIR-CR-DE","","FAMILY_CLASS_INHERITED","UNQUALIFIED","NOT_TESTED","false"
"PS-MATRIX-00623","PS-MAT-BN_CERAMIC","PS-MAT-PARylene","CR","DE","T","PS-PAIR-CR-DE","","FAMILY_CLASS_INHERITED","UNQUALIFIED","NOT_TESTED","false"
"PS-MATRIX-00624","PS-MAT-BN_CERAMIC","PS-MAT-FERRITE_PASTE","CR","MG","T","PS-PAIR-CR-MG","","FAMILY_CLASS_INHERITED","UNQUALIFIED","NOT_TESTED","false"
"PS-MATRIX-00625","PS-MAT-BN_CERAMIC","PS-MAT-NDFEB_BONDED","CR","MG","T","PS-PAIR-CR-MG","","FAMILY_CLASS_INHERITED","UNQUALIFIED","NOT_TESTED","false"
"PS-MATRIX-00626","PS-MAT-BN_CERAMIC","PS-MAT-IRON_COMPOSITE","CR","MG","T","PS-PAIR-CR-MG","","FAMILY_CLASS_INHERITED","UNQUALIFIED","NOT_TESTED","false"
"PS-MATRIX-00627","PS-MAT-BN_CERAMIC","PS-MAT-OPTICAL_RESIN","CR","OP","T","PS-PAIR-CR-OP","","FAMILY_CLASS_INHERITED","UNQUALIFIED","NOT_TESTED","false"
"PS-MATRIX-00628","PS-MAT-BN_CERAMIC","PS-MAT-PMMA","CR","OP","T","PS-PAIR-CR-OP","","FAMILY_CLASS_INHERITED","UNQUALIFIED","NOT_TESTED","false"
"PS-MATRIX-00629","PS-MAT-BN_CERAMIC","PS-MAT-FUSED_SILICA","CR","OP","T","PS-PAIR-CR-OP","","FAMILY_CLASS_INHERITED","UNQUALIFIED","NOT_TESTED","false"
"PS-MATRIX-00630","PS-MAT-BN_CERAMIC","PS-MAT-PHOSPHOR_FILM","CR","OP","T","PS-PAIR-CR-OP","","FAMILY_CLASS_INHERITED","UNQUALIFIED","NOT_TESTED","false"
"PS-MATRIX-00631","PS-MAT-BN_CERAMIC","PS-MAT-PVA_SUPPORT","CR","FL","T","PS-PAIR-CR-FL","","FAMILY_CLASS_INHERITED","UNQUALIFIED","NOT_TESTED","false"
"PS-MATRIX-00632","PS-MAT-BN_CERAMIC","PS-MAT-WAX_SUPPORT","CR","FL","T","PS-PAIR-CR-FL","","FAMILY_CLASS_INHERITED","UNQUALIFIED","NOT_TESTED","false"
"PS-MATRIX-00633","PS-MAT-BN_CERAMIC","PS-MAT-MICROGEL","CR","FL","T","PS-PAIR-CR-FL","","FAMILY_CLASS_INHERITED","UNQUALIFIED","NOT_TESTED","false"
"PS-MATRIX-00634","PS-MAT-BN_CERAMIC","PS-MAT-GAS_CAVITY","CR","FL","T","PS-PAIR-CR-FL","","FAMILY_CLASS_INHERITED","UNQUALIFIED","NOT_TESTED","false"
"PS-MATRIX-00635","PS-MAT-BN_CERAMIC","PS-MAT-GRAPHITE_ANODE","CR","EC","T","PS-PAIR-CR-EC","","FAMILY_CLASS_INHERITED","UNQUALIFIED","NOT_TESTED","false"
"PS-MATRIX-00636","PS-MAT-BN_CERAMIC","PS-MAT-LFP_CATHODE","CR","EC","T","PS-PAIR-CR-EC","","FAMILY_CLASS_INHERITED","UNQUALIFIED","NOT_TESTED","false"
"PS-MATRIX-00637","PS-MAT-BN_CERAMIC","PS-MAT-GEL_ELECTROLYTE","CR","EC","T","PS-PAIR-CR-EC","","FAMILY_CLASS_INHERITED","UNQUALIFIED","NOT_TESTED","false"
"PS-MATRIX-00638","PS-MAT-BN_CERAMIC","PS-MAT-CARBON_SUPERCAP","CR","EC","T","PS-PAIR-CR-EC","","FAMILY_CLASS_INHERITED","UNQUALIFIED","NOT_TESTED","false"
"PS-MATRIX-00639","PS-MAT-BN_CERAMIC","PS-MAT-SILICON_DIE","CR","SC","M","PS-PAIR-CR-SC","","FAMILY_CLASS_INHERITED","UNQUALIFIED","NOT_TESTED","false"
"PS-MATRIX-00640","PS-MAT-BN_CERAMIC","PS-MAT-CAMERA_MODULE","CR","SC","M","PS-PAIR-CR-SC","","FAMILY_CLASS_INHERITED","UNQUALIFIED","NOT_TESTED","false"
"PS-MATRIX-00641","PS-MAT-BN_CERAMIC","PS-MAT-LED_PACKAGE","CR","SC","M","PS-PAIR-CR-SC","","FAMILY_CLASS_INHERITED","UNQUALIFIED","NOT_TESTED","false"
"PS-MATRIX-00642","PS-MAT-BN_CERAMIC","PS-MAT-RF_IC","CR","SC","M","PS-PAIR-CR-SC","","FAMILY_CLASS_INHERITED","UNQUALIFIED","NOT_TESTED","false"
"PS-MATRIX-00643","PS-MAT-BN_CERAMIC","PS-MAT-LFP_MODULE","CR","BT","M","PS-PAIR-CR-BT","","FAMILY_CLASS_INHERITED","UNQUALIFIED","NOT_TESTED","false"
"PS-MATRIX-00644","PS-MAT-BN_CERAMIC","PS-MAT-LIION_MODULE","CR","BT","M","PS-PAIR-CR-BT","","FAMILY_CLASS_INHERITED","UNQUALIFIED","NOT_TESTED","false"
"PS-MATRIX-00645","PS-MAT-BN_CERAMIC","PS-MAT-CAP_BANK","CR","BT","M","PS-PAIR-CR-BT","","FAMILY_CLASS_INHERITED","UNQUALIFIED","NOT_TESTED","false"
"PS-MATRIX-00646","PS-MAT-BN_CERAMIC","PS-MAT-ALGINATE","CR","BV","M","PS-PAIR-CR-BV","","FAMILY_CLASS_INHERITED","UNQUALIFIED","NOT_TESTED","false"
"PS-MATRIX-00647","PS-MAT-BN_CERAMIC","PS-MAT-GELATIN","CR","BV","M","PS-PAIR-CR-BV","","FAMILY_CLASS_INHERITED","UNQUALIFIED","NOT_TESTED","false"
"PS-MATRIX-00648","PS-MAT-BN_CERAMIC","PS-MAT-COLLAGEN","CR","BV","M","PS-PAIR-CR-BV","","FAMILY_CLASS_INHERITED","UNQUALIFIED","NOT_TESTED","false"
"PS-MATRIX-00649","PS-MAT-BN_CERAMIC","PS-MAT-CELL_INK","CR","BV","M","PS-PAIR-CR-BV","","FAMILY_CLASS_INHERITED","UNQUALIFIED","NOT_TESTED","false"
"PS-MATRIX-00650","PS-MAT-PLA","PS-MAT-CU_OFHC","TP","MT","T","PS-PAIR-TP-MT","","FAMILY_CLASS_INHERITED","UNQUALIFIED","NOT_TESTED","false"
"PS-MATRIX-00651","PS-MAT-PLA","PS-MAT-AL_6061","TP","MT","T","PS-PAIR-TP-MT","","FAMILY_CLASS_INHERITED","UNQUALIFIED","NOT_TESTED","false"
"PS-MATRIX-00652","PS-MAT-PLA","PS-MAT-SS_316L","TP","MT","T","PS-PAIR-TP-MT","","FAMILY_CLASS_INHERITED","UNQUALIFIED","NOT_TESTED","false"
"PS-MATRIX-00653","PS-MAT-PLA","PS-MAT-TI_64","TP","MT","T","PS-PAIR-TP-MT","","FAMILY_CLASS_INHERITED","UNQUALIFIED","NOT_TESTED","false"
"PS-MATRIX-00654","PS-MAT-PLA","PS-MAT-NI_ALLOY","TP","MT","T","PS-PAIR-TP-MT","","FAMILY_CLASS_INHERITED","UNQUALIFIED","NOT_TESTED","false"
"PS-MATRIX-00655","PS-MAT-PLA","PS-MAT-AG_METAL","TP","MT","T","PS-PAIR-TP-MT","","FAMILY_CLASS_INHERITED","UNQUALIFIED","NOT_TESTED","false"
"PS-MATRIX-00656","PS-MAT-PLA","PS-MAT-ALUMINA","TP","CR","T","PS-PAIR-TP-CR","","FAMILY_CLASS_INHERITED","UNQUALIFIED","NOT_TESTED","false"
"PS-MATRIX-00657","PS-MAT-PLA","PS-MAT-SILICA","TP","CR","T","PS-PAIR-TP-CR","","FAMILY_CLASS_INHERITED","UNQUALIFIED","NOT_TESTED","false"
"PS-MATRIX-00658","PS-MAT-PLA","PS-MAT-ZIRCONIA","TP","CR","T","PS-PAIR-TP-CR","","FAMILY_CLASS_INHERITED","UNQUALIFIED","NOT_TESTED","false"
"PS-MATRIX-00659","PS-MAT-PLA","PS-MAT-BT_CERAMIC","TP","CR","T","PS-PAIR-TP-CR","","FAMILY_CLASS_INHERITED","UNQUALIFIED","NOT_TESTED","false"
"PS-MATRIX-00660","PS-MAT-PLA","PS-MAT-BN_CERAMIC","TP","CR","T","PS-PAIR-TP-CR","","FAMILY_CLASS_INHERITED","UNQUALIFIED","NOT_TESTED","false"
"PS-MATRIX-00661","PS-MAT-PLA","PS-MAT-PLA","TP","TP","P","PS-PAIR-TP-TP","","FAMILY_CLASS_INHERITED","UNQUALIFIED","NOT_TESTED","false"
"PS-MATRIX-00662","PS-MAT-PLA","PS-MAT-PETG","TP","TP","P","PS-PAIR-TP-TP","","FAMILY_CLASS_INHERITED","UNQUALIFIED","NOT_TESTED","false"
"PS-MATRIX-00663","PS-MAT-PLA","PS-MAT-ABS","TP","TP","P","PS-PAIR-TP-TP","","FAMILY_CLASS_INHERITED","UNQUALIFIED","NOT_TESTED","false"
"PS-MATRIX-00664","PS-MAT-PLA","PS-MAT-PA12","TP","TP","P","PS-PAIR-TP-TP","","FAMILY_CLASS_INHERITED","UNQUALIFIED","NOT_TESTED","false"
"PS-MATRIX-00665","PS-MAT-PLA","PS-MAT-PEEK","TP","TP","P","PS-PAIR-TP-TP","","FAMILY_CLASS_INHERITED","UNQUALIFIED","NOT_TESTED","false"
"PS-MATRIX-00666","PS-MAT-PLA","PS-MAT-PP","TP","TP","P","PS-PAIR-TP-TP","","FAMILY_CLASS_INHERITED","UNQUALIFIED","NOT_TESTED","false"
"PS-MATRIX-00667","PS-MAT-PLA","PS-MAT-ACRYLATE","TP","RS","S","PS-PAIR-TP-RS","","FAMILY_CLASS_INHERITED","UNQUALIFIED","NOT_TESTED","false"
"PS-MATRIX-00668","PS-MAT-PLA","PS-MAT-EPOXY","TP","RS","S","PS-PAIR-TP-RS","","FAMILY_CLASS_INHERITED","UNQUALIFIED","NOT_TESTED","false"
"PS-MATRIX-00669","PS-MAT-PLA","PS-MAT-SILICONE_RESIN","TP","RS","S","PS-PAIR-TP-RS","","FAMILY_CLASS_INHERITED","UNQUALIFIED","NOT_TESTED","false"
"PS-MATRIX-00670","PS-MAT-PLA","PS-MAT-TPU","TP","EL","S","PS-PAIR-TP-EL","","FAMILY_CLASS_INHERITED","UNQUALIFIED","NOT_TESTED","false"
"PS-MATRIX-00671","PS-MAT-PLA","PS-MAT-PDMS","TP","EL","S","PS-PAIR-TP-EL","","FAMILY_CLASS_INHERITED","UNQUALIFIED","NOT_TESTED","false"
"PS-MATRIX-00672","PS-MAT-PLA","PS-MAT-SILICONE_E","TP","EL","S","PS-PAIR-TP-EL","","FAMILY_CLASS_INHERITED","UNQUALIFIED","NOT_TESTED","false"
"PS-MATRIX-00673","PS-MAT-PLA","PS-MAT-HYDROGEL_E","TP","EL","S","PS-PAIR-TP-EL","","FAMILY_CLASS_INHERITED","UNQUALIFIED","NOT_TESTED","false"
"PS-MATRIX-00674","PS-MAT-PLA","PS-MAT-AG_INK","TP","CI","S","PS-PAIR-TP-CI","PS-MR-006-AB","ROUTE_SEED_ONLY","UNQUALIFIED","NOT_TESTED","false"
"PS-MATRIX-00675","PS-MAT-PLA","PS-MAT-CU_INK","TP","CI","S","PS-PAIR-TP-CI","","FAMILY_CLASS_INHERITED","UNQUALIFIED","NOT_TESTED","false"
"PS-MATRIX-00676","PS-MAT-PLA","PS-MAT-CARBON_INK","TP","CI","S","PS-PAIR-TP-CI","","FAMILY_CLASS_INHERITED","UNQUALIFIED","NOT_TESTED","false"
"PS-MATRIX-00677","PS-MAT-PLA","PS-MAT-GRAPHENE_INK","TP","CI","S","PS-PAIR-TP-CI","","FAMILY_CLASS_INHERITED","UNQUALIFIED","NOT_TESTED","false"
"PS-MATRIX-00678","PS-MAT-PLA","PS-MAT-PEDOT_PSS","TP","CI","S","PS-PAIR-TP-CI","","FAMILY_CLASS_INHERITED","UNQUALIFIED","NOT_TESTED","false"
"PS-MATRIX-00679","PS-MAT-PLA","PS-MAT-DIEL_UV","TP","DE","S","PS-PAIR-TP-DE","","FAMILY_CLASS_INHERITED","UNQUALIFIED","NOT_TESTED","false"
"PS-MATRIX-00680","PS-MAT-PLA","PS-MAT-DIEL_EPOXY","TP","DE","S","PS-PAIR-TP-DE","","FAMILY_CLASS_INHERITED","UNQUALIFIED","NOT_TESTED","false"
"PS-MATRIX-00681","PS-MAT-PLA","PS-MAT-POLYIMIDE","TP","DE","S","PS-PAIR-TP-DE","","FAMILY_CLASS_INHERITED","UNQUALIFIED","NOT_TESTED","false"
"PS-MATRIX-00682","PS-MAT-PLA","PS-MAT-PARylene","TP","DE","S","PS-PAIR-TP-DE","","FAMILY_CLASS_INHERITED","UNQUALIFIED","NOT_TESTED","false"
"PS-MATRIX-00683","PS-MAT-PLA","PS-MAT-FERRITE_PASTE","TP","MG","S","PS-PAIR-TP-MG","","FAMILY_CLASS_INHERITED","UNQUALIFIED","NOT_TESTED","false"
"PS-MATRIX-00684","PS-MAT-PLA","PS-MAT-NDFEB_BONDED","TP","MG","S","PS-PAIR-TP-MG","","FAMILY_CLASS_INHERITED","UNQUALIFIED","NOT_TESTED","false"
"PS-MATRIX-00685","PS-MAT-PLA","PS-MAT-IRON_COMPOSITE","TP","MG","S","PS-PAIR-TP-MG","","FAMILY_CLASS_INHERITED","UNQUALIFIED","NOT_TESTED","false"
"PS-MATRIX-00686","PS-MAT-PLA","PS-MAT-OPTICAL_RESIN","TP","OP","T","PS-PAIR-TP-OP","","FAMILY_CLASS_INHERITED","UNQUALIFIED","NOT_TESTED","false"
"PS-MATRIX-00687","PS-MAT-PLA","PS-MAT-PMMA","TP","OP","T","PS-PAIR-TP-OP","","FAMILY_CLASS_INHERITED","UNQUALIFIED","NOT_TESTED","false"
"PS-MATRIX-00688","PS-MAT-PLA","PS-MAT-FUSED_SILICA","TP","OP","T","PS-PAIR-TP-OP","","FAMILY_CLASS_INHERITED","UNQUALIFIED","NOT_TESTED","false"
"PS-MATRIX-00689","PS-MAT-PLA","PS-MAT-PHOSPHOR_FILM","TP","OP","T","PS-PAIR-TP-OP","","FAMILY_CLASS_INHERITED","UNQUALIFIED","NOT_TESTED","false"
"PS-MATRIX-00690","PS-MAT-PLA","PS-MAT-PVA_SUPPORT","TP","FL","S","PS-PAIR-TP-FL","","FAMILY_CLASS_INHERITED","UNQUALIFIED","NOT_TESTED","false"
"PS-MATRIX-00691","PS-MAT-PLA","PS-MAT-WAX_SUPPORT","TP","FL","S","PS-PAIR-TP-FL","","FAMILY_CLASS_INHERITED","UNQUALIFIED","NOT_TESTED","false"
"PS-MATRIX-00692","PS-MAT-PLA","PS-MAT-MICROGEL","TP","FL","S","PS-PAIR-TP-FL","","FAMILY_CLASS_INHERITED","UNQUALIFIED","NOT_TESTED","false"
"PS-MATRIX-00693","PS-MAT-PLA","PS-MAT-GAS_CAVITY","TP","FL","S","PS-PAIR-TP-FL","","FAMILY_CLASS_INHERITED","UNQUALIFIED","NOT_TESTED","false"
"PS-MATRIX-00694","PS-MAT-PLA","PS-MAT-GRAPHITE_ANODE","TP","EC","T","PS-PAIR-TP-EC","","FAMILY_CLASS_INHERITED","UNQUALIFIED","NOT_TESTED","false"
"PS-MATRIX-00695","PS-MAT-PLA","PS-MAT-LFP_CATHODE","TP","EC","T","PS-PAIR-TP-EC","","FAMILY_CLASS_INHERITED","UNQUALIFIED","NOT_TESTED","false"
"PS-MATRIX-00696","PS-MAT-PLA","PS-MAT-GEL_ELECTROLYTE","TP","EC","T","PS-PAIR-TP-EC","","FAMILY_CLASS_INHERITED","UNQUALIFIED","NOT_TESTED","false"
"PS-MATRIX-00697","PS-MAT-PLA","PS-MAT-CARBON_SUPERCAP","TP","EC","T","PS-PAIR-TP-EC","","FAMILY_CLASS_INHERITED","UNQUALIFIED","NOT_TESTED","false"
"PS-MATRIX-00698","PS-MAT-PLA","PS-MAT-SILICON_DIE","TP","SC","M","PS-PAIR-TP-SC","","FAMILY_CLASS_INHERITED","UNQUALIFIED","NOT_TESTED","false"
"PS-MATRIX-00699","PS-MAT-PLA","PS-MAT-CAMERA_MODULE","TP","SC","M","PS-PAIR-TP-SC","","FAMILY_CLASS_INHERITED","UNQUALIFIED","NOT_TESTED","false"
"PS-MATRIX-00700","PS-MAT-PLA","PS-MAT-LED_PACKAGE","TP","SC","M","PS-PAIR-TP-SC","","FAMILY_CLASS_INHERITED","UNQUALIFIED","NOT_TESTED","false"
"PS-MATRIX-00701","PS-MAT-PLA","PS-MAT-RF_IC","TP","SC","M","PS-PAIR-TP-SC","","FAMILY_CLASS_INHERITED","UNQUALIFIED","NOT_TESTED","false"
"PS-MATRIX-00702","PS-MAT-PLA","PS-MAT-LFP_MODULE","TP","BT","M","PS-PAIR-TP-BT","","FAMILY_CLASS_INHERITED","UNQUALIFIED","NOT_TESTED","false"
"PS-MATRIX-00703","PS-MAT-PLA","PS-MAT-LIION_MODULE","TP","BT","M","PS-PAIR-TP-BT","","FAMILY_CLASS_INHERITED","UNQUALIFIED","NOT_TESTED","false"
"PS-MATRIX-00704","PS-MAT-PLA","PS-MAT-CAP_BANK","TP","BT","M","PS-PAIR-TP-BT","","FAMILY_CLASS_INHERITED","UNQUALIFIED","NOT_TESTED","false"
"PS-MATRIX-00705","PS-MAT-PLA","PS-MAT-ALGINATE","TP","BV","T","PS-PAIR-TP-BV","","FAMILY_CLASS_INHERITED","UNQUALIFIED","NOT_TESTED","false"
"PS-MATRIX-00706","PS-MAT-PLA","PS-MAT-GELATIN","TP","BV","T","PS-PAIR-TP-BV","","FAMILY_CLASS_INHERITED","UNQUALIFIED","NOT_TESTED","false"
"PS-MATRIX-00707","PS-MAT-PLA","PS-MAT-COLLAGEN","TP","BV","T","PS-PAIR-TP-BV","","FAMILY_CLASS_INHERITED","UNQUALIFIED","NOT_TESTED","false"
"PS-MATRIX-00708","PS-MAT-PLA","PS-MAT-CELL_INK","TP","BV","T","PS-PAIR-TP-BV","","FAMILY_CLASS_INHERITED","UNQUALIFIED","NOT_TESTED","false"
"PS-MATRIX-00709","PS-MAT-PETG","PS-MAT-CU_OFHC","TP","MT","T","PS-PAIR-TP-MT","","FAMILY_CLASS_INHERITED","UNQUALIFIED","NOT_TESTED","false"
"PS-MATRIX-00710","PS-MAT-PETG","PS-MAT-AL_6061","TP","MT","T","PS-PAIR-TP-MT","","FAMILY_CLASS_INHERITED","UNQUALIFIED","NOT_TESTED","false"
"PS-MATRIX-00711","PS-MAT-PETG","PS-MAT-SS_316L","TP","MT","T","PS-PAIR-TP-MT","PS-MR-001-BA","ROUTE_SEED_ONLY","UNQUALIFIED","NOT_TESTED","false"
"PS-MATRIX-00712","PS-MAT-PETG","PS-MAT-TI_64","TP","MT","T","PS-PAIR-TP-MT","","FAMILY_CLASS_INHERITED","UNQUALIFIED","NOT_TESTED","false"
"PS-MATRIX-00713","PS-MAT-PETG","PS-MAT-NI_ALLOY","TP","MT","T","PS-PAIR-TP-MT","","FAMILY_CLASS_INHERITED","UNQUALIFIED","NOT_TESTED","false"
"PS-MATRIX-00714","PS-MAT-PETG","PS-MAT-AG_METAL","TP","MT","T","PS-PAIR-TP-MT","","FAMILY_CLASS_INHERITED","UNQUALIFIED","NOT_TESTED","false"
"PS-MATRIX-00715","PS-MAT-PETG","PS-MAT-ALUMINA","TP","CR","T","PS-PAIR-TP-CR","","FAMILY_CLASS_INHERITED","UNQUALIFIED","NOT_TESTED","false"
"PS-MATRIX-00716","PS-MAT-PETG","PS-MAT-SILICA","TP","CR","T","PS-PAIR-TP-CR","","FAMILY_CLASS_INHERITED","UNQUALIFIED","NOT_TESTED","false"
"PS-MATRIX-00717","PS-MAT-PETG","PS-MAT-ZIRCONIA","TP","CR","T","PS-PAIR-TP-CR","","FAMILY_CLASS_INHERITED","UNQUALIFIED","NOT_TESTED","false"
"PS-MATRIX-00718","PS-MAT-PETG","PS-MAT-BT_CERAMIC","TP","CR","T","PS-PAIR-TP-CR","","FAMILY_CLASS_INHERITED","UNQUALIFIED","NOT_TESTED","false"
"PS-MATRIX-00719","PS-MAT-PETG","PS-MAT-BN_CERAMIC","TP","CR","T","PS-PAIR-TP-CR","","FAMILY_CLASS_INHERITED","UNQUALIFIED","NOT_TESTED","false"
"PS-MATRIX-00720","PS-MAT-PETG","PS-MAT-PLA","TP","TP","P","PS-PAIR-TP-TP","","FAMILY_CLASS_INHERITED","UNQUALIFIED","NOT_TESTED","false"
"PS-MATRIX-00721","PS-MAT-PETG","PS-MAT-PETG","TP","TP","P","PS-PAIR-TP-TP","","FAMILY_CLASS_INHERITED","UNQUALIFIED","NOT_TESTED","false"
"PS-MATRIX-00722","PS-MAT-PETG","PS-MAT-ABS","TP","TP","P","PS-PAIR-TP-TP","","FAMILY_CLASS_INHERITED","UNQUALIFIED","NOT_TESTED","false"
"PS-MATRIX-00723","PS-MAT-PETG","PS-MAT-PA12","TP","TP","P","PS-PAIR-TP-TP","","FAMILY_CLASS_INHERITED","UNQUALIFIED","NOT_TESTED","false"
"PS-MATRIX-00724","PS-MAT-PETG","PS-MAT-PEEK","TP","TP","P","PS-PAIR-TP-TP","","FAMILY_CLASS_INHERITED","UNQUALIFIED","NOT_TESTED","false"
"PS-MATRIX-00725","PS-MAT-PETG","PS-MAT-PP","TP","TP","P","PS-PAIR-TP-TP","","FAMILY_CLASS_INHERITED","UNQUALIFIED","NOT_TESTED","false"
"PS-MATRIX-00726","PS-MAT-PETG","PS-MAT-ACRYLATE","TP","RS","S","PS-PAIR-TP-RS","","FAMILY_CLASS_INHERITED","UNQUALIFIED","NOT_TESTED","false"
"PS-MATRIX-00727","PS-MAT-PETG","PS-MAT-EPOXY","TP","RS","S","PS-PAIR-TP-RS","","FAMILY_CLASS_INHERITED","UNQUALIFIED","NOT_TESTED","false"
"PS-MATRIX-00728","PS-MAT-PETG","PS-MAT-SILICONE_RESIN","TP","RS","S","PS-PAIR-TP-RS","","FAMILY_CLASS_INHERITED","UNQUALIFIED","NOT_TESTED","false"
"PS-MATRIX-00729","PS-MAT-PETG","PS-MAT-TPU","TP","EL","S","PS-PAIR-TP-EL","","FAMILY_CLASS_INHERITED","UNQUALIFIED","NOT_TESTED","false"
"PS-MATRIX-00730","PS-MAT-PETG","PS-MAT-PDMS","TP","EL","S","PS-PAIR-TP-EL","","FAMILY_CLASS_INHERITED","UNQUALIFIED","NOT_TESTED","false"
"PS-MATRIX-00731","PS-MAT-PETG","PS-MAT-SILICONE_E","TP","EL","S","PS-PAIR-TP-EL","","FAMILY_CLASS_INHERITED","UNQUALIFIED","NOT_TESTED","false"
"PS-MATRIX-00732","PS-MAT-PETG","PS-MAT-HYDROGEL_E","TP","EL","S","PS-PAIR-TP-EL","","FAMILY_CLASS_INHERITED","UNQUALIFIED","NOT_TESTED","false"
"PS-MATRIX-00733","PS-MAT-PETG","PS-MAT-AG_INK","TP","CI","S","PS-PAIR-TP-CI","","FAMILY_CLASS_INHERITED","UNQUALIFIED","NOT_TESTED","false"
"PS-MATRIX-00734","PS-MAT-PETG","PS-MAT-CU_INK","TP","CI","S","PS-PAIR-TP-CI","PS-MR-007-AB","ROUTE_SEED_ONLY","UNQUALIFIED","NOT_TESTED","false"
"PS-MATRIX-00735","PS-MAT-PETG","PS-MAT-CARBON_INK","TP","CI","S","PS-PAIR-TP-CI","","FAMILY_CLASS_INHERITED","UNQUALIFIED","NOT_TESTED","false"
"PS-MATRIX-00736","PS-MAT-PETG","PS-MAT-GRAPHENE_INK","TP","CI","S","PS-PAIR-TP-CI","","FAMILY_CLASS_INHERITED","UNQUALIFIED","NOT_TESTED","false"
"PS-MATRIX-00737","PS-MAT-PETG","PS-MAT-PEDOT_PSS","TP","CI","S","PS-PAIR-TP-CI","","FAMILY_CLASS_INHERITED","UNQUALIFIED","NOT_TESTED","false"
"PS-MATRIX-00738","PS-MAT-PETG","PS-MAT-DIEL_UV","TP","DE","S","PS-PAIR-TP-DE","","FAMILY_CLASS_INHERITED","UNQUALIFIED","NOT_TESTED","false"
"PS-MATRIX-00739","PS-MAT-PETG","PS-MAT-DIEL_EPOXY","TP","DE","S","PS-PAIR-TP-DE","","FAMILY_CLASS_INHERITED","UNQUALIFIED","NOT_TESTED","false"
"PS-MATRIX-00740","PS-MAT-PETG","PS-MAT-POLYIMIDE","TP","DE","S","PS-PAIR-TP-DE","","FAMILY_CLASS_INHERITED","UNQUALIFIED","NOT_TESTED","false"
"PS-MATRIX-00741","PS-MAT-PETG","PS-MAT-PARylene","TP","DE","S","PS-PAIR-TP-DE","","FAMILY_CLASS_INHERITED","UNQUALIFIED","NOT_TESTED","false"
"PS-MATRIX-00742","PS-MAT-PETG","PS-MAT-FERRITE_PASTE","TP","MG","S","PS-PAIR-TP-MG","","FAMILY_CLASS_INHERITED","UNQUALIFIED","NOT_TESTED","false"
"PS-MATRIX-00743","PS-MAT-PETG","PS-MAT-NDFEB_BONDED","TP","MG","S","PS-PAIR-TP-MG","","FAMILY_CLASS_INHERITED","UNQUALIFIED","NOT_TESTED","false"
"PS-MATRIX-00744","PS-MAT-PETG","PS-MAT-IRON_COMPOSITE","TP","MG","S","PS-PAIR-TP-MG","","FAMILY_CLASS_INHERITED","UNQUALIFIED","NOT_TESTED","false"
"PS-MATRIX-00745","PS-MAT-PETG","PS-MAT-OPTICAL_RESIN","TP","OP","T","PS-PAIR-TP-OP","","FAMILY_CLASS_INHERITED","UNQUALIFIED","NOT_TESTED","false"
"PS-MATRIX-00746","PS-MAT-PETG","PS-MAT-PMMA","TP","OP","T","PS-PAIR-TP-OP","","FAMILY_CLASS_INHERITED","UNQUALIFIED","NOT_TESTED","false"
"PS-MATRIX-00747","PS-MAT-PETG","PS-MAT-FUSED_SILICA","TP","OP","T","PS-PAIR-TP-OP","","FAMILY_CLASS_INHERITED","UNQUALIFIED","NOT_TESTED","false"
"PS-MATRIX-00748","PS-MAT-PETG","PS-MAT-PHOSPHOR_FILM","TP","OP","T","PS-PAIR-TP-OP","","FAMILY_CLASS_INHERITED","UNQUALIFIED","NOT_TESTED","false"
"PS-MATRIX-00749","PS-MAT-PETG","PS-MAT-PVA_SUPPORT","TP","FL","S","PS-PAIR-TP-FL","PS-MR-017-BA","ROUTE_SEED_ONLY","UNQUALIFIED","NOT_TESTED","false"
"PS-MATRIX-00750","PS-MAT-PETG","PS-MAT-WAX_SUPPORT","TP","FL","S","PS-PAIR-TP-FL","","FAMILY_CLASS_INHERITED","UNQUALIFIED","NOT_TESTED","false"
"PS-MATRIX-00751","PS-MAT-PETG","PS-MAT-MICROGEL","TP","FL","S","PS-PAIR-TP-FL","","FAMILY_CLASS_INHERITED","UNQUALIFIED","NOT_TESTED","false"
"PS-MATRIX-00752","PS-MAT-PETG","PS-MAT-GAS_CAVITY","TP","FL","S","PS-PAIR-TP-FL","","FAMILY_CLASS_INHERITED","UNQUALIFIED","NOT_TESTED","false"
"PS-MATRIX-00753","PS-MAT-PETG","PS-MAT-GRAPHITE_ANODE","TP","EC","T","PS-PAIR-TP-EC","","FAMILY_CLASS_INHERITED","UNQUALIFIED","NOT_TESTED","false"
"PS-MATRIX-00754","PS-MAT-PETG","PS-MAT-LFP_CATHODE","TP","EC","T","PS-PAIR-TP-EC","","FAMILY_CLASS_INHERITED","UNQUALIFIED","NOT_TESTED","false"
"PS-MATRIX-00755","PS-MAT-PETG","PS-MAT-GEL_ELECTROLYTE","TP","EC","T","PS-PAIR-TP-EC","","FAMILY_CLASS_INHERITED","UNQUALIFIED","NOT_TESTED","false"
"PS-MATRIX-00756","PS-MAT-PETG","PS-MAT-CARBON_SUPERCAP","TP","EC","T","PS-PAIR-TP-EC","","FAMILY_CLASS_INHERITED","UNQUALIFIED","NOT_TESTED","false"
"PS-MATRIX-00757","PS-MAT-PETG","PS-MAT-SILICON_DIE","TP","SC","M","PS-PAIR-TP-SC","PS-MR-022-AB","ROUTE_SEED_ONLY","UNQUALIFIED","NOT_TESTED","false"
"PS-MATRIX-00758","PS-MAT-PETG","PS-MAT-CAMERA_MODULE","TP","SC","M","PS-PAIR-TP-SC","PS-MR-023-AB","ROUTE_SEED_ONLY","UNQUALIFIED","NOT_TESTED","false"
"PS-MATRIX-00759","PS-MAT-PETG","PS-MAT-LED_PACKAGE","TP","SC","M","PS-PAIR-TP-SC","","FAMILY_CLASS_INHERITED","UNQUALIFIED","NOT_TESTED","false"
"PS-MATRIX-00760","PS-MAT-PETG","PS-MAT-RF_IC","TP","SC","M","PS-PAIR-TP-SC","","FAMILY_CLASS_INHERITED","UNQUALIFIED","NOT_TESTED","false"
"PS-MATRIX-00761","PS-MAT-PETG","PS-MAT-LFP_MODULE","TP","BT","M","PS-PAIR-TP-BT","PS-MR-024-AB","ROUTE_SEED_ONLY","UNQUALIFIED","NOT_TESTED","false"
"PS-MATRIX-00762","PS-MAT-PETG","PS-MAT-LIION_MODULE","TP","BT","M","PS-PAIR-TP-BT","","FAMILY_CLASS_INHERITED","UNQUALIFIED","NOT_TESTED","false"
"PS-MATRIX-00763","PS-MAT-PETG","PS-MAT-CAP_BANK","TP","BT","M","PS-PAIR-TP-BT","","FAMILY_CLASS_INHERITED","UNQUALIFIED","NOT_TESTED","false"
"PS-MATRIX-00764","PS-MAT-PETG","PS-MAT-ALGINATE","TP","BV","T","PS-PAIR-TP-BV","","FAMILY_CLASS_INHERITED","UNQUALIFIED","NOT_TESTED","false"
"PS-MATRIX-00765","PS-MAT-PETG","PS-MAT-GELATIN","TP","BV","T","PS-PAIR-TP-BV","","FAMILY_CLASS_INHERITED","UNQUALIFIED","NOT_TESTED","false"
"PS-MATRIX-00766","PS-MAT-PETG","PS-MAT-COLLAGEN","TP","BV","T","PS-PAIR-TP-BV","","FAMILY_CLASS_INHERITED","UNQUALIFIED","NOT_TESTED","false"
"PS-MATRIX-00767","PS-MAT-PETG","PS-MAT-CELL_INK","TP","BV","T","PS-PAIR-TP-BV","","FAMILY_CLASS_INHERITED","UNQUALIFIED","NOT_TESTED","false"
"PS-MATRIX-00768","PS-MAT-ABS","PS-MAT-CU_OFHC","TP","MT","T","PS-PAIR-TP-MT","","FAMILY_CLASS_INHERITED","UNQUALIFIED","NOT_TESTED","false"
"PS-MATRIX-00769","PS-MAT-ABS","PS-MAT-AL_6061","TP","MT","T","PS-PAIR-TP-MT","","FAMILY_CLASS_INHERITED","UNQUALIFIED","NOT_TESTED","false"
"PS-MATRIX-00770","PS-MAT-ABS","PS-MAT-SS_316L","TP","MT","T","PS-PAIR-TP-MT","","FAMILY_CLASS_INHERITED","UNQUALIFIED","NOT_TESTED","false"
"PS-MATRIX-00771","PS-MAT-ABS","PS-MAT-TI_64","TP","MT","T","PS-PAIR-TP-MT","","FAMILY_CLASS_INHERITED","UNQUALIFIED","NOT_TESTED","false"
"PS-MATRIX-00772","PS-MAT-ABS","PS-MAT-NI_ALLOY","TP","MT","T","PS-PAIR-TP-MT","","FAMILY_CLASS_INHERITED","UNQUALIFIED","NOT_TESTED","false"
"PS-MATRIX-00773","PS-MAT-ABS","PS-MAT-AG_METAL","TP","MT","T","PS-PAIR-TP-MT","","FAMILY_CLASS_INHERITED","UNQUALIFIED","NOT_TESTED","false"
"PS-MATRIX-00774","PS-MAT-ABS","PS-MAT-ALUMINA","TP","CR","T","PS-PAIR-TP-CR","","FAMILY_CLASS_INHERITED","UNQUALIFIED","NOT_TESTED","false"
"PS-MATRIX-00775","PS-MAT-ABS","PS-MAT-SILICA","TP","CR","T","PS-PAIR-TP-CR","","FAMILY_CLASS_INHERITED","UNQUALIFIED","NOT_TESTED","false"
"PS-MATRIX-00776","PS-MAT-ABS","PS-MAT-ZIRCONIA","TP","CR","T","PS-PAIR-TP-CR","","FAMILY_CLASS_INHERITED","UNQUALIFIED","NOT_TESTED","false"
"PS-MATRIX-00777","PS-MAT-ABS","PS-MAT-BT_CERAMIC","TP","CR","T","PS-PAIR-TP-CR","","FAMILY_CLASS_INHERITED","UNQUALIFIED","NOT_TESTED","false"
"PS-MATRIX-00778","PS-MAT-ABS","PS-MAT-BN_CERAMIC","TP","CR","T","PS-PAIR-TP-CR","","FAMILY_CLASS_INHERITED","UNQUALIFIED","NOT_TESTED","false"
"PS-MATRIX-00779","PS-MAT-ABS","PS-MAT-PLA","TP","TP","P","PS-PAIR-TP-TP","","FAMILY_CLASS_INHERITED","UNQUALIFIED","NOT_TESTED","false"
"PS-MATRIX-00780","PS-MAT-ABS","PS-MAT-PETG","TP","TP","P","PS-PAIR-TP-TP","","FAMILY_CLASS_INHERITED","UNQUALIFIED","NOT_TESTED","false"
"PS-MATRIX-00781","PS-MAT-ABS","PS-MAT-ABS","TP","TP","P","PS-PAIR-TP-TP","","FAMILY_CLASS_INHERITED","UNQUALIFIED","NOT_TESTED","false"
"PS-MATRIX-00782","PS-MAT-ABS","PS-MAT-PA12","TP","TP","P","PS-PAIR-TP-TP","","FAMILY_CLASS_INHERITED","UNQUALIFIED","NOT_TESTED","false"
"PS-MATRIX-00783","PS-MAT-ABS","PS-MAT-PEEK","TP","TP","P","PS-PAIR-TP-TP","","FAMILY_CLASS_INHERITED","UNQUALIFIED","NOT_TESTED","false"
"PS-MATRIX-00784","PS-MAT-ABS","PS-MAT-PP","TP","TP","P","PS-PAIR-TP-TP","","FAMILY_CLASS_INHERITED","UNQUALIFIED","NOT_TESTED","false"
"PS-MATRIX-00785","PS-MAT-ABS","PS-MAT-ACRYLATE","TP","RS","S","PS-PAIR-TP-RS","","FAMILY_CLASS_INHERITED","UNQUALIFIED","NOT_TESTED","false"
"PS-MATRIX-00786","PS-MAT-ABS","PS-MAT-EPOXY","TP","RS","S","PS-PAIR-TP-RS","","FAMILY_CLASS_INHERITED","UNQUALIFIED","NOT_TESTED","false"
"PS-MATRIX-00787","PS-MAT-ABS","PS-MAT-SILICONE_RESIN","TP","RS","S","PS-PAIR-TP-RS","","FAMILY_CLASS_INHERITED","UNQUALIFIED","NOT_TESTED","false"
"PS-MATRIX-00788","PS-MAT-ABS","PS-MAT-TPU","TP","EL","S","PS-PAIR-TP-EL","","FAMILY_CLASS_INHERITED","UNQUALIFIED","NOT_TESTED","false"
"PS-MATRIX-00789","PS-MAT-ABS","PS-MAT-PDMS","TP","EL","S","PS-PAIR-TP-EL","","FAMILY_CLASS_INHERITED","UNQUALIFIED","NOT_TESTED","false"
"PS-MATRIX-00790","PS-MAT-ABS","PS-MAT-SILICONE_E","TP","EL","S","PS-PAIR-TP-EL","","FAMILY_CLASS_INHERITED","UNQUALIFIED","NOT_TESTED","false"
"PS-MATRIX-00791","PS-MAT-ABS","PS-MAT-HYDROGEL_E","TP","EL","S","PS-PAIR-TP-EL","","FAMILY_CLASS_INHERITED","UNQUALIFIED","NOT_TESTED","false"
"PS-MATRIX-00792","PS-MAT-ABS","PS-MAT-AG_INK","TP","CI","S","PS-PAIR-TP-CI","","FAMILY_CLASS_INHERITED","UNQUALIFIED","NOT_TESTED","false"
"PS-MATRIX-00793","PS-MAT-ABS","PS-MAT-CU_INK","TP","CI","S","PS-PAIR-TP-CI","","FAMILY_CLASS_INHERITED","UNQUALIFIED","NOT_TESTED","false"
"PS-MATRIX-00794","PS-MAT-ABS","PS-MAT-CARBON_INK","TP","CI","S","PS-PAIR-TP-CI","","FAMILY_CLASS_INHERITED","UNQUALIFIED","NOT_TESTED","false"
"PS-MATRIX-00795","PS-MAT-ABS","PS-MAT-GRAPHENE_INK","TP","CI","S","PS-PAIR-TP-CI","","FAMILY_CLASS_INHERITED","UNQUALIFIED","NOT_TESTED","false"
"PS-MATRIX-00796","PS-MAT-ABS","PS-MAT-PEDOT_PSS","TP","CI","S","PS-PAIR-TP-CI","","FAMILY_CLASS_INHERITED","UNQUALIFIED","NOT_TESTED","false"
"PS-MATRIX-00797","PS-MAT-ABS","PS-MAT-DIEL_UV","TP","DE","S","PS-PAIR-TP-DE","","FAMILY_CLASS_INHERITED","UNQUALIFIED","NOT_TESTED","false"
"PS-MATRIX-00798","PS-MAT-ABS","PS-MAT-DIEL_EPOXY","TP","DE","S","PS-PAIR-TP-DE","","FAMILY_CLASS_INHERITED","UNQUALIFIED","NOT_TESTED","false"
"PS-MATRIX-00799","PS-MAT-ABS","PS-MAT-POLYIMIDE","TP","DE","S","PS-PAIR-TP-DE","","FAMILY_CLASS_INHERITED","UNQUALIFIED","NOT_TESTED","false"
"PS-MATRIX-00800","PS-MAT-ABS","PS-MAT-PARylene","TP","DE","S","PS-PAIR-TP-DE","","FAMILY_CLASS_INHERITED","UNQUALIFIED","NOT_TESTED","false"
"PS-MATRIX-00801","PS-MAT-ABS","PS-MAT-FERRITE_PASTE","TP","MG","S","PS-PAIR-TP-MG","","FAMILY_CLASS_INHERITED","UNQUALIFIED","NOT_TESTED","false"
"PS-MATRIX-00802","PS-MAT-ABS","PS-MAT-NDFEB_BONDED","TP","MG","S","PS-PAIR-TP-MG","","FAMILY_CLASS_INHERITED","UNQUALIFIED","NOT_TESTED","false"
"PS-MATRIX-00803","PS-MAT-ABS","PS-MAT-IRON_COMPOSITE","TP","MG","S","PS-PAIR-TP-MG","","FAMILY_CLASS_INHERITED","UNQUALIFIED","NOT_TESTED","false"
"PS-MATRIX-00804","PS-MAT-ABS","PS-MAT-OPTICAL_RESIN","TP","OP","T","PS-PAIR-TP-OP","","FAMILY_CLASS_INHERITED","UNQUALIFIED","NOT_TESTED","false"
"PS-MATRIX-00805","PS-MAT-ABS","PS-MAT-PMMA","TP","OP","T","PS-PAIR-TP-OP","","FAMILY_CLASS_INHERITED","UNQUALIFIED","NOT_TESTED","false"
"PS-MATRIX-00806","PS-MAT-ABS","PS-MAT-FUSED_SILICA","TP","OP","T","PS-PAIR-TP-OP","","FAMILY_CLASS_INHERITED","UNQUALIFIED","NOT_TESTED","false"
"PS-MATRIX-00807","PS-MAT-ABS","PS-MAT-PHOSPHOR_FILM","TP","OP","T","PS-PAIR-TP-OP","","FAMILY_CLASS_INHERITED","UNQUALIFIED","NOT_TESTED","false"
"PS-MATRIX-00808","PS-MAT-ABS","PS-MAT-PVA_SUPPORT","TP","FL","S","PS-PAIR-TP-FL","","FAMILY_CLASS_INHERITED","UNQUALIFIED","NOT_TESTED","false"
"PS-MATRIX-00809","PS-MAT-ABS","PS-MAT-WAX_SUPPORT","TP","FL","S","PS-PAIR-TP-FL","PS-MR-031-AB","ROUTE_SEED_ONLY","UNQUALIFIED","NOT_TESTED","false"
"PS-MATRIX-00810","PS-MAT-ABS","PS-MAT-MICROGEL","TP","FL","S","PS-PAIR-TP-FL","","FAMILY_CLASS_INHERITED","UNQUALIFIED","NOT_TESTED","false"
"PS-MATRIX-00811","PS-MAT-ABS","PS-MAT-GAS_CAVITY","TP","FL","S","PS-PAIR-TP-FL","","FAMILY_CLASS_INHERITED","UNQUALIFIED","NOT_TESTED","false"
"PS-MATRIX-00812","PS-MAT-ABS","PS-MAT-GRAPHITE_ANODE","TP","EC","T","PS-PAIR-TP-EC","","FAMILY_CLASS_INHERITED","UNQUALIFIED","NOT_TESTED","false"
"PS-MATRIX-00813","PS-MAT-ABS","PS-MAT-LFP_CATHODE","TP","EC","T","PS-PAIR-TP-EC","","FAMILY_CLASS_INHERITED","UNQUALIFIED","NOT_TESTED","false"
"PS-MATRIX-00814","PS-MAT-ABS","PS-MAT-GEL_ELECTROLYTE","TP","EC","T","PS-PAIR-TP-EC","","FAMILY_CLASS_INHERITED","UNQUALIFIED","NOT_TESTED","false"
"PS-MATRIX-00815","PS-MAT-ABS","PS-MAT-CARBON_SUPERCAP","TP","EC","T","PS-PAIR-TP-EC","","FAMILY_CLASS_INHERITED","UNQUALIFIED","NOT_TESTED","false"
"PS-MATRIX-00816","PS-MAT-ABS","PS-MAT-SILICON_DIE","TP","SC","M","PS-PAIR-TP-SC","","FAMILY_CLASS_INHERITED","UNQUALIFIED","NOT_TESTED","false"
"PS-MATRIX-00817","PS-MAT-ABS","PS-MAT-CAMERA_MODULE","TP","SC","M","PS-PAIR-TP-SC","","FAMILY_CLASS_INHERITED","UNQUALIFIED","NOT_TESTED","false"
"PS-MATRIX-00818","PS-MAT-ABS","PS-MAT-LED_PACKAGE","TP","SC","M","PS-PAIR-TP-SC","","FAMILY_CLASS_INHERITED","UNQUALIFIED","NOT_TESTED","false"
"PS-MATRIX-00819","PS-MAT-ABS","PS-MAT-RF_IC","TP","SC","M","PS-PAIR-TP-SC","","FAMILY_CLASS_INHERITED","UNQUALIFIED","NOT_TESTED","false"
"PS-MATRIX-00820","PS-MAT-ABS","PS-MAT-LFP_MODULE","TP","BT","M","PS-PAIR-TP-BT","","FAMILY_CLASS_INHERITED","UNQUALIFIED","NOT_TESTED","false"
"PS-MATRIX-00821","PS-MAT-ABS","PS-MAT-LIION_MODULE","TP","BT","M","PS-PAIR-TP-BT","","FAMILY_CLASS_INHERITED","UNQUALIFIED","NOT_TESTED","false"
"PS-MATRIX-00822","PS-MAT-ABS","PS-MAT-CAP_BANK","TP","BT","M","PS-PAIR-TP-BT","","FAMILY_CLASS_INHERITED","UNQUALIFIED","NOT_TESTED","false"
"PS-MATRIX-00823","PS-MAT-ABS","PS-MAT-ALGINATE","TP","BV","T","PS-PAIR-TP-BV","","FAMILY_CLASS_INHERITED","UNQUALIFIED","NOT_TESTED","false"
"PS-MATRIX-00824","PS-MAT-ABS","PS-MAT-GELATIN","TP","BV","T","PS-PAIR-TP-BV","","FAMILY_CLASS_INHERITED","UNQUALIFIED","NOT_TESTED","false"
"PS-MATRIX-00825","PS-MAT-ABS","PS-MAT-COLLAGEN","TP","BV","T","PS-PAIR-TP-BV","","FAMILY_CLASS_INHERITED","UNQUALIFIED","NOT_TESTED","false"
"PS-MATRIX-00826","PS-MAT-ABS","PS-MAT-CELL_INK","TP","BV","T","PS-PAIR-TP-BV","","FAMILY_CLASS_INHERITED","UNQUALIFIED","NOT_TESTED","false"
"PS-MATRIX-00827","PS-MAT-PA12","PS-MAT-CU_OFHC","TP","MT","T","PS-PAIR-TP-MT","","FAMILY_CLASS_INHERITED","UNQUALIFIED","NOT_TESTED","false"
"PS-MATRIX-00828","PS-MAT-PA12","PS-MAT-AL_6061","TP","MT","T","PS-PAIR-TP-MT","","FAMILY_CLASS_INHERITED","UNQUALIFIED","NOT_TESTED","false"
"PS-MATRIX-00829","PS-MAT-PA12","PS-MAT-SS_316L","TP","MT","T","PS-PAIR-TP-MT","","FAMILY_CLASS_INHERITED","UNQUALIFIED","NOT_TESTED","false"
"PS-MATRIX-00830","PS-MAT-PA12","PS-MAT-TI_64","TP","MT","T","PS-PAIR-TP-MT","","FAMILY_CLASS_INHERITED","UNQUALIFIED","NOT_TESTED","false"
"PS-MATRIX-00831","PS-MAT-PA12","PS-MAT-NI_ALLOY","TP","MT","T","PS-PAIR-TP-MT","","FAMILY_CLASS_INHERITED","UNQUALIFIED","NOT_TESTED","false"
"PS-MATRIX-00832","PS-MAT-PA12","PS-MAT-AG_METAL","TP","MT","T","PS-PAIR-TP-MT","","FAMILY_CLASS_INHERITED","UNQUALIFIED","NOT_TESTED","false"
"PS-MATRIX-00833","PS-MAT-PA12","PS-MAT-ALUMINA","TP","CR","T","PS-PAIR-TP-CR","","FAMILY_CLASS_INHERITED","UNQUALIFIED","NOT_TESTED","false"
"PS-MATRIX-00834","PS-MAT-PA12","PS-MAT-SILICA","TP","CR","T","PS-PAIR-TP-CR","","FAMILY_CLASS_INHERITED","UNQUALIFIED","NOT_TESTED","false"
"PS-MATRIX-00835","PS-MAT-PA12","PS-MAT-ZIRCONIA","TP","CR","T","PS-PAIR-TP-CR","","FAMILY_CLASS_INHERITED","UNQUALIFIED","NOT_TESTED","false"
"PS-MATRIX-00836","PS-MAT-PA12","PS-MAT-BT_CERAMIC","TP","CR","T","PS-PAIR-TP-CR","","FAMILY_CLASS_INHERITED","UNQUALIFIED","NOT_TESTED","false"
"PS-MATRIX-00837","PS-MAT-PA12","PS-MAT-BN_CERAMIC","TP","CR","T","PS-PAIR-TP-CR","","FAMILY_CLASS_INHERITED","UNQUALIFIED","NOT_TESTED","false"
"PS-MATRIX-00838","PS-MAT-PA12","PS-MAT-PLA","TP","TP","P","PS-PAIR-TP-TP","","FAMILY_CLASS_INHERITED","UNQUALIFIED","NOT_TESTED","false"
"PS-MATRIX-00839","PS-MAT-PA12","PS-MAT-PETG","TP","TP","P","PS-PAIR-TP-TP","","FAMILY_CLASS_INHERITED","UNQUALIFIED","NOT_TESTED","false"
"PS-MATRIX-00840","PS-MAT-PA12","PS-MAT-ABS","TP","TP","P","PS-PAIR-TP-TP","","FAMILY_CLASS_INHERITED","UNQUALIFIED","NOT_TESTED","false"
"PS-MATRIX-00841","PS-MAT-PA12","PS-MAT-PA12","TP","TP","P","PS-PAIR-TP-TP","","FAMILY_CLASS_INHERITED","UNQUALIFIED","NOT_TESTED","false"
"PS-MATRIX-00842","PS-MAT-PA12","PS-MAT-PEEK","TP","TP","P","PS-PAIR-TP-TP","","FAMILY_CLASS_INHERITED","UNQUALIFIED","NOT_TESTED","false"
"PS-MATRIX-00843","PS-MAT-PA12","PS-MAT-PP","TP","TP","P","PS-PAIR-TP-TP","","FAMILY_CLASS_INHERITED","UNQUALIFIED","NOT_TESTED","false"
"PS-MATRIX-00844","PS-MAT-PA12","PS-MAT-ACRYLATE","TP","RS","S","PS-PAIR-TP-RS","","FAMILY_CLASS_INHERITED","UNQUALIFIED","NOT_TESTED","false"
"PS-MATRIX-00845","PS-MAT-PA12","PS-MAT-EPOXY","TP","RS","S","PS-PAIR-TP-RS","","FAMILY_CLASS_INHERITED","UNQUALIFIED","NOT_TESTED","false"
"PS-MATRIX-00846","PS-MAT-PA12","PS-MAT-SILICONE_RESIN","TP","RS","S","PS-PAIR-TP-RS","","FAMILY_CLASS_INHERITED","UNQUALIFIED","NOT_TESTED","false"
"PS-MATRIX-00847","PS-MAT-PA12","PS-MAT-TPU","TP","EL","S","PS-PAIR-TP-EL","","FAMILY_CLASS_INHERITED","UNQUALIFIED","NOT_TESTED","false"
"PS-MATRIX-00848","PS-MAT-PA12","PS-MAT-PDMS","TP","EL","S","PS-PAIR-TP-EL","","FAMILY_CLASS_INHERITED","UNQUALIFIED","NOT_TESTED","false"
"PS-MATRIX-00849","PS-MAT-PA12","PS-MAT-SILICONE_E","TP","EL","S","PS-PAIR-TP-EL","","FAMILY_CLASS_INHERITED","UNQUALIFIED","NOT_TESTED","false"
"PS-MATRIX-00850","PS-MAT-PA12","PS-MAT-HYDROGEL_E","TP","EL","S","PS-PAIR-TP-EL","","FAMILY_CLASS_INHERITED","UNQUALIFIED","NOT_TESTED","false"
"PS-MATRIX-00851","PS-MAT-PA12","PS-MAT-AG_INK","TP","CI","S","PS-PAIR-TP-CI","","FAMILY_CLASS_INHERITED","UNQUALIFIED","NOT_TESTED","false"
"PS-MATRIX-00852","PS-MAT-PA12","PS-MAT-CU_INK","TP","CI","S","PS-PAIR-TP-CI","","FAMILY_CLASS_INHERITED","UNQUALIFIED","NOT_TESTED","false"
"PS-MATRIX-00853","PS-MAT-PA12","PS-MAT-CARBON_INK","TP","CI","S","PS-PAIR-TP-CI","PS-MR-008-AB","ROUTE_SEED_ONLY","UNQUALIFIED","NOT_TESTED","false"
"PS-MATRIX-00854","PS-MAT-PA12","PS-MAT-GRAPHENE_INK","TP","CI","S","PS-PAIR-TP-CI","","FAMILY_CLASS_INHERITED","UNQUALIFIED","NOT_TESTED","false"
"PS-MATRIX-00855","PS-MAT-PA12","PS-MAT-PEDOT_PSS","TP","CI","S","PS-PAIR-TP-CI","","FAMILY_CLASS_INHERITED","UNQUALIFIED","NOT_TESTED","false"
"PS-MATRIX-00856","PS-MAT-PA12","PS-MAT-DIEL_UV","TP","DE","S","PS-PAIR-TP-DE","","FAMILY_CLASS_INHERITED","UNQUALIFIED","NOT_TESTED","false"
"PS-MATRIX-00857","PS-MAT-PA12","PS-MAT-DIEL_EPOXY","TP","DE","S","PS-PAIR-TP-DE","","FAMILY_CLASS_INHERITED","UNQUALIFIED","NOT_TESTED","false"
"PS-MATRIX-00858","PS-MAT-PA12","PS-MAT-POLYIMIDE","TP","DE","S","PS-PAIR-TP-DE","","FAMILY_CLASS_INHERITED","UNQUALIFIED","NOT_TESTED","false"
"PS-MATRIX-00859","PS-MAT-PA12","PS-MAT-PARylene","TP","DE","S","PS-PAIR-TP-DE","","FAMILY_CLASS_INHERITED","UNQUALIFIED","NOT_TESTED","false"
"PS-MATRIX-00860","PS-MAT-PA12","PS-MAT-FERRITE_PASTE","TP","MG","S","PS-PAIR-TP-MG","","FAMILY_CLASS_INHERITED","UNQUALIFIED","NOT_TESTED","false"
"PS-MATRIX-00861","PS-MAT-PA12","PS-MAT-NDFEB_BONDED","TP","MG","S","PS-PAIR-TP-MG","","FAMILY_CLASS_INHERITED","UNQUALIFIED","NOT_TESTED","false"
"PS-MATRIX-00862","PS-MAT-PA12","PS-MAT-IRON_COMPOSITE","TP","MG","S","PS-PAIR-TP-MG","","FAMILY_CLASS_INHERITED","UNQUALIFIED","NOT_TESTED","false"
"PS-MATRIX-00863","PS-MAT-PA12","PS-MAT-OPTICAL_RESIN","TP","OP","T","PS-PAIR-TP-OP","","FAMILY_CLASS_INHERITED","UNQUALIFIED","NOT_TESTED","false"
"PS-MATRIX-00864","PS-MAT-PA12","PS-MAT-PMMA","TP","OP","T","PS-PAIR-TP-OP","","FAMILY_CLASS_INHERITED","UNQUALIFIED","NOT_TESTED","false"
"PS-MATRIX-00865","PS-MAT-PA12","PS-MAT-FUSED_SILICA","TP","OP","T","PS-PAIR-TP-OP","","FAMILY_CLASS_INHERITED","UNQUALIFIED","NOT_TESTED","false"
"PS-MATRIX-00866","PS-MAT-PA12","PS-MAT-PHOSPHOR_FILM","TP","OP","T","PS-PAIR-TP-OP","","FAMILY_CLASS_INHERITED","UNQUALIFIED","NOT_TESTED","false"
"PS-MATRIX-00867","PS-MAT-PA12","PS-MAT-PVA_SUPPORT","TP","FL","S","PS-PAIR-TP-FL","","FAMILY_CLASS_INHERITED","UNQUALIFIED","NOT_TESTED","false"
"PS-MATRIX-00868","PS-MAT-PA12","PS-MAT-WAX_SUPPORT","TP","FL","S","PS-PAIR-TP-FL","","FAMILY_CLASS_INHERITED","UNQUALIFIED","NOT_TESTED","false"
"PS-MATRIX-00869","PS-MAT-PA12","PS-MAT-MICROGEL","TP","FL","S","PS-PAIR-TP-FL","","FAMILY_CLASS_INHERITED","UNQUALIFIED","NOT_TESTED","false"
"PS-MATRIX-00870","PS-MAT-PA12","PS-MAT-GAS_CAVITY","TP","FL","S","PS-PAIR-TP-FL","","FAMILY_CLASS_INHERITED","UNQUALIFIED","NOT_TESTED","false"
"PS-MATRIX-00871","PS-MAT-PA12","PS-MAT-GRAPHITE_ANODE","TP","EC","T","PS-PAIR-TP-EC","","FAMILY_CLASS_INHERITED","UNQUALIFIED","NOT_TESTED","false"
"PS-MATRIX-00872","PS-MAT-PA12","PS-MAT-LFP_CATHODE","TP","EC","T","PS-PAIR-TP-EC","","FAMILY_CLASS_INHERITED","UNQUALIFIED","NOT_TESTED","false"
"PS-MATRIX-00873","PS-MAT-PA12","PS-MAT-GEL_ELECTROLYTE","TP","EC","T","PS-PAIR-TP-EC","","FAMILY_CLASS_INHERITED","UNQUALIFIED","NOT_TESTED","false"
"PS-MATRIX-00874","PS-MAT-PA12","PS-MAT-CARBON_SUPERCAP","TP","EC","T","PS-PAIR-TP-EC","","FAMILY_CLASS_INHERITED","UNQUALIFIED","NOT_TESTED","false"
"PS-MATRIX-00875","PS-MAT-PA12","PS-MAT-SILICON_DIE","TP","SC","M","PS-PAIR-TP-SC","","FAMILY_CLASS_INHERITED","UNQUALIFIED","NOT_TESTED","false"
"PS-MATRIX-00876","PS-MAT-PA12","PS-MAT-CAMERA_MODULE","TP","SC","M","PS-PAIR-TP-SC","","FAMILY_CLASS_INHERITED","UNQUALIFIED","NOT_TESTED","false"
"PS-MATRIX-00877","PS-MAT-PA12","PS-MAT-LED_PACKAGE","TP","SC","M","PS-PAIR-TP-SC","","FAMILY_CLASS_INHERITED","UNQUALIFIED","NOT_TESTED","false"
"PS-MATRIX-00878","PS-MAT-PA12","PS-MAT-RF_IC","TP","SC","M","PS-PAIR-TP-SC","","FAMILY_CLASS_INHERITED","UNQUALIFIED","NOT_TESTED","false"
"PS-MATRIX-00879","PS-MAT-PA12","PS-MAT-LFP_MODULE","TP","BT","M","PS-PAIR-TP-BT","","FAMILY_CLASS_INHERITED","UNQUALIFIED","NOT_TESTED","false"
"PS-MATRIX-00880","PS-MAT-PA12","PS-MAT-LIION_MODULE","TP","BT","M","PS-PAIR-TP-BT","","FAMILY_CLASS_INHERITED","UNQUALIFIED","NOT_TESTED","false"
"PS-MATRIX-00881","PS-MAT-PA12","PS-MAT-CAP_BANK","TP","BT","M","PS-PAIR-TP-BT","PS-MR-025-AB","ROUTE_SEED_ONLY","UNQUALIFIED","NOT_TESTED","false"
"PS-MATRIX-00882","PS-MAT-PA12","PS-MAT-ALGINATE","TP","BV","T","PS-PAIR-TP-BV","","FAMILY_CLASS_INHERITED","UNQUALIFIED","NOT_TESTED","false"
"PS-MATRIX-00883","PS-MAT-PA12","PS-MAT-GELATIN","TP","BV","T","PS-PAIR-TP-BV","","FAMILY_CLASS_INHERITED","UNQUALIFIED","NOT_TESTED","false"
"PS-MATRIX-00884","PS-MAT-PA12","PS-MAT-COLLAGEN","TP","BV","T","PS-PAIR-TP-BV","","FAMILY_CLASS_INHERITED","UNQUALIFIED","NOT_TESTED","false"
"PS-MATRIX-00885","PS-MAT-PA12","PS-MAT-CELL_INK","TP","BV","T","PS-PAIR-TP-BV","","FAMILY_CLASS_INHERITED","UNQUALIFIED","NOT_TESTED","false"
"PS-MATRIX-00886","PS-MAT-PEEK","PS-MAT-CU_OFHC","TP","MT","T","PS-PAIR-TP-MT","","FAMILY_CLASS_INHERITED","UNQUALIFIED","NOT_TESTED","false"
"PS-MATRIX-00887","PS-MAT-PEEK","PS-MAT-AL_6061","TP","MT","T","PS-PAIR-TP-MT","","FAMILY_CLASS_INHERITED","UNQUALIFIED","NOT_TESTED","false"
"PS-MATRIX-00888","PS-MAT-PEEK","PS-MAT-SS_316L","TP","MT","T","PS-PAIR-TP-MT","","FAMILY_CLASS_INHERITED","UNQUALIFIED","NOT_TESTED","false"
"PS-MATRIX-00889","PS-MAT-PEEK","PS-MAT-TI_64","TP","MT","T","PS-PAIR-TP-MT","","FAMILY_CLASS_INHERITED","UNQUALIFIED","NOT_TESTED","false"
"PS-MATRIX-00890","PS-MAT-PEEK","PS-MAT-NI_ALLOY","TP","MT","T","PS-PAIR-TP-MT","","FAMILY_CLASS_INHERITED","UNQUALIFIED","NOT_TESTED","false"
"PS-MATRIX-00891","PS-MAT-PEEK","PS-MAT-AG_METAL","TP","MT","T","PS-PAIR-TP-MT","","FAMILY_CLASS_INHERITED","UNQUALIFIED","NOT_TESTED","false"
"PS-MATRIX-00892","PS-MAT-PEEK","PS-MAT-ALUMINA","TP","CR","T","PS-PAIR-TP-CR","","FAMILY_CLASS_INHERITED","UNQUALIFIED","NOT_TESTED","false"
"PS-MATRIX-00893","PS-MAT-PEEK","PS-MAT-SILICA","TP","CR","T","PS-PAIR-TP-CR","","FAMILY_CLASS_INHERITED","UNQUALIFIED","NOT_TESTED","false"
"PS-MATRIX-00894","PS-MAT-PEEK","PS-MAT-ZIRCONIA","TP","CR","T","PS-PAIR-TP-CR","","FAMILY_CLASS_INHERITED","UNQUALIFIED","NOT_TESTED","false"
"PS-MATRIX-00895","PS-MAT-PEEK","PS-MAT-BT_CERAMIC","TP","CR","T","PS-PAIR-TP-CR","","FAMILY_CLASS_INHERITED","UNQUALIFIED","NOT_TESTED","false"
"PS-MATRIX-00896","PS-MAT-PEEK","PS-MAT-BN_CERAMIC","TP","CR","T","PS-PAIR-TP-CR","","FAMILY_CLASS_INHERITED","UNQUALIFIED","NOT_TESTED","false"
"PS-MATRIX-00897","PS-MAT-PEEK","PS-MAT-PLA","TP","TP","P","PS-PAIR-TP-TP","","FAMILY_CLASS_INHERITED","UNQUALIFIED","NOT_TESTED","false"
"PS-MATRIX-00898","PS-MAT-PEEK","PS-MAT-PETG","TP","TP","P","PS-PAIR-TP-TP","","FAMILY_CLASS_INHERITED","UNQUALIFIED","NOT_TESTED","false"
"PS-MATRIX-00899","PS-MAT-PEEK","PS-MAT-ABS","TP","TP","P","PS-PAIR-TP-TP","","FAMILY_CLASS_INHERITED","UNQUALIFIED","NOT_TESTED","false"
"PS-MATRIX-00900","PS-MAT-PEEK","PS-MAT-PA12","TP","TP","P","PS-PAIR-TP-TP","","FAMILY_CLASS_INHERITED","UNQUALIFIED","NOT_TESTED","false"
"PS-MATRIX-00901","PS-MAT-PEEK","PS-MAT-PEEK","TP","TP","P","PS-PAIR-TP-TP","","FAMILY_CLASS_INHERITED","UNQUALIFIED","NOT_TESTED","false"
"PS-MATRIX-00902","PS-MAT-PEEK","PS-MAT-PP","TP","TP","P","PS-PAIR-TP-TP","","FAMILY_CLASS_INHERITED","UNQUALIFIED","NOT_TESTED","false"
"PS-MATRIX-00903","PS-MAT-PEEK","PS-MAT-ACRYLATE","TP","RS","S","PS-PAIR-TP-RS","","FAMILY_CLASS_INHERITED","UNQUALIFIED","NOT_TESTED","false"
"PS-MATRIX-00904","PS-MAT-PEEK","PS-MAT-EPOXY","TP","RS","S","PS-PAIR-TP-RS","","FAMILY_CLASS_INHERITED","UNQUALIFIED","NOT_TESTED","false"
"PS-MATRIX-00905","PS-MAT-PEEK","PS-MAT-SILICONE_RESIN","TP","RS","S","PS-PAIR-TP-RS","","FAMILY_CLASS_INHERITED","UNQUALIFIED","NOT_TESTED","false"
"PS-MATRIX-00906","PS-MAT-PEEK","PS-MAT-TPU","TP","EL","S","PS-PAIR-TP-EL","","FAMILY_CLASS_INHERITED","UNQUALIFIED","NOT_TESTED","false"
"PS-MATRIX-00907","PS-MAT-PEEK","PS-MAT-PDMS","TP","EL","S","PS-PAIR-TP-EL","","FAMILY_CLASS_INHERITED","UNQUALIFIED","NOT_TESTED","false"
"PS-MATRIX-00908","PS-MAT-PEEK","PS-MAT-SILICONE_E","TP","EL","S","PS-PAIR-TP-EL","","FAMILY_CLASS_INHERITED","UNQUALIFIED","NOT_TESTED","false"
"PS-MATRIX-00909","PS-MAT-PEEK","PS-MAT-HYDROGEL_E","TP","EL","S","PS-PAIR-TP-EL","","FAMILY_CLASS_INHERITED","UNQUALIFIED","NOT_TESTED","false"
"PS-MATRIX-00910","PS-MAT-PEEK","PS-MAT-AG_INK","TP","CI","S","PS-PAIR-TP-CI","","FAMILY_CLASS_INHERITED","UNQUALIFIED","NOT_TESTED","false"
"PS-MATRIX-00911","PS-MAT-PEEK","PS-MAT-CU_INK","TP","CI","S","PS-PAIR-TP-CI","","FAMILY_CLASS_INHERITED","UNQUALIFIED","NOT_TESTED","false"
"PS-MATRIX-00912","PS-MAT-PEEK","PS-MAT-CARBON_INK","TP","CI","S","PS-PAIR-TP-CI","","FAMILY_CLASS_INHERITED","UNQUALIFIED","NOT_TESTED","false"
"PS-MATRIX-00913","PS-MAT-PEEK","PS-MAT-GRAPHENE_INK","TP","CI","S","PS-PAIR-TP-CI","","FAMILY_CLASS_INHERITED","UNQUALIFIED","NOT_TESTED","false"
"PS-MATRIX-00914","PS-MAT-PEEK","PS-MAT-PEDOT_PSS","TP","CI","S","PS-PAIR-TP-CI","","FAMILY_CLASS_INHERITED","UNQUALIFIED","NOT_TESTED","false"
"PS-MATRIX-00915","PS-MAT-PEEK","PS-MAT-DIEL_UV","TP","DE","S","PS-PAIR-TP-DE","","FAMILY_CLASS_INHERITED","UNQUALIFIED","NOT_TESTED","false"
"PS-MATRIX-00916","PS-MAT-PEEK","PS-MAT-DIEL_EPOXY","TP","DE","S","PS-PAIR-TP-DE","","FAMILY_CLASS_INHERITED","UNQUALIFIED","NOT_TESTED","false"
"PS-MATRIX-00917","PS-MAT-PEEK","PS-MAT-POLYIMIDE","TP","DE","S","PS-PAIR-TP-DE","PS-MR-009-AB","ROUTE_SEED_ONLY","UNQUALIFIED","NOT_TESTED","false"
"PS-MATRIX-00918","PS-MAT-PEEK","PS-MAT-PARylene","TP","DE","S","PS-PAIR-TP-DE","","FAMILY_CLASS_INHERITED","UNQUALIFIED","NOT_TESTED","false"
"PS-MATRIX-00919","PS-MAT-PEEK","PS-MAT-FERRITE_PASTE","TP","MG","S","PS-PAIR-TP-MG","","FAMILY_CLASS_INHERITED","UNQUALIFIED","NOT_TESTED","false"
"PS-MATRIX-00920","PS-MAT-PEEK","PS-MAT-NDFEB_BONDED","TP","MG","S","PS-PAIR-TP-MG","","FAMILY_CLASS_INHERITED","UNQUALIFIED","NOT_TESTED","false"
"PS-MATRIX-00921","PS-MAT-PEEK","PS-MAT-IRON_COMPOSITE","TP","MG","S","PS-PAIR-TP-MG","","FAMILY_CLASS_INHERITED","UNQUALIFIED","NOT_TESTED","false"
"PS-MATRIX-00922","PS-MAT-PEEK","PS-MAT-OPTICAL_RESIN","TP","OP","T","PS-PAIR-TP-OP","","FAMILY_CLASS_INHERITED","UNQUALIFIED","NOT_TESTED","false"
"PS-MATRIX-00923","PS-MAT-PEEK","PS-MAT-PMMA","TP","OP","T","PS-PAIR-TP-OP","","FAMILY_CLASS_INHERITED","UNQUALIFIED","NOT_TESTED","false"
"PS-MATRIX-00924","PS-MAT-PEEK","PS-MAT-FUSED_SILICA","TP","OP","T","PS-PAIR-TP-OP","","FAMILY_CLASS_INHERITED","UNQUALIFIED","NOT_TESTED","false"
"PS-MATRIX-00925","PS-MAT-PEEK","PS-MAT-PHOSPHOR_FILM","TP","OP","T","PS-PAIR-TP-OP","","FAMILY_CLASS_INHERITED","UNQUALIFIED","NOT_TESTED","false"
"PS-MATRIX-00926","PS-MAT-PEEK","PS-MAT-PVA_SUPPORT","TP","FL","S","PS-PAIR-TP-FL","","FAMILY_CLASS_INHERITED","UNQUALIFIED","NOT_TESTED","false"
"PS-MATRIX-00927","PS-MAT-PEEK","PS-MAT-WAX_SUPPORT","TP","FL","S","PS-PAIR-TP-FL","","FAMILY_CLASS_INHERITED","UNQUALIFIED","NOT_TESTED","false"
"PS-MATRIX-00928","PS-MAT-PEEK","PS-MAT-MICROGEL","TP","FL","S","PS-PAIR-TP-FL","","FAMILY_CLASS_INHERITED","UNQUALIFIED","NOT_TESTED","false"
"PS-MATRIX-00929","PS-MAT-PEEK","PS-MAT-GAS_CAVITY","TP","FL","S","PS-PAIR-TP-FL","","FAMILY_CLASS_INHERITED","UNQUALIFIED","NOT_TESTED","false"
"PS-MATRIX-00930","PS-MAT-PEEK","PS-MAT-GRAPHITE_ANODE","TP","EC","T","PS-PAIR-TP-EC","","FAMILY_CLASS_INHERITED","UNQUALIFIED","NOT_TESTED","false"
"PS-MATRIX-00931","PS-MAT-PEEK","PS-MAT-LFP_CATHODE","TP","EC","T","PS-PAIR-TP-EC","","FAMILY_CLASS_INHERITED","UNQUALIFIED","NOT_TESTED","false"
"PS-MATRIX-00932","PS-MAT-PEEK","PS-MAT-GEL_ELECTROLYTE","TP","EC","T","PS-PAIR-TP-EC","","FAMILY_CLASS_INHERITED","UNQUALIFIED","NOT_TESTED","false"
"PS-MATRIX-00933","PS-MAT-PEEK","PS-MAT-CARBON_SUPERCAP","TP","EC","T","PS-PAIR-TP-EC","","FAMILY_CLASS_INHERITED","UNQUALIFIED","NOT_TESTED","false"
"PS-MATRIX-00934","PS-MAT-PEEK","PS-MAT-SILICON_DIE","TP","SC","M","PS-PAIR-TP-SC","","FAMILY_CLASS_INHERITED","UNQUALIFIED","NOT_TESTED","false"
"PS-MATRIX-00935","PS-MAT-PEEK","PS-MAT-CAMERA_MODULE","TP","SC","M","PS-PAIR-TP-SC","","FAMILY_CLASS_INHERITED","UNQUALIFIED","NOT_TESTED","false"
"PS-MATRIX-00936","PS-MAT-PEEK","PS-MAT-LED_PACKAGE","TP","SC","M","PS-PAIR-TP-SC","","FAMILY_CLASS_INHERITED","UNQUALIFIED","NOT_TESTED","false"
"PS-MATRIX-00937","PS-MAT-PEEK","PS-MAT-RF_IC","TP","SC","M","PS-PAIR-TP-SC","","FAMILY_CLASS_INHERITED","UNQUALIFIED","NOT_TESTED","false"
"PS-MATRIX-00938","PS-MAT-PEEK","PS-MAT-LFP_MODULE","TP","BT","M","PS-PAIR-TP-BT","","FAMILY_CLASS_INHERITED","UNQUALIFIED","NOT_TESTED","false"
"PS-MATRIX-00939","PS-MAT-PEEK","PS-MAT-LIION_MODULE","TP","BT","M","PS-PAIR-TP-BT","","FAMILY_CLASS_INHERITED","UNQUALIFIED","NOT_TESTED","false"
"PS-MATRIX-00940","PS-MAT-PEEK","PS-MAT-CAP_BANK","TP","BT","M","PS-PAIR-TP-BT","","FAMILY_CLASS_INHERITED","UNQUALIFIED","NOT_TESTED","false"
"PS-MATRIX-00941","PS-MAT-PEEK","PS-MAT-ALGINATE","TP","BV","T","PS-PAIR-TP-BV","","FAMILY_CLASS_INHERITED","UNQUALIFIED","NOT_TESTED","false"
"PS-MATRIX-00942","PS-MAT-PEEK","PS-MAT-GELATIN","TP","BV","T","PS-PAIR-TP-BV","","FAMILY_CLASS_INHERITED","UNQUALIFIED","NOT_TESTED","false"
"PS-MATRIX-00943","PS-MAT-PEEK","PS-MAT-COLLAGEN","TP","BV","T","PS-PAIR-TP-BV","","FAMILY_CLASS_INHERITED","UNQUALIFIED","NOT_TESTED","false"
"PS-MATRIX-00944","PS-MAT-PEEK","PS-MAT-CELL_INK","TP","BV","T","PS-PAIR-TP-BV","","FAMILY_CLASS_INHERITED","UNQUALIFIED","NOT_TESTED","false"
"PS-MATRIX-00945","PS-MAT-PP","PS-MAT-CU_OFHC","TP","MT","T","PS-PAIR-TP-MT","","FAMILY_CLASS_INHERITED","UNQUALIFIED","NOT_TESTED","false"
"PS-MATRIX-00946","PS-MAT-PP","PS-MAT-AL_6061","TP","MT","T","PS-PAIR-TP-MT","","FAMILY_CLASS_INHERITED","UNQUALIFIED","NOT_TESTED","false"
"PS-MATRIX-00947","PS-MAT-PP","PS-MAT-SS_316L","TP","MT","T","PS-PAIR-TP-MT","","FAMILY_CLASS_INHERITED","UNQUALIFIED","NOT_TESTED","false"
"PS-MATRIX-00948","PS-MAT-PP","PS-MAT-TI_64","TP","MT","T","PS-PAIR-TP-MT","","FAMILY_CLASS_INHERITED","UNQUALIFIED","NOT_TESTED","false"
"PS-MATRIX-00949","PS-MAT-PP","PS-MAT-NI_ALLOY","TP","MT","T","PS-PAIR-TP-MT","","FAMILY_CLASS_INHERITED","UNQUALIFIED","NOT_TESTED","false"
"PS-MATRIX-00950","PS-MAT-PP","PS-MAT-AG_METAL","TP","MT","T","PS-PAIR-TP-MT","","FAMILY_CLASS_INHERITED","UNQUALIFIED","NOT_TESTED","false"
"PS-MATRIX-00951","PS-MAT-PP","PS-MAT-ALUMINA","TP","CR","T","PS-PAIR-TP-CR","","FAMILY_CLASS_INHERITED","UNQUALIFIED","NOT_TESTED","false"
"PS-MATRIX-00952","PS-MAT-PP","PS-MAT-SILICA","TP","CR","T","PS-PAIR-TP-CR","","FAMILY_CLASS_INHERITED","UNQUALIFIED","NOT_TESTED","false"
"PS-MATRIX-00953","PS-MAT-PP","PS-MAT-ZIRCONIA","TP","CR","T","PS-PAIR-TP-CR","","FAMILY_CLASS_INHERITED","UNQUALIFIED","NOT_TESTED","false"
"PS-MATRIX-00954","PS-MAT-PP","PS-MAT-BT_CERAMIC","TP","CR","T","PS-PAIR-TP-CR","","FAMILY_CLASS_INHERITED","UNQUALIFIED","NOT_TESTED","false"
"PS-MATRIX-00955","PS-MAT-PP","PS-MAT-BN_CERAMIC","TP","CR","T","PS-PAIR-TP-CR","","FAMILY_CLASS_INHERITED","UNQUALIFIED","NOT_TESTED","false"
"PS-MATRIX-00956","PS-MAT-PP","PS-MAT-PLA","TP","TP","P","PS-PAIR-TP-TP","","FAMILY_CLASS_INHERITED","UNQUALIFIED","NOT_TESTED","false"
"PS-MATRIX-00957","PS-MAT-PP","PS-MAT-PETG","TP","TP","P","PS-PAIR-TP-TP","","FAMILY_CLASS_INHERITED","UNQUALIFIED","NOT_TESTED","false"
"PS-MATRIX-00958","PS-MAT-PP","PS-MAT-ABS","TP","TP","P","PS-PAIR-TP-TP","","FAMILY_CLASS_INHERITED","UNQUALIFIED","NOT_TESTED","false"
"PS-MATRIX-00959","PS-MAT-PP","PS-MAT-PA12","TP","TP","P","PS-PAIR-TP-TP","","FAMILY_CLASS_INHERITED","UNQUALIFIED","NOT_TESTED","false"
"PS-MATRIX-00960","PS-MAT-PP","PS-MAT-PEEK","TP","TP","P","PS-PAIR-TP-TP","","FAMILY_CLASS_INHERITED","UNQUALIFIED","NOT_TESTED","false"
"PS-MATRIX-00961","PS-MAT-PP","PS-MAT-PP","TP","TP","P","PS-PAIR-TP-TP","","FAMILY_CLASS_INHERITED","UNQUALIFIED","NOT_TESTED","false"
"PS-MATRIX-00962","PS-MAT-PP","PS-MAT-ACRYLATE","TP","RS","S","PS-PAIR-TP-RS","","FAMILY_CLASS_INHERITED","UNQUALIFIED","NOT_TESTED","false"
"PS-MATRIX-00963","PS-MAT-PP","PS-MAT-EPOXY","TP","RS","S","PS-PAIR-TP-RS","","FAMILY_CLASS_INHERITED","UNQUALIFIED","NOT_TESTED","false"
"PS-MATRIX-00964","PS-MAT-PP","PS-MAT-SILICONE_RESIN","TP","RS","S","PS-PAIR-TP-RS","","FAMILY_CLASS_INHERITED","UNQUALIFIED","NOT_TESTED","false"
"PS-MATRIX-00965","PS-MAT-PP","PS-MAT-TPU","TP","EL","S","PS-PAIR-TP-EL","","FAMILY_CLASS_INHERITED","UNQUALIFIED","NOT_TESTED","false"
"PS-MATRIX-00966","PS-MAT-PP","PS-MAT-PDMS","TP","EL","S","PS-PAIR-TP-EL","","FAMILY_CLASS_INHERITED","UNQUALIFIED","NOT_TESTED","false"
"PS-MATRIX-00967","PS-MAT-PP","PS-MAT-SILICONE_E","TP","EL","S","PS-PAIR-TP-EL","","FAMILY_CLASS_INHERITED","UNQUALIFIED","NOT_TESTED","false"
"PS-MATRIX-00968","PS-MAT-PP","PS-MAT-HYDROGEL_E","TP","EL","S","PS-PAIR-TP-EL","","FAMILY_CLASS_INHERITED","UNQUALIFIED","NOT_TESTED","false"
"PS-MATRIX-00969","PS-MAT-PP","PS-MAT-AG_INK","TP","CI","S","PS-PAIR-TP-CI","","FAMILY_CLASS_INHERITED","UNQUALIFIED","NOT_TESTED","false"
"PS-MATRIX-00970","PS-MAT-PP","PS-MAT-CU_INK","TP","CI","S","PS-PAIR-TP-CI","","FAMILY_CLASS_INHERITED","UNQUALIFIED","NOT_TESTED","false"
"PS-MATRIX-00971","PS-MAT-PP","PS-MAT-CARBON_INK","TP","CI","S","PS-PAIR-TP-CI","","FAMILY_CLASS_INHERITED","UNQUALIFIED","NOT_TESTED","false"
"PS-MATRIX-00972","PS-MAT-PP","PS-MAT-GRAPHENE_INK","TP","CI","S","PS-PAIR-TP-CI","","FAMILY_CLASS_INHERITED","UNQUALIFIED","NOT_TESTED","false"
"PS-MATRIX-00973","PS-MAT-PP","PS-MAT-PEDOT_PSS","TP","CI","S","PS-PAIR-TP-CI","","FAMILY_CLASS_INHERITED","UNQUALIFIED","NOT_TESTED","false"
"PS-MATRIX-00974","PS-MAT-PP","PS-MAT-DIEL_UV","TP","DE","S","PS-PAIR-TP-DE","","FAMILY_CLASS_INHERITED","UNQUALIFIED","NOT_TESTED","false"
"PS-MATRIX-00975","PS-MAT-PP","PS-MAT-DIEL_EPOXY","TP","DE","S","PS-PAIR-TP-DE","","FAMILY_CLASS_INHERITED","UNQUALIFIED","NOT_TESTED","false"
"PS-MATRIX-00976","PS-MAT-PP","PS-MAT-POLYIMIDE","TP","DE","S","PS-PAIR-TP-DE","","FAMILY_CLASS_INHERITED","UNQUALIFIED","NOT_TESTED","false"
"PS-MATRIX-00977","PS-MAT-PP","PS-MAT-PARylene","TP","DE","S","PS-PAIR-TP-DE","","FAMILY_CLASS_INHERITED","UNQUALIFIED","NOT_TESTED","false"
"PS-MATRIX-00978","PS-MAT-PP","PS-MAT-FERRITE_PASTE","TP","MG","S","PS-PAIR-TP-MG","","FAMILY_CLASS_INHERITED","UNQUALIFIED","NOT_TESTED","false"
"PS-MATRIX-00979","PS-MAT-PP","PS-MAT-NDFEB_BONDED","TP","MG","S","PS-PAIR-TP-MG","","FAMILY_CLASS_INHERITED","UNQUALIFIED","NOT_TESTED","false"
"PS-MATRIX-00980","PS-MAT-PP","PS-MAT-IRON_COMPOSITE","TP","MG","S","PS-PAIR-TP-MG","","FAMILY_CLASS_INHERITED","UNQUALIFIED","NOT_TESTED","false"
"PS-MATRIX-00981","PS-MAT-PP","PS-MAT-OPTICAL_RESIN","TP","OP","T","PS-PAIR-TP-OP","","FAMILY_CLASS_INHERITED","UNQUALIFIED","NOT_TESTED","false"
"PS-MATRIX-00982","PS-MAT-PP","PS-MAT-PMMA","TP","OP","T","PS-PAIR-TP-OP","","FAMILY_CLASS_INHERITED","UNQUALIFIED","NOT_TESTED","false"
"PS-MATRIX-00983","PS-MAT-PP","PS-MAT-FUSED_SILICA","TP","OP","T","PS-PAIR-TP-OP","","FAMILY_CLASS_INHERITED","UNQUALIFIED","NOT_TESTED","false"
"PS-MATRIX-00984","PS-MAT-PP","PS-MAT-PHOSPHOR_FILM","TP","OP","T","PS-PAIR-TP-OP","","FAMILY_CLASS_INHERITED","UNQUALIFIED","NOT_TESTED","false"
"PS-MATRIX-00985","PS-MAT-PP","PS-MAT-PVA_SUPPORT","TP","FL","S","PS-PAIR-TP-FL","","FAMILY_CLASS_INHERITED","UNQUALIFIED","NOT_TESTED","false"
"PS-MATRIX-00986","PS-MAT-PP","PS-MAT-WAX_SUPPORT","TP","FL","S","PS-PAIR-TP-FL","","FAMILY_CLASS_INHERITED","UNQUALIFIED","NOT_TESTED","false"
"PS-MATRIX-00987","PS-MAT-PP","PS-MAT-MICROGEL","TP","FL","S","PS-PAIR-TP-FL","","FAMILY_CLASS_INHERITED","UNQUALIFIED","NOT_TESTED","false"
"PS-MATRIX-00988","PS-MAT-PP","PS-MAT-GAS_CAVITY","TP","FL","S","PS-PAIR-TP-FL","","FAMILY_CLASS_INHERITED","UNQUALIFIED","NOT_TESTED","false"
"PS-MATRIX-00989","PS-MAT-PP","PS-MAT-GRAPHITE_ANODE","TP","EC","T","PS-PAIR-TP-EC","","FAMILY_CLASS_INHERITED","UNQUALIFIED","NOT_TESTED","false"
"PS-MATRIX-00990","PS-MAT-PP","PS-MAT-LFP_CATHODE","TP","EC","T","PS-PAIR-TP-EC","","FAMILY_CLASS_INHERITED","UNQUALIFIED","NOT_TESTED","false"
"PS-MATRIX-00991","PS-MAT-PP","PS-MAT-GEL_ELECTROLYTE","TP","EC","T","PS-PAIR-TP-EC","","FAMILY_CLASS_INHERITED","UNQUALIFIED","NOT_TESTED","false"
"PS-MATRIX-00992","PS-MAT-PP","PS-MAT-CARBON_SUPERCAP","TP","EC","T","PS-PAIR-TP-EC","","FAMILY_CLASS_INHERITED","UNQUALIFIED","NOT_TESTED","false"
"PS-MATRIX-00993","PS-MAT-PP","PS-MAT-SILICON_DIE","TP","SC","M","PS-PAIR-TP-SC","","FAMILY_CLASS_INHERITED","UNQUALIFIED","NOT_TESTED","false"
"PS-MATRIX-00994","PS-MAT-PP","PS-MAT-CAMERA_MODULE","TP","SC","M","PS-PAIR-TP-SC","","FAMILY_CLASS_INHERITED","UNQUALIFIED","NOT_TESTED","false"
"PS-MATRIX-00995","PS-MAT-PP","PS-MAT-LED_PACKAGE","TP","SC","M","PS-PAIR-TP-SC","","FAMILY_CLASS_INHERITED","UNQUALIFIED","NOT_TESTED","false"
"PS-MATRIX-00996","PS-MAT-PP","PS-MAT-RF_IC","TP","SC","M","PS-PAIR-TP-SC","","FAMILY_CLASS_INHERITED","UNQUALIFIED","NOT_TESTED","false"
"PS-MATRIX-00997","PS-MAT-PP","PS-MAT-LFP_MODULE","TP","BT","M","PS-PAIR-TP-BT","","FAMILY_CLASS_INHERITED","UNQUALIFIED","NOT_TESTED","false"
"PS-MATRIX-00998","PS-MAT-PP","PS-MAT-LIION_MODULE","TP","BT","M","PS-PAIR-TP-BT","","FAMILY_CLASS_INHERITED","UNQUALIFIED","NOT_TESTED","false"
"PS-MATRIX-00999","PS-MAT-PP","PS-MAT-CAP_BANK","TP","BT","M","PS-PAIR-TP-BT","","FAMILY_CLASS_INHERITED","UNQUALIFIED","NOT_TESTED","false"
"PS-MATRIX-01000","PS-MAT-PP","PS-MAT-ALGINATE","TP","BV","T","PS-PAIR-TP-BV","","FAMILY_CLASS_INHERITED","UNQUALIFIED","NOT_TESTED","false"
"PS-MATRIX-01001","PS-MAT-PP","PS-MAT-GELATIN","TP","BV","T","PS-PAIR-TP-BV","","FAMILY_CLASS_INHERITED","UNQUALIFIED","NOT_TESTED","false"
"PS-MATRIX-01002","PS-MAT-PP","PS-MAT-COLLAGEN","TP","BV","T","PS-PAIR-TP-BV","","FAMILY_CLASS_INHERITED","UNQUALIFIED","NOT_TESTED","false"
"PS-MATRIX-01003","PS-MAT-PP","PS-MAT-CELL_INK","TP","BV","T","PS-PAIR-TP-BV","","FAMILY_CLASS_INHERITED","UNQUALIFIED","NOT_TESTED","false"
"PS-MATRIX-01004","PS-MAT-ACRYLATE","PS-MAT-CU_OFHC","RS","MT","T","PS-PAIR-RS-MT","","FAMILY_CLASS_INHERITED","UNQUALIFIED","NOT_TESTED","false"
"PS-MATRIX-01005","PS-MAT-ACRYLATE","PS-MAT-AL_6061","RS","MT","T","PS-PAIR-RS-MT","","FAMILY_CLASS_INHERITED","UNQUALIFIED","NOT_TESTED","false"
"PS-MATRIX-01006","PS-MAT-ACRYLATE","PS-MAT-SS_316L","RS","MT","T","PS-PAIR-RS-MT","","FAMILY_CLASS_INHERITED","UNQUALIFIED","NOT_TESTED","false"
"PS-MATRIX-01007","PS-MAT-ACRYLATE","PS-MAT-TI_64","RS","MT","T","PS-PAIR-RS-MT","","FAMILY_CLASS_INHERITED","UNQUALIFIED","NOT_TESTED","false"
"PS-MATRIX-01008","PS-MAT-ACRYLATE","PS-MAT-NI_ALLOY","RS","MT","T","PS-PAIR-RS-MT","","FAMILY_CLASS_INHERITED","UNQUALIFIED","NOT_TESTED","false"
"PS-MATRIX-01009","PS-MAT-ACRYLATE","PS-MAT-AG_METAL","RS","MT","T","PS-PAIR-RS-MT","","FAMILY_CLASS_INHERITED","UNQUALIFIED","NOT_TESTED","false"
"PS-MATRIX-01010","PS-MAT-ACRYLATE","PS-MAT-ALUMINA","RS","CR","T","PS-PAIR-RS-CR","","FAMILY_CLASS_INHERITED","UNQUALIFIED","NOT_TESTED","false"
"PS-MATRIX-01011","PS-MAT-ACRYLATE","PS-MAT-SILICA","RS","CR","T","PS-PAIR-RS-CR","","FAMILY_CLASS_INHERITED","UNQUALIFIED","NOT_TESTED","false"
"PS-MATRIX-01012","PS-MAT-ACRYLATE","PS-MAT-ZIRCONIA","RS","CR","T","PS-PAIR-RS-CR","","FAMILY_CLASS_INHERITED","UNQUALIFIED","NOT_TESTED","false"
"PS-MATRIX-01013","PS-MAT-ACRYLATE","PS-MAT-BT_CERAMIC","RS","CR","T","PS-PAIR-RS-CR","","FAMILY_CLASS_INHERITED","UNQUALIFIED","NOT_TESTED","false"
"PS-MATRIX-01014","PS-MAT-ACRYLATE","PS-MAT-BN_CERAMIC","RS","CR","T","PS-PAIR-RS-CR","","FAMILY_CLASS_INHERITED","UNQUALIFIED","NOT_TESTED","false"
"PS-MATRIX-01015","PS-MAT-ACRYLATE","PS-MAT-PLA","RS","TP","S","PS-PAIR-RS-TP","","FAMILY_CLASS_INHERITED","UNQUALIFIED","NOT_TESTED","false"
"PS-MATRIX-01016","PS-MAT-ACRYLATE","PS-MAT-PETG","RS","TP","S","PS-PAIR-RS-TP","","FAMILY_CLASS_INHERITED","UNQUALIFIED","NOT_TESTED","false"
"PS-MATRIX-01017","PS-MAT-ACRYLATE","PS-MAT-ABS","RS","TP","S","PS-PAIR-RS-TP","","FAMILY_CLASS_INHERITED","UNQUALIFIED","NOT_TESTED","false"
"PS-MATRIX-01018","PS-MAT-ACRYLATE","PS-MAT-PA12","RS","TP","S","PS-PAIR-RS-TP","","FAMILY_CLASS_INHERITED","UNQUALIFIED","NOT_TESTED","false"
"PS-MATRIX-01019","PS-MAT-ACRYLATE","PS-MAT-PEEK","RS","TP","S","PS-PAIR-RS-TP","","FAMILY_CLASS_INHERITED","UNQUALIFIED","NOT_TESTED","false"
"PS-MATRIX-01020","PS-MAT-ACRYLATE","PS-MAT-PP","RS","TP","S","PS-PAIR-RS-TP","","FAMILY_CLASS_INHERITED","UNQUALIFIED","NOT_TESTED","false"
"PS-MATRIX-01021","PS-MAT-ACRYLATE","PS-MAT-ACRYLATE","RS","RS","P","PS-PAIR-RS-RS","","FAMILY_CLASS_INHERITED","UNQUALIFIED","NOT_TESTED","false"
"PS-MATRIX-01022","PS-MAT-ACRYLATE","PS-MAT-EPOXY","RS","RS","P","PS-PAIR-RS-RS","","FAMILY_CLASS_INHERITED","UNQUALIFIED","NOT_TESTED","false"
"PS-MATRIX-01023","PS-MAT-ACRYLATE","PS-MAT-SILICONE_RESIN","RS","RS","P","PS-PAIR-RS-RS","","FAMILY_CLASS_INHERITED","UNQUALIFIED","NOT_TESTED","false"
"PS-MATRIX-01024","PS-MAT-ACRYLATE","PS-MAT-TPU","RS","EL","S","PS-PAIR-RS-EL","","FAMILY_CLASS_INHERITED","UNQUALIFIED","NOT_TESTED","false"
"PS-MATRIX-01025","PS-MAT-ACRYLATE","PS-MAT-PDMS","RS","EL","S","PS-PAIR-RS-EL","","FAMILY_CLASS_INHERITED","UNQUALIFIED","NOT_TESTED","false"
"PS-MATRIX-01026","PS-MAT-ACRYLATE","PS-MAT-SILICONE_E","RS","EL","S","PS-PAIR-RS-EL","","FAMILY_CLASS_INHERITED","UNQUALIFIED","NOT_TESTED","false"
"PS-MATRIX-01027","PS-MAT-ACRYLATE","PS-MAT-HYDROGEL_E","RS","EL","S","PS-PAIR-RS-EL","","FAMILY_CLASS_INHERITED","UNQUALIFIED","NOT_TESTED","false"
"PS-MATRIX-01028","PS-MAT-ACRYLATE","PS-MAT-AG_INK","RS","CI","S","PS-PAIR-RS-CI","","FAMILY_CLASS_INHERITED","UNQUALIFIED","NOT_TESTED","false"
"PS-MATRIX-01029","PS-MAT-ACRYLATE","PS-MAT-CU_INK","RS","CI","S","PS-PAIR-RS-CI","","FAMILY_CLASS_INHERITED","UNQUALIFIED","NOT_TESTED","false"
"PS-MATRIX-01030","PS-MAT-ACRYLATE","PS-MAT-CARBON_INK","RS","CI","S","PS-PAIR-RS-CI","","FAMILY_CLASS_INHERITED","UNQUALIFIED","NOT_TESTED","false"
"PS-MATRIX-01031","PS-MAT-ACRYLATE","PS-MAT-GRAPHENE_INK","RS","CI","S","PS-PAIR-RS-CI","","FAMILY_CLASS_INHERITED","UNQUALIFIED","NOT_TESTED","false"
"PS-MATRIX-01032","PS-MAT-ACRYLATE","PS-MAT-PEDOT_PSS","RS","CI","S","PS-PAIR-RS-CI","PS-MR-010-AB","ROUTE_SEED_ONLY","UNQUALIFIED","NOT_TESTED","false"
"PS-MATRIX-01033","PS-MAT-ACRYLATE","PS-MAT-DIEL_UV","RS","DE","S","PS-PAIR-RS-DE","","FAMILY_CLASS_INHERITED","UNQUALIFIED","NOT_TESTED","false"
"PS-MATRIX-01034","PS-MAT-ACRYLATE","PS-MAT-DIEL_EPOXY","RS","DE","S","PS-PAIR-RS-DE","","FAMILY_CLASS_INHERITED","UNQUALIFIED","NOT_TESTED","false"
"PS-MATRIX-01035","PS-MAT-ACRYLATE","PS-MAT-POLYIMIDE","RS","DE","S","PS-PAIR-RS-DE","","FAMILY_CLASS_INHERITED","UNQUALIFIED","NOT_TESTED","false"
"PS-MATRIX-01036","PS-MAT-ACRYLATE","PS-MAT-PARylene","RS","DE","S","PS-PAIR-RS-DE","","FAMILY_CLASS_INHERITED","UNQUALIFIED","NOT_TESTED","false"
"PS-MATRIX-01037","PS-MAT-ACRYLATE","PS-MAT-FERRITE_PASTE","RS","MG","S","PS-PAIR-RS-MG","","FAMILY_CLASS_INHERITED","UNQUALIFIED","NOT_TESTED","false"
"PS-MATRIX-01038","PS-MAT-ACRYLATE","PS-MAT-NDFEB_BONDED","RS","MG","S","PS-PAIR-RS-MG","","FAMILY_CLASS_INHERITED","UNQUALIFIED","NOT_TESTED","false"
"PS-MATRIX-01039","PS-MAT-ACRYLATE","PS-MAT-IRON_COMPOSITE","RS","MG","S","PS-PAIR-RS-MG","","FAMILY_CLASS_INHERITED","UNQUALIFIED","NOT_TESTED","false"
"PS-MATRIX-01040","PS-MAT-ACRYLATE","PS-MAT-OPTICAL_RESIN","RS","OP","S","PS-PAIR-RS-OP","","FAMILY_CLASS_INHERITED","UNQUALIFIED","NOT_TESTED","false"
"PS-MATRIX-01041","PS-MAT-ACRYLATE","PS-MAT-PMMA","RS","OP","S","PS-PAIR-RS-OP","","FAMILY_CLASS_INHERITED","UNQUALIFIED","NOT_TESTED","false"
"PS-MATRIX-01042","PS-MAT-ACRYLATE","PS-MAT-FUSED_SILICA","RS","OP","S","PS-PAIR-RS-OP","","FAMILY_CLASS_INHERITED","UNQUALIFIED","NOT_TESTED","false"
"PS-MATRIX-01043","PS-MAT-ACRYLATE","PS-MAT-PHOSPHOR_FILM","RS","OP","S","PS-PAIR-RS-OP","","FAMILY_CLASS_INHERITED","UNQUALIFIED","NOT_TESTED","false"
"PS-MATRIX-01044","PS-MAT-ACRYLATE","PS-MAT-PVA_SUPPORT","RS","FL","S","PS-PAIR-RS-FL","","FAMILY_CLASS_INHERITED","UNQUALIFIED","NOT_TESTED","false"
"PS-MATRIX-01045","PS-MAT-ACRYLATE","PS-MAT-WAX_SUPPORT","RS","FL","S","PS-PAIR-RS-FL","","FAMILY_CLASS_INHERITED","UNQUALIFIED","NOT_TESTED","false"
"PS-MATRIX-01046","PS-MAT-ACRYLATE","PS-MAT-MICROGEL","RS","FL","S","PS-PAIR-RS-FL","","FAMILY_CLASS_INHERITED","UNQUALIFIED","NOT_TESTED","false"
"PS-MATRIX-01047","PS-MAT-ACRYLATE","PS-MAT-GAS_CAVITY","RS","FL","S","PS-PAIR-RS-FL","","FAMILY_CLASS_INHERITED","UNQUALIFIED","NOT_TESTED","false"
"PS-MATRIX-01048","PS-MAT-ACRYLATE","PS-MAT-GRAPHITE_ANODE","RS","EC","T","PS-PAIR-RS-EC","","FAMILY_CLASS_INHERITED","UNQUALIFIED","NOT_TESTED","false"
"PS-MATRIX-01049","PS-MAT-ACRYLATE","PS-MAT-LFP_CATHODE","RS","EC","T","PS-PAIR-RS-EC","","FAMILY_CLASS_INHERITED","UNQUALIFIED","NOT_TESTED","false"
"PS-MATRIX-01050","PS-MAT-ACRYLATE","PS-MAT-GEL_ELECTROLYTE","RS","EC","T","PS-PAIR-RS-EC","","FAMILY_CLASS_INHERITED","UNQUALIFIED","NOT_TESTED","false"
"PS-MATRIX-01051","PS-MAT-ACRYLATE","PS-MAT-CARBON_SUPERCAP","RS","EC","T","PS-PAIR-RS-EC","","FAMILY_CLASS_INHERITED","UNQUALIFIED","NOT_TESTED","false"
"PS-MATRIX-01052","PS-MAT-ACRYLATE","PS-MAT-SILICON_DIE","RS","SC","M","PS-PAIR-RS-SC","","FAMILY_CLASS_INHERITED","UNQUALIFIED","NOT_TESTED","false"
"PS-MATRIX-01053","PS-MAT-ACRYLATE","PS-MAT-CAMERA_MODULE","RS","SC","M","PS-PAIR-RS-SC","","FAMILY_CLASS_INHERITED","UNQUALIFIED","NOT_TESTED","false"
"PS-MATRIX-01054","PS-MAT-ACRYLATE","PS-MAT-LED_PACKAGE","RS","SC","M","PS-PAIR-RS-SC","","FAMILY_CLASS_INHERITED","UNQUALIFIED","NOT_TESTED","false"
"PS-MATRIX-01055","PS-MAT-ACRYLATE","PS-MAT-RF_IC","RS","SC","M","PS-PAIR-RS-SC","","FAMILY_CLASS_INHERITED","UNQUALIFIED","NOT_TESTED","false"
"PS-MATRIX-01056","PS-MAT-ACRYLATE","PS-MAT-LFP_MODULE","RS","BT","M","PS-PAIR-RS-BT","","FAMILY_CLASS_INHERITED","UNQUALIFIED","NOT_TESTED","false"
"PS-MATRIX-01057","PS-MAT-ACRYLATE","PS-MAT-LIION_MODULE","RS","BT","M","PS-PAIR-RS-BT","","FAMILY_CLASS_INHERITED","UNQUALIFIED","NOT_TESTED","false"
"PS-MATRIX-01058","PS-MAT-ACRYLATE","PS-MAT-CAP_BANK","RS","BT","M","PS-PAIR-RS-BT","","FAMILY_CLASS_INHERITED","UNQUALIFIED","NOT_TESTED","false"
"PS-MATRIX-01059","PS-MAT-ACRYLATE","PS-MAT-ALGINATE","RS","BV","T","PS-PAIR-RS-BV","","FAMILY_CLASS_INHERITED","UNQUALIFIED","NOT_TESTED","false"
"PS-MATRIX-01060","PS-MAT-ACRYLATE","PS-MAT-GELATIN","RS","BV","T","PS-PAIR-RS-BV","","FAMILY_CLASS_INHERITED","UNQUALIFIED","NOT_TESTED","false"
"PS-MATRIX-01061","PS-MAT-ACRYLATE","PS-MAT-COLLAGEN","RS","BV","T","PS-PAIR-RS-BV","","FAMILY_CLASS_INHERITED","UNQUALIFIED","NOT_TESTED","false"
"PS-MATRIX-01062","PS-MAT-ACRYLATE","PS-MAT-CELL_INK","RS","BV","T","PS-PAIR-RS-BV","","FAMILY_CLASS_INHERITED","UNQUALIFIED","NOT_TESTED","false"
"PS-MATRIX-01063","PS-MAT-EPOXY","PS-MAT-CU_OFHC","RS","MT","T","PS-PAIR-RS-MT","","FAMILY_CLASS_INHERITED","UNQUALIFIED","NOT_TESTED","false"
"PS-MATRIX-01064","PS-MAT-EPOXY","PS-MAT-AL_6061","RS","MT","T","PS-PAIR-RS-MT","","FAMILY_CLASS_INHERITED","UNQUALIFIED","NOT_TESTED","false"
"PS-MATRIX-01065","PS-MAT-EPOXY","PS-MAT-SS_316L","RS","MT","T","PS-PAIR-RS-MT","","FAMILY_CLASS_INHERITED","UNQUALIFIED","NOT_TESTED","false"
"PS-MATRIX-01066","PS-MAT-EPOXY","PS-MAT-TI_64","RS","MT","T","PS-PAIR-RS-MT","","FAMILY_CLASS_INHERITED","UNQUALIFIED","NOT_TESTED","false"
"PS-MATRIX-01067","PS-MAT-EPOXY","PS-MAT-NI_ALLOY","RS","MT","T","PS-PAIR-RS-MT","","FAMILY_CLASS_INHERITED","UNQUALIFIED","NOT_TESTED","false"
"PS-MATRIX-01068","PS-MAT-EPOXY","PS-MAT-AG_METAL","RS","MT","T","PS-PAIR-RS-MT","","FAMILY_CLASS_INHERITED","UNQUALIFIED","NOT_TESTED","false"
"PS-MATRIX-01069","PS-MAT-EPOXY","PS-MAT-ALUMINA","RS","CR","T","PS-PAIR-RS-CR","","FAMILY_CLASS_INHERITED","UNQUALIFIED","NOT_TESTED","false"
"PS-MATRIX-01070","PS-MAT-EPOXY","PS-MAT-SILICA","RS","CR","T","PS-PAIR-RS-CR","","FAMILY_CLASS_INHERITED","UNQUALIFIED","NOT_TESTED","false"
"PS-MATRIX-01071","PS-MAT-EPOXY","PS-MAT-ZIRCONIA","RS","CR","T","PS-PAIR-RS-CR","","FAMILY_CLASS_INHERITED","UNQUALIFIED","NOT_TESTED","false"
"PS-MATRIX-01072","PS-MAT-EPOXY","PS-MAT-BT_CERAMIC","RS","CR","T","PS-PAIR-RS-CR","","FAMILY_CLASS_INHERITED","UNQUALIFIED","NOT_TESTED","false"
"PS-MATRIX-01073","PS-MAT-EPOXY","PS-MAT-BN_CERAMIC","RS","CR","T","PS-PAIR-RS-CR","","FAMILY_CLASS_INHERITED","UNQUALIFIED","NOT_TESTED","false"
"PS-MATRIX-01074","PS-MAT-EPOXY","PS-MAT-PLA","RS","TP","S","PS-PAIR-RS-TP","","FAMILY_CLASS_INHERITED","UNQUALIFIED","NOT_TESTED","false"
"PS-MATRIX-01075","PS-MAT-EPOXY","PS-MAT-PETG","RS","TP","S","PS-PAIR-RS-TP","","FAMILY_CLASS_INHERITED","UNQUALIFIED","NOT_TESTED","false"
"PS-MATRIX-01076","PS-MAT-EPOXY","PS-MAT-ABS","RS","TP","S","PS-PAIR-RS-TP","","FAMILY_CLASS_INHERITED","UNQUALIFIED","NOT_TESTED","false"
"PS-MATRIX-01077","PS-MAT-EPOXY","PS-MAT-PA12","RS","TP","S","PS-PAIR-RS-TP","","FAMILY_CLASS_INHERITED","UNQUALIFIED","NOT_TESTED","false"
"PS-MATRIX-01078","PS-MAT-EPOXY","PS-MAT-PEEK","RS","TP","S","PS-PAIR-RS-TP","","FAMILY_CLASS_INHERITED","UNQUALIFIED","NOT_TESTED","false"
"PS-MATRIX-01079","PS-MAT-EPOXY","PS-MAT-PP","RS","TP","S","PS-PAIR-RS-TP","","FAMILY_CLASS_INHERITED","UNQUALIFIED","NOT_TESTED","false"
"PS-MATRIX-01080","PS-MAT-EPOXY","PS-MAT-ACRYLATE","RS","RS","P","PS-PAIR-RS-RS","","FAMILY_CLASS_INHERITED","UNQUALIFIED","NOT_TESTED","false"
"PS-MATRIX-01081","PS-MAT-EPOXY","PS-MAT-EPOXY","RS","RS","P","PS-PAIR-RS-RS","","FAMILY_CLASS_INHERITED","UNQUALIFIED","NOT_TESTED","false"
"PS-MATRIX-01082","PS-MAT-EPOXY","PS-MAT-SILICONE_RESIN","RS","RS","P","PS-PAIR-RS-RS","","FAMILY_CLASS_INHERITED","UNQUALIFIED","NOT_TESTED","false"
"PS-MATRIX-01083","PS-MAT-EPOXY","PS-MAT-TPU","RS","EL","S","PS-PAIR-RS-EL","","FAMILY_CLASS_INHERITED","UNQUALIFIED","NOT_TESTED","false"
"PS-MATRIX-01084","PS-MAT-EPOXY","PS-MAT-PDMS","RS","EL","S","PS-PAIR-RS-EL","","FAMILY_CLASS_INHERITED","UNQUALIFIED","NOT_TESTED","false"
"PS-MATRIX-01085","PS-MAT-EPOXY","PS-MAT-SILICONE_E","RS","EL","S","PS-PAIR-RS-EL","","FAMILY_CLASS_INHERITED","UNQUALIFIED","NOT_TESTED","false"
"PS-MATRIX-01086","PS-MAT-EPOXY","PS-MAT-HYDROGEL_E","RS","EL","S","PS-PAIR-RS-EL","","FAMILY_CLASS_INHERITED","UNQUALIFIED","NOT_TESTED","false"
"PS-MATRIX-01087","PS-MAT-EPOXY","PS-MAT-AG_INK","RS","CI","S","PS-PAIR-RS-CI","","FAMILY_CLASS_INHERITED","UNQUALIFIED","NOT_TESTED","false"
"PS-MATRIX-01088","PS-MAT-EPOXY","PS-MAT-CU_INK","RS","CI","S","PS-PAIR-RS-CI","","FAMILY_CLASS_INHERITED","UNQUALIFIED","NOT_TESTED","false"
"PS-MATRIX-01089","PS-MAT-EPOXY","PS-MAT-CARBON_INK","RS","CI","S","PS-PAIR-RS-CI","","FAMILY_CLASS_INHERITED","UNQUALIFIED","NOT_TESTED","false"
"PS-MATRIX-01090","PS-MAT-EPOXY","PS-MAT-GRAPHENE_INK","RS","CI","S","PS-PAIR-RS-CI","","FAMILY_CLASS_INHERITED","UNQUALIFIED","NOT_TESTED","false"
"PS-MATRIX-01091","PS-MAT-EPOXY","PS-MAT-PEDOT_PSS","RS","CI","S","PS-PAIR-RS-CI","","FAMILY_CLASS_INHERITED","UNQUALIFIED","NOT_TESTED","false"
"PS-MATRIX-01092","PS-MAT-EPOXY","PS-MAT-DIEL_UV","RS","DE","S","PS-PAIR-RS-DE","","FAMILY_CLASS_INHERITED","UNQUALIFIED","NOT_TESTED","false"
"PS-MATRIX-01093","PS-MAT-EPOXY","PS-MAT-DIEL_EPOXY","RS","DE","S","PS-PAIR-RS-DE","","FAMILY_CLASS_INHERITED","UNQUALIFIED","NOT_TESTED","false"
"PS-MATRIX-01094","PS-MAT-EPOXY","PS-MAT-POLYIMIDE","RS","DE","S","PS-PAIR-RS-DE","","FAMILY_CLASS_INHERITED","UNQUALIFIED","NOT_TESTED","false"
"PS-MATRIX-01095","PS-MAT-EPOXY","PS-MAT-PARylene","RS","DE","S","PS-PAIR-RS-DE","","FAMILY_CLASS_INHERITED","UNQUALIFIED","NOT_TESTED","false"
"PS-MATRIX-01096","PS-MAT-EPOXY","PS-MAT-FERRITE_PASTE","RS","MG","S","PS-PAIR-RS-MG","","FAMILY_CLASS_INHERITED","UNQUALIFIED","NOT_TESTED","false"
"PS-MATRIX-01097","PS-MAT-EPOXY","PS-MAT-NDFEB_BONDED","RS","MG","S","PS-PAIR-RS-MG","","FAMILY_CLASS_INHERITED","UNQUALIFIED","NOT_TESTED","false"
"PS-MATRIX-01098","PS-MAT-EPOXY","PS-MAT-IRON_COMPOSITE","RS","MG","S","PS-PAIR-RS-MG","","FAMILY_CLASS_INHERITED","UNQUALIFIED","NOT_TESTED","false"
"PS-MATRIX-01099","PS-MAT-EPOXY","PS-MAT-OPTICAL_RESIN","RS","OP","S","PS-PAIR-RS-OP","","FAMILY_CLASS_INHERITED","UNQUALIFIED","NOT_TESTED","false"
"PS-MATRIX-01100","PS-MAT-EPOXY","PS-MAT-PMMA","RS","OP","S","PS-PAIR-RS-OP","","FAMILY_CLASS_INHERITED","UNQUALIFIED","NOT_TESTED","false"
"PS-MATRIX-01101","PS-MAT-EPOXY","PS-MAT-FUSED_SILICA","RS","OP","S","PS-PAIR-RS-OP","","FAMILY_CLASS_INHERITED","UNQUALIFIED","NOT_TESTED","false"
"PS-MATRIX-01102","PS-MAT-EPOXY","PS-MAT-PHOSPHOR_FILM","RS","OP","S","PS-PAIR-RS-OP","","FAMILY_CLASS_INHERITED","UNQUALIFIED","NOT_TESTED","false"
"PS-MATRIX-01103","PS-MAT-EPOXY","PS-MAT-PVA_SUPPORT","RS","FL","S","PS-PAIR-RS-FL","","FAMILY_CLASS_INHERITED","UNQUALIFIED","NOT_TESTED","false"
"PS-MATRIX-01104","PS-MAT-EPOXY","PS-MAT-WAX_SUPPORT","RS","FL","S","PS-PAIR-RS-FL","PS-MR-018-BA","ROUTE_SEED_ONLY","UNQUALIFIED","NOT_TESTED","false"
"PS-MATRIX-01105","PS-MAT-EPOXY","PS-MAT-MICROGEL","RS","FL","S","PS-PAIR-RS-FL","","FAMILY_CLASS_INHERITED","UNQUALIFIED","NOT_TESTED","false"
"PS-MATRIX-01106","PS-MAT-EPOXY","PS-MAT-GAS_CAVITY","RS","FL","S","PS-PAIR-RS-FL","","FAMILY_CLASS_INHERITED","UNQUALIFIED","NOT_TESTED","false"
"PS-MATRIX-01107","PS-MAT-EPOXY","PS-MAT-GRAPHITE_ANODE","RS","EC","T","PS-PAIR-RS-EC","","FAMILY_CLASS_INHERITED","UNQUALIFIED","NOT_TESTED","false"
"PS-MATRIX-01108","PS-MAT-EPOXY","PS-MAT-LFP_CATHODE","RS","EC","T","PS-PAIR-RS-EC","","FAMILY_CLASS_INHERITED","UNQUALIFIED","NOT_TESTED","false"
"PS-MATRIX-01109","PS-MAT-EPOXY","PS-MAT-GEL_ELECTROLYTE","RS","EC","T","PS-PAIR-RS-EC","","FAMILY_CLASS_INHERITED","UNQUALIFIED","NOT_TESTED","false"
"PS-MATRIX-01110","PS-MAT-EPOXY","PS-MAT-CARBON_SUPERCAP","RS","EC","T","PS-PAIR-RS-EC","","FAMILY_CLASS_INHERITED","UNQUALIFIED","NOT_TESTED","false"
"PS-MATRIX-01111","PS-MAT-EPOXY","PS-MAT-SILICON_DIE","RS","SC","M","PS-PAIR-RS-SC","","FAMILY_CLASS_INHERITED","UNQUALIFIED","NOT_TESTED","false"
"PS-MATRIX-01112","PS-MAT-EPOXY","PS-MAT-CAMERA_MODULE","RS","SC","M","PS-PAIR-RS-SC","","FAMILY_CLASS_INHERITED","UNQUALIFIED","NOT_TESTED","false"
"PS-MATRIX-01113","PS-MAT-EPOXY","PS-MAT-LED_PACKAGE","RS","SC","M","PS-PAIR-RS-SC","","FAMILY_CLASS_INHERITED","UNQUALIFIED","NOT_TESTED","false"
"PS-MATRIX-01114","PS-MAT-EPOXY","PS-MAT-RF_IC","RS","SC","M","PS-PAIR-RS-SC","","FAMILY_CLASS_INHERITED","UNQUALIFIED","NOT_TESTED","false"
"PS-MATRIX-01115","PS-MAT-EPOXY","PS-MAT-LFP_MODULE","RS","BT","M","PS-PAIR-RS-BT","","FAMILY_CLASS_INHERITED","UNQUALIFIED","NOT_TESTED","false"
"PS-MATRIX-01116","PS-MAT-EPOXY","PS-MAT-LIION_MODULE","RS","BT","M","PS-PAIR-RS-BT","","FAMILY_CLASS_INHERITED","UNQUALIFIED","NOT_TESTED","false"
"PS-MATRIX-01117","PS-MAT-EPOXY","PS-MAT-CAP_BANK","RS","BT","M","PS-PAIR-RS-BT","","FAMILY_CLASS_INHERITED","UNQUALIFIED","NOT_TESTED","false"
"PS-MATRIX-01118","PS-MAT-EPOXY","PS-MAT-ALGINATE","RS","BV","T","PS-PAIR-RS-BV","","FAMILY_CLASS_INHERITED","UNQUALIFIED","NOT_TESTED","false"
"PS-MATRIX-01119","PS-MAT-EPOXY","PS-MAT-GELATIN","RS","BV","T","PS-PAIR-RS-BV","","FAMILY_CLASS_INHERITED","UNQUALIFIED","NOT_TESTED","false"
"PS-MATRIX-01120","PS-MAT-EPOXY","PS-MAT-COLLAGEN","RS","BV","T","PS-PAIR-RS-BV","","FAMILY_CLASS_INHERITED","UNQUALIFIED","NOT_TESTED","false"
"PS-MATRIX-01121","PS-MAT-EPOXY","PS-MAT-CELL_INK","RS","BV","T","PS-PAIR-RS-BV","","FAMILY_CLASS_INHERITED","UNQUALIFIED","NOT_TESTED","false"
"PS-MATRIX-01122","PS-MAT-SILICONE_RESIN","PS-MAT-CU_OFHC","RS","MT","T","PS-PAIR-RS-MT","","FAMILY_CLASS_INHERITED","UNQUALIFIED","NOT_TESTED","false"
"PS-MATRIX-01123","PS-MAT-SILICONE_RESIN","PS-MAT-AL_6061","RS","MT","T","PS-PAIR-RS-MT","","FAMILY_CLASS_INHERITED","UNQUALIFIED","NOT_TESTED","false"
"PS-MATRIX-01124","PS-MAT-SILICONE_RESIN","PS-MAT-SS_316L","RS","MT","T","PS-PAIR-RS-MT","","FAMILY_CLASS_INHERITED","UNQUALIFIED","NOT_TESTED","false"
"PS-MATRIX-01125","PS-MAT-SILICONE_RESIN","PS-MAT-TI_64","RS","MT","T","PS-PAIR-RS-MT","","FAMILY_CLASS_INHERITED","UNQUALIFIED","NOT_TESTED","false"
"PS-MATRIX-01126","PS-MAT-SILICONE_RESIN","PS-MAT-NI_ALLOY","RS","MT","T","PS-PAIR-RS-MT","","FAMILY_CLASS_INHERITED","UNQUALIFIED","NOT_TESTED","false"
"PS-MATRIX-01127","PS-MAT-SILICONE_RESIN","PS-MAT-AG_METAL","RS","MT","T","PS-PAIR-RS-MT","","FAMILY_CLASS_INHERITED","UNQUALIFIED","NOT_TESTED","false"
"PS-MATRIX-01128","PS-MAT-SILICONE_RESIN","PS-MAT-ALUMINA","RS","CR","T","PS-PAIR-RS-CR","","FAMILY_CLASS_INHERITED","UNQUALIFIED","NOT_TESTED","false"
"PS-MATRIX-01129","PS-MAT-SILICONE_RESIN","PS-MAT-SILICA","RS","CR","T","PS-PAIR-RS-CR","","FAMILY_CLASS_INHERITED","UNQUALIFIED","NOT_TESTED","false"
"PS-MATRIX-01130","PS-MAT-SILICONE_RESIN","PS-MAT-ZIRCONIA","RS","CR","T","PS-PAIR-RS-CR","","FAMILY_CLASS_INHERITED","UNQUALIFIED","NOT_TESTED","false"
"PS-MATRIX-01131","PS-MAT-SILICONE_RESIN","PS-MAT-BT_CERAMIC","RS","CR","T","PS-PAIR-RS-CR","","FAMILY_CLASS_INHERITED","UNQUALIFIED","NOT_TESTED","false"
"PS-MATRIX-01132","PS-MAT-SILICONE_RESIN","PS-MAT-BN_CERAMIC","RS","CR","T","PS-PAIR-RS-CR","","FAMILY_CLASS_INHERITED","UNQUALIFIED","NOT_TESTED","false"
"PS-MATRIX-01133","PS-MAT-SILICONE_RESIN","PS-MAT-PLA","RS","TP","S","PS-PAIR-RS-TP","","FAMILY_CLASS_INHERITED","UNQUALIFIED","NOT_TESTED","false"
"PS-MATRIX-01134","PS-MAT-SILICONE_RESIN","PS-MAT-PETG","RS","TP","S","PS-PAIR-RS-TP","","FAMILY_CLASS_INHERITED","UNQUALIFIED","NOT_TESTED","false"
"PS-MATRIX-01135","PS-MAT-SILICONE_RESIN","PS-MAT-ABS","RS","TP","S","PS-PAIR-RS-TP","","FAMILY_CLASS_INHERITED","UNQUALIFIED","NOT_TESTED","false"
"PS-MATRIX-01136","PS-MAT-SILICONE_RESIN","PS-MAT-PA12","RS","TP","S","PS-PAIR-RS-TP","","FAMILY_CLASS_INHERITED","UNQUALIFIED","NOT_TESTED","false"
"PS-MATRIX-01137","PS-MAT-SILICONE_RESIN","PS-MAT-PEEK","RS","TP","S","PS-PAIR-RS-TP","","FAMILY_CLASS_INHERITED","UNQUALIFIED","NOT_TESTED","false"
"PS-MATRIX-01138","PS-MAT-SILICONE_RESIN","PS-MAT-PP","RS","TP","S","PS-PAIR-RS-TP","","FAMILY_CLASS_INHERITED","UNQUALIFIED","NOT_TESTED","false"
"PS-MATRIX-01139","PS-MAT-SILICONE_RESIN","PS-MAT-ACRYLATE","RS","RS","P","PS-PAIR-RS-RS","","FAMILY_CLASS_INHERITED","UNQUALIFIED","NOT_TESTED","false"
"PS-MATRIX-01140","PS-MAT-SILICONE_RESIN","PS-MAT-EPOXY","RS","RS","P","PS-PAIR-RS-RS","","FAMILY_CLASS_INHERITED","UNQUALIFIED","NOT_TESTED","false"
"PS-MATRIX-01141","PS-MAT-SILICONE_RESIN","PS-MAT-SILICONE_RESIN","RS","RS","P","PS-PAIR-RS-RS","","FAMILY_CLASS_INHERITED","UNQUALIFIED","NOT_TESTED","false"
"PS-MATRIX-01142","PS-MAT-SILICONE_RESIN","PS-MAT-TPU","RS","EL","S","PS-PAIR-RS-EL","","FAMILY_CLASS_INHERITED","UNQUALIFIED","NOT_TESTED","false"
"PS-MATRIX-01143","PS-MAT-SILICONE_RESIN","PS-MAT-PDMS","RS","EL","S","PS-PAIR-RS-EL","","FAMILY_CLASS_INHERITED","UNQUALIFIED","NOT_TESTED","false"
"PS-MATRIX-01144","PS-MAT-SILICONE_RESIN","PS-MAT-SILICONE_E","RS","EL","S","PS-PAIR-RS-EL","","FAMILY_CLASS_INHERITED","UNQUALIFIED","NOT_TESTED","false"
"PS-MATRIX-01145","PS-MAT-SILICONE_RESIN","PS-MAT-HYDROGEL_E","RS","EL","S","PS-PAIR-RS-EL","","FAMILY_CLASS_INHERITED","UNQUALIFIED","NOT_TESTED","false"
"PS-MATRIX-01146","PS-MAT-SILICONE_RESIN","PS-MAT-AG_INK","RS","CI","S","PS-PAIR-RS-CI","","FAMILY_CLASS_INHERITED","UNQUALIFIED","NOT_TESTED","false"
"PS-MATRIX-01147","PS-MAT-SILICONE_RESIN","PS-MAT-CU_INK","RS","CI","S","PS-PAIR-RS-CI","","FAMILY_CLASS_INHERITED","UNQUALIFIED","NOT_TESTED","false"
"PS-MATRIX-01148","PS-MAT-SILICONE_RESIN","PS-MAT-CARBON_INK","RS","CI","S","PS-PAIR-RS-CI","","FAMILY_CLASS_INHERITED","UNQUALIFIED","NOT_TESTED","false"
"PS-MATRIX-01149","PS-MAT-SILICONE_RESIN","PS-MAT-GRAPHENE_INK","RS","CI","S","PS-PAIR-RS-CI","","FAMILY_CLASS_INHERITED","UNQUALIFIED","NOT_TESTED","false"
"PS-MATRIX-01150","PS-MAT-SILICONE_RESIN","PS-MAT-PEDOT_PSS","RS","CI","S","PS-PAIR-RS-CI","","FAMILY_CLASS_INHERITED","UNQUALIFIED","NOT_TESTED","false"
"PS-MATRIX-01151","PS-MAT-SILICONE_RESIN","PS-MAT-DIEL_UV","RS","DE","S","PS-PAIR-RS-DE","","FAMILY_CLASS_INHERITED","UNQUALIFIED","NOT_TESTED","false"
"PS-MATRIX-01152","PS-MAT-SILICONE_RESIN","PS-MAT-DIEL_EPOXY","RS","DE","S","PS-PAIR-RS-DE","","FAMILY_CLASS_INHERITED","UNQUALIFIED","NOT_TESTED","false"
"PS-MATRIX-01153","PS-MAT-SILICONE_RESIN","PS-MAT-POLYIMIDE","RS","DE","S","PS-PAIR-RS-DE","","FAMILY_CLASS_INHERITED","UNQUALIFIED","NOT_TESTED","false"
"PS-MATRIX-01154","PS-MAT-SILICONE_RESIN","PS-MAT-PARylene","RS","DE","S","PS-PAIR-RS-DE","","FAMILY_CLASS_INHERITED","UNQUALIFIED","NOT_TESTED","false"
"PS-MATRIX-01155","PS-MAT-SILICONE_RESIN","PS-MAT-FERRITE_PASTE","RS","MG","S","PS-PAIR-RS-MG","","FAMILY_CLASS_INHERITED","UNQUALIFIED","NOT_TESTED","false"
"PS-MATRIX-01156","PS-MAT-SILICONE_RESIN","PS-MAT-NDFEB_BONDED","RS","MG","S","PS-PAIR-RS-MG","","FAMILY_CLASS_INHERITED","UNQUALIFIED","NOT_TESTED","false"
"PS-MATRIX-01157","PS-MAT-SILICONE_RESIN","PS-MAT-IRON_COMPOSITE","RS","MG","S","PS-PAIR-RS-MG","","FAMILY_CLASS_INHERITED","UNQUALIFIED","NOT_TESTED","false"
"PS-MATRIX-01158","PS-MAT-SILICONE_RESIN","PS-MAT-OPTICAL_RESIN","RS","OP","S","PS-PAIR-RS-OP","","FAMILY_CLASS_INHERITED","UNQUALIFIED","NOT_TESTED","false"
"PS-MATRIX-01159","PS-MAT-SILICONE_RESIN","PS-MAT-PMMA","RS","OP","S","PS-PAIR-RS-OP","","FAMILY_CLASS_INHERITED","UNQUALIFIED","NOT_TESTED","false"
"PS-MATRIX-01160","PS-MAT-SILICONE_RESIN","PS-MAT-FUSED_SILICA","RS","OP","S","PS-PAIR-RS-OP","","FAMILY_CLASS_INHERITED","UNQUALIFIED","NOT_TESTED","false"
"PS-MATRIX-01161","PS-MAT-SILICONE_RESIN","PS-MAT-PHOSPHOR_FILM","RS","OP","S","PS-PAIR-RS-OP","","FAMILY_CLASS_INHERITED","UNQUALIFIED","NOT_TESTED","false"
"PS-MATRIX-01162","PS-MAT-SILICONE_RESIN","PS-MAT-PVA_SUPPORT","RS","FL","S","PS-PAIR-RS-FL","","FAMILY_CLASS_INHERITED","UNQUALIFIED","NOT_TESTED","false"
"PS-MATRIX-01163","PS-MAT-SILICONE_RESIN","PS-MAT-WAX_SUPPORT","RS","FL","S","PS-PAIR-RS-FL","","FAMILY_CLASS_INHERITED","UNQUALIFIED","NOT_TESTED","false"
"PS-MATRIX-01164","PS-MAT-SILICONE_RESIN","PS-MAT-MICROGEL","RS","FL","S","PS-PAIR-RS-FL","","FAMILY_CLASS_INHERITED","UNQUALIFIED","NOT_TESTED","false"
"PS-MATRIX-01165","PS-MAT-SILICONE_RESIN","PS-MAT-GAS_CAVITY","RS","FL","S","PS-PAIR-RS-FL","","FAMILY_CLASS_INHERITED","UNQUALIFIED","NOT_TESTED","false"
"PS-MATRIX-01166","PS-MAT-SILICONE_RESIN","PS-MAT-GRAPHITE_ANODE","RS","EC","T","PS-PAIR-RS-EC","","FAMILY_CLASS_INHERITED","UNQUALIFIED","NOT_TESTED","false"
"PS-MATRIX-01167","PS-MAT-SILICONE_RESIN","PS-MAT-LFP_CATHODE","RS","EC","T","PS-PAIR-RS-EC","","FAMILY_CLASS_INHERITED","UNQUALIFIED","NOT_TESTED","false"
"PS-MATRIX-01168","PS-MAT-SILICONE_RESIN","PS-MAT-GEL_ELECTROLYTE","RS","EC","T","PS-PAIR-RS-EC","","FAMILY_CLASS_INHERITED","UNQUALIFIED","NOT_TESTED","false"
"PS-MATRIX-01169","PS-MAT-SILICONE_RESIN","PS-MAT-CARBON_SUPERCAP","RS","EC","T","PS-PAIR-RS-EC","","FAMILY_CLASS_INHERITED","UNQUALIFIED","NOT_TESTED","false"
"PS-MATRIX-01170","PS-MAT-SILICONE_RESIN","PS-MAT-SILICON_DIE","RS","SC","M","PS-PAIR-RS-SC","","FAMILY_CLASS_INHERITED","UNQUALIFIED","NOT_TESTED","false"
"PS-MATRIX-01171","PS-MAT-SILICONE_RESIN","PS-MAT-CAMERA_MODULE","RS","SC","M","PS-PAIR-RS-SC","","FAMILY_CLASS_INHERITED","UNQUALIFIED","NOT_TESTED","false"
"PS-MATRIX-01172","PS-MAT-SILICONE_RESIN","PS-MAT-LED_PACKAGE","RS","SC","M","PS-PAIR-RS-SC","","FAMILY_CLASS_INHERITED","UNQUALIFIED","NOT_TESTED","false"
"PS-MATRIX-01173","PS-MAT-SILICONE_RESIN","PS-MAT-RF_IC","RS","SC","M","PS-PAIR-RS-SC","","FAMILY_CLASS_INHERITED","UNQUALIFIED","NOT_TESTED","false"
"PS-MATRIX-01174","PS-MAT-SILICONE_RESIN","PS-MAT-LFP_MODULE","RS","BT","M","PS-PAIR-RS-BT","","FAMILY_CLASS_INHERITED","UNQUALIFIED","NOT_TESTED","false"
"PS-MATRIX-01175","PS-MAT-SILICONE_RESIN","PS-MAT-LIION_MODULE","RS","BT","M","PS-PAIR-RS-BT","","FAMILY_CLASS_INHERITED","UNQUALIFIED","NOT_TESTED","false"
"PS-MATRIX-01176","PS-MAT-SILICONE_RESIN","PS-MAT-CAP_BANK","RS","BT","M","PS-PAIR-RS-BT","","FAMILY_CLASS_INHERITED","UNQUALIFIED","NOT_TESTED","false"
"PS-MATRIX-01177","PS-MAT-SILICONE_RESIN","PS-MAT-ALGINATE","RS","BV","T","PS-PAIR-RS-BV","","FAMILY_CLASS_INHERITED","UNQUALIFIED","NOT_TESTED","false"
"PS-MATRIX-01178","PS-MAT-SILICONE_RESIN","PS-MAT-GELATIN","RS","BV","T","PS-PAIR-RS-BV","","FAMILY_CLASS_INHERITED","UNQUALIFIED","NOT_TESTED","false"
"PS-MATRIX-01179","PS-MAT-SILICONE_RESIN","PS-MAT-COLLAGEN","RS","BV","T","PS-PAIR-RS-BV","","FAMILY_CLASS_INHERITED","UNQUALIFIED","NOT_TESTED","false"
"PS-MATRIX-01180","PS-MAT-SILICONE_RESIN","PS-MAT-CELL_INK","RS","BV","T","PS-PAIR-RS-BV","","FAMILY_CLASS_INHERITED","UNQUALIFIED","NOT_TESTED","false"
"PS-MATRIX-01181","PS-MAT-TPU","PS-MAT-CU_OFHC","EL","MT","T","PS-PAIR-EL-MT","","FAMILY_CLASS_INHERITED","UNQUALIFIED","NOT_TESTED","false"
"PS-MATRIX-01182","PS-MAT-TPU","PS-MAT-AL_6061","EL","MT","T","PS-PAIR-EL-MT","PS-MR-003-BA","ROUTE_SEED_ONLY","UNQUALIFIED","NOT_TESTED","false"
"PS-MATRIX-01183","PS-MAT-TPU","PS-MAT-SS_316L","EL","MT","T","PS-PAIR-EL-MT","","FAMILY_CLASS_INHERITED","UNQUALIFIED","NOT_TESTED","false"
"PS-MATRIX-01184","PS-MAT-TPU","PS-MAT-TI_64","EL","MT","T","PS-PAIR-EL-MT","","FAMILY_CLASS_INHERITED","UNQUALIFIED","NOT_TESTED","false"
"PS-MATRIX-01185","PS-MAT-TPU","PS-MAT-NI_ALLOY","EL","MT","T","PS-PAIR-EL-MT","","FAMILY_CLASS_INHERITED","UNQUALIFIED","NOT_TESTED","false"
"PS-MATRIX-01186","PS-MAT-TPU","PS-MAT-AG_METAL","EL","MT","T","PS-PAIR-EL-MT","","FAMILY_CLASS_INHERITED","UNQUALIFIED","NOT_TESTED","false"
"PS-MATRIX-01187","PS-MAT-TPU","PS-MAT-ALUMINA","EL","CR","T","PS-PAIR-EL-CR","","FAMILY_CLASS_INHERITED","UNQUALIFIED","NOT_TESTED","false"
"PS-MATRIX-01188","PS-MAT-TPU","PS-MAT-SILICA","EL","CR","T","PS-PAIR-EL-CR","","FAMILY_CLASS_INHERITED","UNQUALIFIED","NOT_TESTED","false"
"PS-MATRIX-01189","PS-MAT-TPU","PS-MAT-ZIRCONIA","EL","CR","T","PS-PAIR-EL-CR","","FAMILY_CLASS_INHERITED","UNQUALIFIED","NOT_TESTED","false"
"PS-MATRIX-01190","PS-MAT-TPU","PS-MAT-BT_CERAMIC","EL","CR","T","PS-PAIR-EL-CR","","FAMILY_CLASS_INHERITED","UNQUALIFIED","NOT_TESTED","false"
"PS-MATRIX-01191","PS-MAT-TPU","PS-MAT-BN_CERAMIC","EL","CR","T","PS-PAIR-EL-CR","","FAMILY_CLASS_INHERITED","UNQUALIFIED","NOT_TESTED","false"
"PS-MATRIX-01192","PS-MAT-TPU","PS-MAT-PLA","EL","TP","S","PS-PAIR-EL-TP","","FAMILY_CLASS_INHERITED","UNQUALIFIED","NOT_TESTED","false"
"PS-MATRIX-01193","PS-MAT-TPU","PS-MAT-PETG","EL","TP","S","PS-PAIR-EL-TP","","FAMILY_CLASS_INHERITED","UNQUALIFIED","NOT_TESTED","false"
"PS-MATRIX-01194","PS-MAT-TPU","PS-MAT-ABS","EL","TP","S","PS-PAIR-EL-TP","","FAMILY_CLASS_INHERITED","UNQUALIFIED","NOT_TESTED","false"
"PS-MATRIX-01195","PS-MAT-TPU","PS-MAT-PA12","EL","TP","S","PS-PAIR-EL-TP","","FAMILY_CLASS_INHERITED","UNQUALIFIED","NOT_TESTED","false"
"PS-MATRIX-01196","PS-MAT-TPU","PS-MAT-PEEK","EL","TP","S","PS-PAIR-EL-TP","","FAMILY_CLASS_INHERITED","UNQUALIFIED","NOT_TESTED","false"
"PS-MATRIX-01197","PS-MAT-TPU","PS-MAT-PP","EL","TP","S","PS-PAIR-EL-TP","","FAMILY_CLASS_INHERITED","UNQUALIFIED","NOT_TESTED","false"
"PS-MATRIX-01198","PS-MAT-TPU","PS-MAT-ACRYLATE","EL","RS","S","PS-PAIR-EL-RS","","FAMILY_CLASS_INHERITED","UNQUALIFIED","NOT_TESTED","false"
"PS-MATRIX-01199","PS-MAT-TPU","PS-MAT-EPOXY","EL","RS","S","PS-PAIR-EL-RS","","FAMILY_CLASS_INHERITED","UNQUALIFIED","NOT_TESTED","false"
"PS-MATRIX-01200","PS-MAT-TPU","PS-MAT-SILICONE_RESIN","EL","RS","S","PS-PAIR-EL-RS","","FAMILY_CLASS_INHERITED","UNQUALIFIED","NOT_TESTED","false"
"PS-MATRIX-01201","PS-MAT-TPU","PS-MAT-TPU","EL","EL","P","PS-PAIR-EL-EL","","FAMILY_CLASS_INHERITED","UNQUALIFIED","NOT_TESTED","false"
"PS-MATRIX-01202","PS-MAT-TPU","PS-MAT-PDMS","EL","EL","P","PS-PAIR-EL-EL","","FAMILY_CLASS_INHERITED","UNQUALIFIED","NOT_TESTED","false"
"PS-MATRIX-01203","PS-MAT-TPU","PS-MAT-SILICONE_E","EL","EL","P","PS-PAIR-EL-EL","","FAMILY_CLASS_INHERITED","UNQUALIFIED","NOT_TESTED","false"
"PS-MATRIX-01204","PS-MAT-TPU","PS-MAT-HYDROGEL_E","EL","EL","P","PS-PAIR-EL-EL","","FAMILY_CLASS_INHERITED","UNQUALIFIED","NOT_TESTED","false"
"PS-MATRIX-01205","PS-MAT-TPU","PS-MAT-AG_INK","EL","CI","S","PS-PAIR-EL-CI","","FAMILY_CLASS_INHERITED","UNQUALIFIED","NOT_TESTED","false"
"PS-MATRIX-01206","PS-MAT-TPU","PS-MAT-CU_INK","EL","CI","S","PS-PAIR-EL-CI","","FAMILY_CLASS_INHERITED","UNQUALIFIED","NOT_TESTED","false"
"PS-MATRIX-01207","PS-MAT-TPU","PS-MAT-CARBON_INK","EL","CI","S","PS-PAIR-EL-CI","","FAMILY_CLASS_INHERITED","UNQUALIFIED","NOT_TESTED","false"
"PS-MATRIX-01208","PS-MAT-TPU","PS-MAT-GRAPHENE_INK","EL","CI","S","PS-PAIR-EL-CI","","FAMILY_CLASS_INHERITED","UNQUALIFIED","NOT_TESTED","false"
"PS-MATRIX-01209","PS-MAT-TPU","PS-MAT-PEDOT_PSS","EL","CI","S","PS-PAIR-EL-CI","","FAMILY_CLASS_INHERITED","UNQUALIFIED","NOT_TESTED","false"
"PS-MATRIX-01210","PS-MAT-TPU","PS-MAT-DIEL_UV","EL","DE","S","PS-PAIR-EL-DE","","FAMILY_CLASS_INHERITED","UNQUALIFIED","NOT_TESTED","false"
"PS-MATRIX-01211","PS-MAT-TPU","PS-MAT-DIEL_EPOXY","EL","DE","S","PS-PAIR-EL-DE","","FAMILY_CLASS_INHERITED","UNQUALIFIED","NOT_TESTED","false"
"PS-MATRIX-01212","PS-MAT-TPU","PS-MAT-POLYIMIDE","EL","DE","S","PS-PAIR-EL-DE","","FAMILY_CLASS_INHERITED","UNQUALIFIED","NOT_TESTED","false"
"PS-MATRIX-01213","PS-MAT-TPU","PS-MAT-PARylene","EL","DE","S","PS-PAIR-EL-DE","","FAMILY_CLASS_INHERITED","UNQUALIFIED","NOT_TESTED","false"
"PS-MATRIX-01214","PS-MAT-TPU","PS-MAT-FERRITE_PASTE","EL","MG","S","PS-PAIR-EL-MG","PS-MR-011-AB","ROUTE_SEED_ONLY","UNQUALIFIED","NOT_TESTED","false"
"PS-MATRIX-01215","PS-MAT-TPU","PS-MAT-NDFEB_BONDED","EL","MG","S","PS-PAIR-EL-MG","","FAMILY_CLASS_INHERITED","UNQUALIFIED","NOT_TESTED","false"
"PS-MATRIX-01216","PS-MAT-TPU","PS-MAT-IRON_COMPOSITE","EL","MG","S","PS-PAIR-EL-MG","","FAMILY_CLASS_INHERITED","UNQUALIFIED","NOT_TESTED","false"
"PS-MATRIX-01217","PS-MAT-TPU","PS-MAT-OPTICAL_RESIN","EL","OP","T","PS-PAIR-EL-OP","","FAMILY_CLASS_INHERITED","UNQUALIFIED","NOT_TESTED","false"
"PS-MATRIX-01218","PS-MAT-TPU","PS-MAT-PMMA","EL","OP","T","PS-PAIR-EL-OP","","FAMILY_CLASS_INHERITED","UNQUALIFIED","NOT_TESTED","false"
"PS-MATRIX-01219","PS-MAT-TPU","PS-MAT-FUSED_SILICA","EL","OP","T","PS-PAIR-EL-OP","","FAMILY_CLASS_INHERITED","UNQUALIFIED","NOT_TESTED","false"
"PS-MATRIX-01220","PS-MAT-TPU","PS-MAT-PHOSPHOR_FILM","EL","OP","T","PS-PAIR-EL-OP","","FAMILY_CLASS_INHERITED","UNQUALIFIED","NOT_TESTED","false"
"PS-MATRIX-01221","PS-MAT-TPU","PS-MAT-PVA_SUPPORT","EL","FL","S","PS-PAIR-EL-FL","","FAMILY_CLASS_INHERITED","UNQUALIFIED","NOT_TESTED","false"
"PS-MATRIX-01222","PS-MAT-TPU","PS-MAT-WAX_SUPPORT","EL","FL","S","PS-PAIR-EL-FL","","FAMILY_CLASS_INHERITED","UNQUALIFIED","NOT_TESTED","false"
"PS-MATRIX-01223","PS-MAT-TPU","PS-MAT-MICROGEL","EL","FL","S","PS-PAIR-EL-FL","","FAMILY_CLASS_INHERITED","UNQUALIFIED","NOT_TESTED","false"
"PS-MATRIX-01224","PS-MAT-TPU","PS-MAT-GAS_CAVITY","EL","FL","S","PS-PAIR-EL-FL","","FAMILY_CLASS_INHERITED","UNQUALIFIED","NOT_TESTED","false"
"PS-MATRIX-01225","PS-MAT-TPU","PS-MAT-GRAPHITE_ANODE","EL","EC","T","PS-PAIR-EL-EC","","FAMILY_CLASS_INHERITED","UNQUALIFIED","NOT_TESTED","false"
"PS-MATRIX-01226","PS-MAT-TPU","PS-MAT-LFP_CATHODE","EL","EC","T","PS-PAIR-EL-EC","","FAMILY_CLASS_INHERITED","UNQUALIFIED","NOT_TESTED","false"
"PS-MATRIX-01227","PS-MAT-TPU","PS-MAT-GEL_ELECTROLYTE","EL","EC","T","PS-PAIR-EL-EC","","FAMILY_CLASS_INHERITED","UNQUALIFIED","NOT_TESTED","false"
"PS-MATRIX-01228","PS-MAT-TPU","PS-MAT-CARBON_SUPERCAP","EL","EC","T","PS-PAIR-EL-EC","","FAMILY_CLASS_INHERITED","UNQUALIFIED","NOT_TESTED","false"
"PS-MATRIX-01229","PS-MAT-TPU","PS-MAT-SILICON_DIE","EL","SC","M","PS-PAIR-EL-SC","","FAMILY_CLASS_INHERITED","UNQUALIFIED","NOT_TESTED","false"
"PS-MATRIX-01230","PS-MAT-TPU","PS-MAT-CAMERA_MODULE","EL","SC","M","PS-PAIR-EL-SC","","FAMILY_CLASS_INHERITED","UNQUALIFIED","NOT_TESTED","false"
"PS-MATRIX-01231","PS-MAT-TPU","PS-MAT-LED_PACKAGE","EL","SC","M","PS-PAIR-EL-SC","","FAMILY_CLASS_INHERITED","UNQUALIFIED","NOT_TESTED","false"
"PS-MATRIX-01232","PS-MAT-TPU","PS-MAT-RF_IC","EL","SC","M","PS-PAIR-EL-SC","","FAMILY_CLASS_INHERITED","UNQUALIFIED","NOT_TESTED","false"
"PS-MATRIX-01233","PS-MAT-TPU","PS-MAT-LFP_MODULE","EL","BT","M","PS-PAIR-EL-BT","","FAMILY_CLASS_INHERITED","UNQUALIFIED","NOT_TESTED","false"
"PS-MATRIX-01234","PS-MAT-TPU","PS-MAT-LIION_MODULE","EL","BT","M","PS-PAIR-EL-BT","","FAMILY_CLASS_INHERITED","UNQUALIFIED","NOT_TESTED","false"
"PS-MATRIX-01235","PS-MAT-TPU","PS-MAT-CAP_BANK","EL","BT","M","PS-PAIR-EL-BT","","FAMILY_CLASS_INHERITED","UNQUALIFIED","NOT_TESTED","false"
"PS-MATRIX-01236","PS-MAT-TPU","PS-MAT-ALGINATE","EL","BV","T","PS-PAIR-EL-BV","","FAMILY_CLASS_INHERITED","UNQUALIFIED","NOT_TESTED","false"
"PS-MATRIX-01237","PS-MAT-TPU","PS-MAT-GELATIN","EL","BV","T","PS-PAIR-EL-BV","","FAMILY_CLASS_INHERITED","UNQUALIFIED","NOT_TESTED","false"
"PS-MATRIX-01238","PS-MAT-TPU","PS-MAT-COLLAGEN","EL","BV","T","PS-PAIR-EL-BV","","FAMILY_CLASS_INHERITED","UNQUALIFIED","NOT_TESTED","false"
"PS-MATRIX-01239","PS-MAT-TPU","PS-MAT-CELL_INK","EL","BV","T","PS-PAIR-EL-BV","","FAMILY_CLASS_INHERITED","UNQUALIFIED","NOT_TESTED","false"
"PS-MATRIX-01240","PS-MAT-PDMS","PS-MAT-CU_OFHC","EL","MT","T","PS-PAIR-EL-MT","","FAMILY_CLASS_INHERITED","UNQUALIFIED","NOT_TESTED","false"
"PS-MATRIX-01241","PS-MAT-PDMS","PS-MAT-AL_6061","EL","MT","T","PS-PAIR-EL-MT","","FAMILY_CLASS_INHERITED","UNQUALIFIED","NOT_TESTED","false"
"PS-MATRIX-01242","PS-MAT-PDMS","PS-MAT-SS_316L","EL","MT","T","PS-PAIR-EL-MT","","FAMILY_CLASS_INHERITED","UNQUALIFIED","NOT_TESTED","false"
"PS-MATRIX-01243","PS-MAT-PDMS","PS-MAT-TI_64","EL","MT","T","PS-PAIR-EL-MT","","FAMILY_CLASS_INHERITED","UNQUALIFIED","NOT_TESTED","false"
"PS-MATRIX-01244","PS-MAT-PDMS","PS-MAT-NI_ALLOY","EL","MT","T","PS-PAIR-EL-MT","","FAMILY_CLASS_INHERITED","UNQUALIFIED","NOT_TESTED","false"
"PS-MATRIX-01245","PS-MAT-PDMS","PS-MAT-AG_METAL","EL","MT","T","PS-PAIR-EL-MT","","FAMILY_CLASS_INHERITED","UNQUALIFIED","NOT_TESTED","false"
"PS-MATRIX-01246","PS-MAT-PDMS","PS-MAT-ALUMINA","EL","CR","T","PS-PAIR-EL-CR","","FAMILY_CLASS_INHERITED","UNQUALIFIED","NOT_TESTED","false"
"PS-MATRIX-01247","PS-MAT-PDMS","PS-MAT-SILICA","EL","CR","T","PS-PAIR-EL-CR","","FAMILY_CLASS_INHERITED","UNQUALIFIED","NOT_TESTED","false"
"PS-MATRIX-01248","PS-MAT-PDMS","PS-MAT-ZIRCONIA","EL","CR","T","PS-PAIR-EL-CR","","FAMILY_CLASS_INHERITED","UNQUALIFIED","NOT_TESTED","false"
"PS-MATRIX-01249","PS-MAT-PDMS","PS-MAT-BT_CERAMIC","EL","CR","T","PS-PAIR-EL-CR","","FAMILY_CLASS_INHERITED","UNQUALIFIED","NOT_TESTED","false"
"PS-MATRIX-01250","PS-MAT-PDMS","PS-MAT-BN_CERAMIC","EL","CR","T","PS-PAIR-EL-CR","","FAMILY_CLASS_INHERITED","UNQUALIFIED","NOT_TESTED","false"
"PS-MATRIX-01251","PS-MAT-PDMS","PS-MAT-PLA","EL","TP","S","PS-PAIR-EL-TP","","FAMILY_CLASS_INHERITED","UNQUALIFIED","NOT_TESTED","false"
"PS-MATRIX-01252","PS-MAT-PDMS","PS-MAT-PETG","EL","TP","S","PS-PAIR-EL-TP","","FAMILY_CLASS_INHERITED","UNQUALIFIED","NOT_TESTED","false"
"PS-MATRIX-01253","PS-MAT-PDMS","PS-MAT-ABS","EL","TP","S","PS-PAIR-EL-TP","","FAMILY_CLASS_INHERITED","UNQUALIFIED","NOT_TESTED","false"
"PS-MATRIX-01254","PS-MAT-PDMS","PS-MAT-PA12","EL","TP","S","PS-PAIR-EL-TP","","FAMILY_CLASS_INHERITED","UNQUALIFIED","NOT_TESTED","false"
"PS-MATRIX-01255","PS-MAT-PDMS","PS-MAT-PEEK","EL","TP","S","PS-PAIR-EL-TP","","FAMILY_CLASS_INHERITED","UNQUALIFIED","NOT_TESTED","false"
"PS-MATRIX-01256","PS-MAT-PDMS","PS-MAT-PP","EL","TP","S","PS-PAIR-EL-TP","","FAMILY_CLASS_INHERITED","UNQUALIFIED","NOT_TESTED","false"
"PS-MATRIX-01257","PS-MAT-PDMS","PS-MAT-ACRYLATE","EL","RS","S","PS-PAIR-EL-RS","","FAMILY_CLASS_INHERITED","UNQUALIFIED","NOT_TESTED","false"
"PS-MATRIX-01258","PS-MAT-PDMS","PS-MAT-EPOXY","EL","RS","S","PS-PAIR-EL-RS","","FAMILY_CLASS_INHERITED","UNQUALIFIED","NOT_TESTED","false"
"PS-MATRIX-01259","PS-MAT-PDMS","PS-MAT-SILICONE_RESIN","EL","RS","S","PS-PAIR-EL-RS","","FAMILY_CLASS_INHERITED","UNQUALIFIED","NOT_TESTED","false"
"PS-MATRIX-01260","PS-MAT-PDMS","PS-MAT-TPU","EL","EL","P","PS-PAIR-EL-EL","","FAMILY_CLASS_INHERITED","UNQUALIFIED","NOT_TESTED","false"
"PS-MATRIX-01261","PS-MAT-PDMS","PS-MAT-PDMS","EL","EL","P","PS-PAIR-EL-EL","","FAMILY_CLASS_INHERITED","UNQUALIFIED","NOT_TESTED","false"
"PS-MATRIX-01262","PS-MAT-PDMS","PS-MAT-SILICONE_E","EL","EL","P","PS-PAIR-EL-EL","","FAMILY_CLASS_INHERITED","UNQUALIFIED","NOT_TESTED","false"
"PS-MATRIX-01263","PS-MAT-PDMS","PS-MAT-HYDROGEL_E","EL","EL","P","PS-PAIR-EL-EL","","FAMILY_CLASS_INHERITED","UNQUALIFIED","NOT_TESTED","false"
"PS-MATRIX-01264","PS-MAT-PDMS","PS-MAT-AG_INK","EL","CI","S","PS-PAIR-EL-CI","","FAMILY_CLASS_INHERITED","UNQUALIFIED","NOT_TESTED","false"
"PS-MATRIX-01265","PS-MAT-PDMS","PS-MAT-CU_INK","EL","CI","S","PS-PAIR-EL-CI","","FAMILY_CLASS_INHERITED","UNQUALIFIED","NOT_TESTED","false"
"PS-MATRIX-01266","PS-MAT-PDMS","PS-MAT-CARBON_INK","EL","CI","S","PS-PAIR-EL-CI","","FAMILY_CLASS_INHERITED","UNQUALIFIED","NOT_TESTED","false"
"PS-MATRIX-01267","PS-MAT-PDMS","PS-MAT-GRAPHENE_INK","EL","CI","S","PS-PAIR-EL-CI","","FAMILY_CLASS_INHERITED","UNQUALIFIED","NOT_TESTED","false"
"PS-MATRIX-01268","PS-MAT-PDMS","PS-MAT-PEDOT_PSS","EL","CI","S","PS-PAIR-EL-CI","","FAMILY_CLASS_INHERITED","UNQUALIFIED","NOT_TESTED","false"
"PS-MATRIX-01269","PS-MAT-PDMS","PS-MAT-DIEL_UV","EL","DE","S","PS-PAIR-EL-DE","","FAMILY_CLASS_INHERITED","UNQUALIFIED","NOT_TESTED","false"
"PS-MATRIX-01270","PS-MAT-PDMS","PS-MAT-DIEL_EPOXY","EL","DE","S","PS-PAIR-EL-DE","","FAMILY_CLASS_INHERITED","UNQUALIFIED","NOT_TESTED","false"
"PS-MATRIX-01271","PS-MAT-PDMS","PS-MAT-POLYIMIDE","EL","DE","S","PS-PAIR-EL-DE","","FAMILY_CLASS_INHERITED","UNQUALIFIED","NOT_TESTED","false"
"PS-MATRIX-01272","PS-MAT-PDMS","PS-MAT-PARylene","EL","DE","S","PS-PAIR-EL-DE","","FAMILY_CLASS_INHERITED","UNQUALIFIED","NOT_TESTED","false"
"PS-MATRIX-01273","PS-MAT-PDMS","PS-MAT-FERRITE_PASTE","EL","MG","S","PS-PAIR-EL-MG","","FAMILY_CLASS_INHERITED","UNQUALIFIED","NOT_TESTED","false"
"PS-MATRIX-01274","PS-MAT-PDMS","PS-MAT-NDFEB_BONDED","EL","MG","S","PS-PAIR-EL-MG","","FAMILY_CLASS_INHERITED","UNQUALIFIED","NOT_TESTED","false"
"PS-MATRIX-01275","PS-MAT-PDMS","PS-MAT-IRON_COMPOSITE","EL","MG","S","PS-PAIR-EL-MG","","FAMILY_CLASS_INHERITED","UNQUALIFIED","NOT_TESTED","false"
"PS-MATRIX-01276","PS-MAT-PDMS","PS-MAT-OPTICAL_RESIN","EL","OP","T","PS-PAIR-EL-OP","","FAMILY_CLASS_INHERITED","UNQUALIFIED","NOT_TESTED","false"
"PS-MATRIX-01277","PS-MAT-PDMS","PS-MAT-PMMA","EL","OP","T","PS-PAIR-EL-OP","","FAMILY_CLASS_INHERITED","UNQUALIFIED","NOT_TESTED","false"
"PS-MATRIX-01278","PS-MAT-PDMS","PS-MAT-FUSED_SILICA","EL","OP","T","PS-PAIR-EL-OP","","FAMILY_CLASS_INHERITED","UNQUALIFIED","NOT_TESTED","false"
"PS-MATRIX-01279","PS-MAT-PDMS","PS-MAT-PHOSPHOR_FILM","EL","OP","T","PS-PAIR-EL-OP","","FAMILY_CLASS_INHERITED","UNQUALIFIED","NOT_TESTED","false"
"PS-MATRIX-01280","PS-MAT-PDMS","PS-MAT-PVA_SUPPORT","EL","FL","S","PS-PAIR-EL-FL","","FAMILY_CLASS_INHERITED","UNQUALIFIED","NOT_TESTED","false"
"PS-MATRIX-01281","PS-MAT-PDMS","PS-MAT-WAX_SUPPORT","EL","FL","S","PS-PAIR-EL-FL","","FAMILY_CLASS_INHERITED","UNQUALIFIED","NOT_TESTED","false"
"PS-MATRIX-01282","PS-MAT-PDMS","PS-MAT-MICROGEL","EL","FL","S","PS-PAIR-EL-FL","","FAMILY_CLASS_INHERITED","UNQUALIFIED","NOT_TESTED","false"
"PS-MATRIX-01283","PS-MAT-PDMS","PS-MAT-GAS_CAVITY","EL","FL","S","PS-PAIR-EL-FL","","FAMILY_CLASS_INHERITED","UNQUALIFIED","NOT_TESTED","false"
"PS-MATRIX-01284","PS-MAT-PDMS","PS-MAT-GRAPHITE_ANODE","EL","EC","T","PS-PAIR-EL-EC","","FAMILY_CLASS_INHERITED","UNQUALIFIED","NOT_TESTED","false"
"PS-MATRIX-01285","PS-MAT-PDMS","PS-MAT-LFP_CATHODE","EL","EC","T","PS-PAIR-EL-EC","","FAMILY_CLASS_INHERITED","UNQUALIFIED","NOT_TESTED","false"
"PS-MATRIX-01286","PS-MAT-PDMS","PS-MAT-GEL_ELECTROLYTE","EL","EC","T","PS-PAIR-EL-EC","","FAMILY_CLASS_INHERITED","UNQUALIFIED","NOT_TESTED","false"
"PS-MATRIX-01287","PS-MAT-PDMS","PS-MAT-CARBON_SUPERCAP","EL","EC","T","PS-PAIR-EL-EC","","FAMILY_CLASS_INHERITED","UNQUALIFIED","NOT_TESTED","false"
"PS-MATRIX-01288","PS-MAT-PDMS","PS-MAT-SILICON_DIE","EL","SC","M","PS-PAIR-EL-SC","PS-MR-026-AB","ROUTE_SEED_ONLY","UNQUALIFIED","NOT_TESTED","false"
"PS-MATRIX-01289","PS-MAT-PDMS","PS-MAT-CAMERA_MODULE","EL","SC","M","PS-PAIR-EL-SC","","FAMILY_CLASS_INHERITED","UNQUALIFIED","NOT_TESTED","false"
"PS-MATRIX-01290","PS-MAT-PDMS","PS-MAT-LED_PACKAGE","EL","SC","M","PS-PAIR-EL-SC","","FAMILY_CLASS_INHERITED","UNQUALIFIED","NOT_TESTED","false"
"PS-MATRIX-01291","PS-MAT-PDMS","PS-MAT-RF_IC","EL","SC","M","PS-PAIR-EL-SC","","FAMILY_CLASS_INHERITED","UNQUALIFIED","NOT_TESTED","false"
"PS-MATRIX-01292","PS-MAT-PDMS","PS-MAT-LFP_MODULE","EL","BT","M","PS-PAIR-EL-BT","","FAMILY_CLASS_INHERITED","UNQUALIFIED","NOT_TESTED","false"
"PS-MATRIX-01293","PS-MAT-PDMS","PS-MAT-LIION_MODULE","EL","BT","M","PS-PAIR-EL-BT","","FAMILY_CLASS_INHERITED","UNQUALIFIED","NOT_TESTED","false"
"PS-MATRIX-01294","PS-MAT-PDMS","PS-MAT-CAP_BANK","EL","BT","M","PS-PAIR-EL-BT","","FAMILY_CLASS_INHERITED","UNQUALIFIED","NOT_TESTED","false"
"PS-MATRIX-01295","PS-MAT-PDMS","PS-MAT-ALGINATE","EL","BV","T","PS-PAIR-EL-BV","PS-MR-027-BA","ROUTE_SEED_ONLY","UNQUALIFIED","NOT_TESTED","false"
"PS-MATRIX-01296","PS-MAT-PDMS","PS-MAT-GELATIN","EL","BV","T","PS-PAIR-EL-BV","","FAMILY_CLASS_INHERITED","UNQUALIFIED","NOT_TESTED","false"
"PS-MATRIX-01297","PS-MAT-PDMS","PS-MAT-COLLAGEN","EL","BV","T","PS-PAIR-EL-BV","","FAMILY_CLASS_INHERITED","UNQUALIFIED","NOT_TESTED","false"
"PS-MATRIX-01298","PS-MAT-PDMS","PS-MAT-CELL_INK","EL","BV","T","PS-PAIR-EL-BV","","FAMILY_CLASS_INHERITED","UNQUALIFIED","NOT_TESTED","false"
"PS-MATRIX-01299","PS-MAT-SILICONE_E","PS-MAT-CU_OFHC","EL","MT","T","PS-PAIR-EL-MT","","FAMILY_CLASS_INHERITED","UNQUALIFIED","NOT_TESTED","false"
"PS-MATRIX-01300","PS-MAT-SILICONE_E","PS-MAT-AL_6061","EL","MT","T","PS-PAIR-EL-MT","","FAMILY_CLASS_INHERITED","UNQUALIFIED","NOT_TESTED","false"
"PS-MATRIX-01301","PS-MAT-SILICONE_E","PS-MAT-SS_316L","EL","MT","T","PS-PAIR-EL-MT","","FAMILY_CLASS_INHERITED","UNQUALIFIED","NOT_TESTED","false"
"PS-MATRIX-01302","PS-MAT-SILICONE_E","PS-MAT-TI_64","EL","MT","T","PS-PAIR-EL-MT","","FAMILY_CLASS_INHERITED","UNQUALIFIED","NOT_TESTED","false"
"PS-MATRIX-01303","PS-MAT-SILICONE_E","PS-MAT-NI_ALLOY","EL","MT","T","PS-PAIR-EL-MT","","FAMILY_CLASS_INHERITED","UNQUALIFIED","NOT_TESTED","false"
"PS-MATRIX-01304","PS-MAT-SILICONE_E","PS-MAT-AG_METAL","EL","MT","T","PS-PAIR-EL-MT","","FAMILY_CLASS_INHERITED","UNQUALIFIED","NOT_TESTED","false"
"PS-MATRIX-01305","PS-MAT-SILICONE_E","PS-MAT-ALUMINA","EL","CR","T","PS-PAIR-EL-CR","","FAMILY_CLASS_INHERITED","UNQUALIFIED","NOT_TESTED","false"
"PS-MATRIX-01306","PS-MAT-SILICONE_E","PS-MAT-SILICA","EL","CR","T","PS-PAIR-EL-CR","","FAMILY_CLASS_INHERITED","UNQUALIFIED","NOT_TESTED","false"
"PS-MATRIX-01307","PS-MAT-SILICONE_E","PS-MAT-ZIRCONIA","EL","CR","T","PS-PAIR-EL-CR","","FAMILY_CLASS_INHERITED","UNQUALIFIED","NOT_TESTED","false"
"PS-MATRIX-01308","PS-MAT-SILICONE_E","PS-MAT-BT_CERAMIC","EL","CR","T","PS-PAIR-EL-CR","","FAMILY_CLASS_INHERITED","UNQUALIFIED","NOT_TESTED","false"
"PS-MATRIX-01309","PS-MAT-SILICONE_E","PS-MAT-BN_CERAMIC","EL","CR","T","PS-PAIR-EL-CR","","FAMILY_CLASS_INHERITED","UNQUALIFIED","NOT_TESTED","false"
"PS-MATRIX-01310","PS-MAT-SILICONE_E","PS-MAT-PLA","EL","TP","S","PS-PAIR-EL-TP","","FAMILY_CLASS_INHERITED","UNQUALIFIED","NOT_TESTED","false"
"PS-MATRIX-01311","PS-MAT-SILICONE_E","PS-MAT-PETG","EL","TP","S","PS-PAIR-EL-TP","","FAMILY_CLASS_INHERITED","UNQUALIFIED","NOT_TESTED","false"
"PS-MATRIX-01312","PS-MAT-SILICONE_E","PS-MAT-ABS","EL","TP","S","PS-PAIR-EL-TP","","FAMILY_CLASS_INHERITED","UNQUALIFIED","NOT_TESTED","false"
"PS-MATRIX-01313","PS-MAT-SILICONE_E","PS-MAT-PA12","EL","TP","S","PS-PAIR-EL-TP","","FAMILY_CLASS_INHERITED","UNQUALIFIED","NOT_TESTED","false"
"PS-MATRIX-01314","PS-MAT-SILICONE_E","PS-MAT-PEEK","EL","TP","S","PS-PAIR-EL-TP","","FAMILY_CLASS_INHERITED","UNQUALIFIED","NOT_TESTED","false"
"PS-MATRIX-01315","PS-MAT-SILICONE_E","PS-MAT-PP","EL","TP","S","PS-PAIR-EL-TP","","FAMILY_CLASS_INHERITED","UNQUALIFIED","NOT_TESTED","false"
"PS-MATRIX-01316","PS-MAT-SILICONE_E","PS-MAT-ACRYLATE","EL","RS","S","PS-PAIR-EL-RS","","FAMILY_CLASS_INHERITED","UNQUALIFIED","NOT_TESTED","false"
"PS-MATRIX-01317","PS-MAT-SILICONE_E","PS-MAT-EPOXY","EL","RS","S","PS-PAIR-EL-RS","","FAMILY_CLASS_INHERITED","UNQUALIFIED","NOT_TESTED","false"
"PS-MATRIX-01318","PS-MAT-SILICONE_E","PS-MAT-SILICONE_RESIN","EL","RS","S","PS-PAIR-EL-RS","","FAMILY_CLASS_INHERITED","UNQUALIFIED","NOT_TESTED","false"
"PS-MATRIX-01319","PS-MAT-SILICONE_E","PS-MAT-TPU","EL","EL","P","PS-PAIR-EL-EL","","FAMILY_CLASS_INHERITED","UNQUALIFIED","NOT_TESTED","false"
"PS-MATRIX-01320","PS-MAT-SILICONE_E","PS-MAT-PDMS","EL","EL","P","PS-PAIR-EL-EL","","FAMILY_CLASS_INHERITED","UNQUALIFIED","NOT_TESTED","false"
"PS-MATRIX-01321","PS-MAT-SILICONE_E","PS-MAT-SILICONE_E","EL","EL","P","PS-PAIR-EL-EL","","FAMILY_CLASS_INHERITED","UNQUALIFIED","NOT_TESTED","false"
"PS-MATRIX-01322","PS-MAT-SILICONE_E","PS-MAT-HYDROGEL_E","EL","EL","P","PS-PAIR-EL-EL","","FAMILY_CLASS_INHERITED","UNQUALIFIED","NOT_TESTED","false"
"PS-MATRIX-01323","PS-MAT-SILICONE_E","PS-MAT-AG_INK","EL","CI","S","PS-PAIR-EL-CI","","FAMILY_CLASS_INHERITED","UNQUALIFIED","NOT_TESTED","false"
"PS-MATRIX-01324","PS-MAT-SILICONE_E","PS-MAT-CU_INK","EL","CI","S","PS-PAIR-EL-CI","","FAMILY_CLASS_INHERITED","UNQUALIFIED","NOT_TESTED","false"
"PS-MATRIX-01325","PS-MAT-SILICONE_E","PS-MAT-CARBON_INK","EL","CI","S","PS-PAIR-EL-CI","","FAMILY_CLASS_INHERITED","UNQUALIFIED","NOT_TESTED","false"
"PS-MATRIX-01326","PS-MAT-SILICONE_E","PS-MAT-GRAPHENE_INK","EL","CI","S","PS-PAIR-EL-CI","","FAMILY_CLASS_INHERITED","UNQUALIFIED","NOT_TESTED","false"
"PS-MATRIX-01327","PS-MAT-SILICONE_E","PS-MAT-PEDOT_PSS","EL","CI","S","PS-PAIR-EL-CI","","FAMILY_CLASS_INHERITED","UNQUALIFIED","NOT_TESTED","false"
"PS-MATRIX-01328","PS-MAT-SILICONE_E","PS-MAT-DIEL_UV","EL","DE","S","PS-PAIR-EL-DE","","FAMILY_CLASS_INHERITED","UNQUALIFIED","NOT_TESTED","false"
"PS-MATRIX-01329","PS-MAT-SILICONE_E","PS-MAT-DIEL_EPOXY","EL","DE","S","PS-PAIR-EL-DE","","FAMILY_CLASS_INHERITED","UNQUALIFIED","NOT_TESTED","false"
"PS-MATRIX-01330","PS-MAT-SILICONE_E","PS-MAT-POLYIMIDE","EL","DE","S","PS-PAIR-EL-DE","","FAMILY_CLASS_INHERITED","UNQUALIFIED","NOT_TESTED","false"
"PS-MATRIX-01331","PS-MAT-SILICONE_E","PS-MAT-PARylene","EL","DE","S","PS-PAIR-EL-DE","","FAMILY_CLASS_INHERITED","UNQUALIFIED","NOT_TESTED","false"
"PS-MATRIX-01332","PS-MAT-SILICONE_E","PS-MAT-FERRITE_PASTE","EL","MG","S","PS-PAIR-EL-MG","","FAMILY_CLASS_INHERITED","UNQUALIFIED","NOT_TESTED","false"
"PS-MATRIX-01333","PS-MAT-SILICONE_E","PS-MAT-NDFEB_BONDED","EL","MG","S","PS-PAIR-EL-MG","PS-MR-015-BA","ROUTE_SEED_ONLY","UNQUALIFIED","NOT_TESTED","false"
"PS-MATRIX-01334","PS-MAT-SILICONE_E","PS-MAT-IRON_COMPOSITE","EL","MG","S","PS-PAIR-EL-MG","","FAMILY_CLASS_INHERITED","UNQUALIFIED","NOT_TESTED","false"
"PS-MATRIX-01335","PS-MAT-SILICONE_E","PS-MAT-OPTICAL_RESIN","EL","OP","T","PS-PAIR-EL-OP","","FAMILY_CLASS_INHERITED","UNQUALIFIED","NOT_TESTED","false"
"PS-MATRIX-01336","PS-MAT-SILICONE_E","PS-MAT-PMMA","EL","OP","T","PS-PAIR-EL-OP","","FAMILY_CLASS_INHERITED","UNQUALIFIED","NOT_TESTED","false"
"PS-MATRIX-01337","PS-MAT-SILICONE_E","PS-MAT-FUSED_SILICA","EL","OP","T","PS-PAIR-EL-OP","","FAMILY_CLASS_INHERITED","UNQUALIFIED","NOT_TESTED","false"
"PS-MATRIX-01338","PS-MAT-SILICONE_E","PS-MAT-PHOSPHOR_FILM","EL","OP","T","PS-PAIR-EL-OP","","FAMILY_CLASS_INHERITED","UNQUALIFIED","NOT_TESTED","false"
"PS-MATRIX-01339","PS-MAT-SILICONE_E","PS-MAT-PVA_SUPPORT","EL","FL","S","PS-PAIR-EL-FL","","FAMILY_CLASS_INHERITED","UNQUALIFIED","NOT_TESTED","false"
"PS-MATRIX-01340","PS-MAT-SILICONE_E","PS-MAT-WAX_SUPPORT","EL","FL","S","PS-PAIR-EL-FL","","FAMILY_CLASS_INHERITED","UNQUALIFIED","NOT_TESTED","false"
"PS-MATRIX-01341","PS-MAT-SILICONE_E","PS-MAT-MICROGEL","EL","FL","S","PS-PAIR-EL-FL","","FAMILY_CLASS_INHERITED","UNQUALIFIED","NOT_TESTED","false"
"PS-MATRIX-01342","PS-MAT-SILICONE_E","PS-MAT-GAS_CAVITY","EL","FL","S","PS-PAIR-EL-FL","","FAMILY_CLASS_INHERITED","UNQUALIFIED","NOT_TESTED","false"
"PS-MATRIX-01343","PS-MAT-SILICONE_E","PS-MAT-GRAPHITE_ANODE","EL","EC","T","PS-PAIR-EL-EC","","FAMILY_CLASS_INHERITED","UNQUALIFIED","NOT_TESTED","false"
"PS-MATRIX-01344","PS-MAT-SILICONE_E","PS-MAT-LFP_CATHODE","EL","EC","T","PS-PAIR-EL-EC","","FAMILY_CLASS_INHERITED","UNQUALIFIED","NOT_TESTED","false"
"PS-MATRIX-01345","PS-MAT-SILICONE_E","PS-MAT-GEL_ELECTROLYTE","EL","EC","T","PS-PAIR-EL-EC","","FAMILY_CLASS_INHERITED","UNQUALIFIED","NOT_TESTED","false"
"PS-MATRIX-01346","PS-MAT-SILICONE_E","PS-MAT-CARBON_SUPERCAP","EL","EC","T","PS-PAIR-EL-EC","","FAMILY_CLASS_INHERITED","UNQUALIFIED","NOT_TESTED","false"
"PS-MATRIX-01347","PS-MAT-SILICONE_E","PS-MAT-SILICON_DIE","EL","SC","M","PS-PAIR-EL-SC","","FAMILY_CLASS_INHERITED","UNQUALIFIED","NOT_TESTED","false"
"PS-MATRIX-01348","PS-MAT-SILICONE_E","PS-MAT-CAMERA_MODULE","EL","SC","M","PS-PAIR-EL-SC","","FAMILY_CLASS_INHERITED","UNQUALIFIED","NOT_TESTED","false"
"PS-MATRIX-01349","PS-MAT-SILICONE_E","PS-MAT-LED_PACKAGE","EL","SC","M","PS-PAIR-EL-SC","","FAMILY_CLASS_INHERITED","UNQUALIFIED","NOT_TESTED","false"
"PS-MATRIX-01350","PS-MAT-SILICONE_E","PS-MAT-RF_IC","EL","SC","M","PS-PAIR-EL-SC","","FAMILY_CLASS_INHERITED","UNQUALIFIED","NOT_TESTED","false"
"PS-MATRIX-01351","PS-MAT-SILICONE_E","PS-MAT-LFP_MODULE","EL","BT","M","PS-PAIR-EL-BT","","FAMILY_CLASS_INHERITED","UNQUALIFIED","NOT_TESTED","false"
"PS-MATRIX-01352","PS-MAT-SILICONE_E","PS-MAT-LIION_MODULE","EL","BT","M","PS-PAIR-EL-BT","PS-MR-035-BA","ROUTE_SEED_ONLY","UNQUALIFIED","NOT_TESTED","false"
"PS-MATRIX-01353","PS-MAT-SILICONE_E","PS-MAT-CAP_BANK","EL","BT","M","PS-PAIR-EL-BT","","FAMILY_CLASS_INHERITED","UNQUALIFIED","NOT_TESTED","false"
"PS-MATRIX-01354","PS-MAT-SILICONE_E","PS-MAT-ALGINATE","EL","BV","T","PS-PAIR-EL-BV","","FAMILY_CLASS_INHERITED","UNQUALIFIED","NOT_TESTED","false"
"PS-MATRIX-01355","PS-MAT-SILICONE_E","PS-MAT-GELATIN","EL","BV","T","PS-PAIR-EL-BV","","FAMILY_CLASS_INHERITED","UNQUALIFIED","NOT_TESTED","false"
"PS-MATRIX-01356","PS-MAT-SILICONE_E","PS-MAT-COLLAGEN","EL","BV","T","PS-PAIR-EL-BV","","FAMILY_CLASS_INHERITED","UNQUALIFIED","NOT_TESTED","false"
"PS-MATRIX-01357","PS-MAT-SILICONE_E","PS-MAT-CELL_INK","EL","BV","T","PS-PAIR-EL-BV","","FAMILY_CLASS_INHERITED","UNQUALIFIED","NOT_TESTED","false"
"PS-MATRIX-01358","PS-MAT-HYDROGEL_E","PS-MAT-CU_OFHC","EL","MT","T","PS-PAIR-EL-MT","","FAMILY_CLASS_INHERITED","UNQUALIFIED","NOT_TESTED","false"
"PS-MATRIX-01359","PS-MAT-HYDROGEL_E","PS-MAT-AL_6061","EL","MT","T","PS-PAIR-EL-MT","","FAMILY_CLASS_INHERITED","UNQUALIFIED","NOT_TESTED","false"
"PS-MATRIX-01360","PS-MAT-HYDROGEL_E","PS-MAT-SS_316L","EL","MT","T","PS-PAIR-EL-MT","","FAMILY_CLASS_INHERITED","UNQUALIFIED","NOT_TESTED","false"
"PS-MATRIX-01361","PS-MAT-HYDROGEL_E","PS-MAT-TI_64","EL","MT","T","PS-PAIR-EL-MT","","FAMILY_CLASS_INHERITED","UNQUALIFIED","NOT_TESTED","false"
"PS-MATRIX-01362","PS-MAT-HYDROGEL_E","PS-MAT-NI_ALLOY","EL","MT","T","PS-PAIR-EL-MT","","FAMILY_CLASS_INHERITED","UNQUALIFIED","NOT_TESTED","false"
"PS-MATRIX-01363","PS-MAT-HYDROGEL_E","PS-MAT-AG_METAL","EL","MT","T","PS-PAIR-EL-MT","","FAMILY_CLASS_INHERITED","UNQUALIFIED","NOT_TESTED","false"
"PS-MATRIX-01364","PS-MAT-HYDROGEL_E","PS-MAT-ALUMINA","EL","CR","T","PS-PAIR-EL-CR","","FAMILY_CLASS_INHERITED","UNQUALIFIED","NOT_TESTED","false"
"PS-MATRIX-01365","PS-MAT-HYDROGEL_E","PS-MAT-SILICA","EL","CR","T","PS-PAIR-EL-CR","","FAMILY_CLASS_INHERITED","UNQUALIFIED","NOT_TESTED","false"
"PS-MATRIX-01366","PS-MAT-HYDROGEL_E","PS-MAT-ZIRCONIA","EL","CR","T","PS-PAIR-EL-CR","","FAMILY_CLASS_INHERITED","UNQUALIFIED","NOT_TESTED","false"
"PS-MATRIX-01367","PS-MAT-HYDROGEL_E","PS-MAT-BT_CERAMIC","EL","CR","T","PS-PAIR-EL-CR","","FAMILY_CLASS_INHERITED","UNQUALIFIED","NOT_TESTED","false"
"PS-MATRIX-01368","PS-MAT-HYDROGEL_E","PS-MAT-BN_CERAMIC","EL","CR","T","PS-PAIR-EL-CR","","FAMILY_CLASS_INHERITED","UNQUALIFIED","NOT_TESTED","false"
"PS-MATRIX-01369","PS-MAT-HYDROGEL_E","PS-MAT-PLA","EL","TP","S","PS-PAIR-EL-TP","","FAMILY_CLASS_INHERITED","UNQUALIFIED","NOT_TESTED","false"
"PS-MATRIX-01370","PS-MAT-HYDROGEL_E","PS-MAT-PETG","EL","TP","S","PS-PAIR-EL-TP","","FAMILY_CLASS_INHERITED","UNQUALIFIED","NOT_TESTED","false"
"PS-MATRIX-01371","PS-MAT-HYDROGEL_E","PS-MAT-ABS","EL","TP","S","PS-PAIR-EL-TP","","FAMILY_CLASS_INHERITED","UNQUALIFIED","NOT_TESTED","false"
"PS-MATRIX-01372","PS-MAT-HYDROGEL_E","PS-MAT-PA12","EL","TP","S","PS-PAIR-EL-TP","","FAMILY_CLASS_INHERITED","UNQUALIFIED","NOT_TESTED","false"
"PS-MATRIX-01373","PS-MAT-HYDROGEL_E","PS-MAT-PEEK","EL","TP","S","PS-PAIR-EL-TP","","FAMILY_CLASS_INHERITED","UNQUALIFIED","NOT_TESTED","false"
"PS-MATRIX-01374","PS-MAT-HYDROGEL_E","PS-MAT-PP","EL","TP","S","PS-PAIR-EL-TP","","FAMILY_CLASS_INHERITED","UNQUALIFIED","NOT_TESTED","false"
"PS-MATRIX-01375","PS-MAT-HYDROGEL_E","PS-MAT-ACRYLATE","EL","RS","S","PS-PAIR-EL-RS","","FAMILY_CLASS_INHERITED","UNQUALIFIED","NOT_TESTED","false"
"PS-MATRIX-01376","PS-MAT-HYDROGEL_E","PS-MAT-EPOXY","EL","RS","S","PS-PAIR-EL-RS","","FAMILY_CLASS_INHERITED","UNQUALIFIED","NOT_TESTED","false"
"PS-MATRIX-01377","PS-MAT-HYDROGEL_E","PS-MAT-SILICONE_RESIN","EL","RS","S","PS-PAIR-EL-RS","","FAMILY_CLASS_INHERITED","UNQUALIFIED","NOT_TESTED","false"
"PS-MATRIX-01378","PS-MAT-HYDROGEL_E","PS-MAT-TPU","EL","EL","P","PS-PAIR-EL-EL","","FAMILY_CLASS_INHERITED","UNQUALIFIED","NOT_TESTED","false"
"PS-MATRIX-01379","PS-MAT-HYDROGEL_E","PS-MAT-PDMS","EL","EL","P","PS-PAIR-EL-EL","","FAMILY_CLASS_INHERITED","UNQUALIFIED","NOT_TESTED","false"
"PS-MATRIX-01380","PS-MAT-HYDROGEL_E","PS-MAT-SILICONE_E","EL","EL","P","PS-PAIR-EL-EL","","FAMILY_CLASS_INHERITED","UNQUALIFIED","NOT_TESTED","false"
"PS-MATRIX-01381","PS-MAT-HYDROGEL_E","PS-MAT-HYDROGEL_E","EL","EL","P","PS-PAIR-EL-EL","","FAMILY_CLASS_INHERITED","UNQUALIFIED","NOT_TESTED","false"
"PS-MATRIX-01382","PS-MAT-HYDROGEL_E","PS-MAT-AG_INK","EL","CI","S","PS-PAIR-EL-CI","","FAMILY_CLASS_INHERITED","UNQUALIFIED","NOT_TESTED","false"
"PS-MATRIX-01383","PS-MAT-HYDROGEL_E","PS-MAT-CU_INK","EL","CI","S","PS-PAIR-EL-CI","","FAMILY_CLASS_INHERITED","UNQUALIFIED","NOT_TESTED","false"
"PS-MATRIX-01384","PS-MAT-HYDROGEL_E","PS-MAT-CARBON_INK","EL","CI","S","PS-PAIR-EL-CI","","FAMILY_CLASS_INHERITED","UNQUALIFIED","NOT_TESTED","false"
"PS-MATRIX-01385","PS-MAT-HYDROGEL_E","PS-MAT-GRAPHENE_INK","EL","CI","S","PS-PAIR-EL-CI","","FAMILY_CLASS_INHERITED","UNQUALIFIED","NOT_TESTED","false"
"PS-MATRIX-01386","PS-MAT-HYDROGEL_E","PS-MAT-PEDOT_PSS","EL","CI","S","PS-PAIR-EL-CI","","FAMILY_CLASS_INHERITED","UNQUALIFIED","NOT_TESTED","false"
"PS-MATRIX-01387","PS-MAT-HYDROGEL_E","PS-MAT-DIEL_UV","EL","DE","S","PS-PAIR-EL-DE","","FAMILY_CLASS_INHERITED","UNQUALIFIED","NOT_TESTED","false"
"PS-MATRIX-01388","PS-MAT-HYDROGEL_E","PS-MAT-DIEL_EPOXY","EL","DE","S","PS-PAIR-EL-DE","","FAMILY_CLASS_INHERITED","UNQUALIFIED","NOT_TESTED","false"
"PS-MATRIX-01389","PS-MAT-HYDROGEL_E","PS-MAT-POLYIMIDE","EL","DE","S","PS-PAIR-EL-DE","","FAMILY_CLASS_INHERITED","UNQUALIFIED","NOT_TESTED","false"
"PS-MATRIX-01390","PS-MAT-HYDROGEL_E","PS-MAT-PARylene","EL","DE","S","PS-PAIR-EL-DE","","FAMILY_CLASS_INHERITED","UNQUALIFIED","NOT_TESTED","false"
"PS-MATRIX-01391","PS-MAT-HYDROGEL_E","PS-MAT-FERRITE_PASTE","EL","MG","S","PS-PAIR-EL-MG","","FAMILY_CLASS_INHERITED","UNQUALIFIED","NOT_TESTED","false"
"PS-MATRIX-01392","PS-MAT-HYDROGEL_E","PS-MAT-NDFEB_BONDED","EL","MG","S","PS-PAIR-EL-MG","","FAMILY_CLASS_INHERITED","UNQUALIFIED","NOT_TESTED","false"
"PS-MATRIX-01393","PS-MAT-HYDROGEL_E","PS-MAT-IRON_COMPOSITE","EL","MG","S","PS-PAIR-EL-MG","","FAMILY_CLASS_INHERITED","UNQUALIFIED","NOT_TESTED","false"
"PS-MATRIX-01394","PS-MAT-HYDROGEL_E","PS-MAT-OPTICAL_RESIN","EL","OP","T","PS-PAIR-EL-OP","","FAMILY_CLASS_INHERITED","UNQUALIFIED","NOT_TESTED","false"
"PS-MATRIX-01395","PS-MAT-HYDROGEL_E","PS-MAT-PMMA","EL","OP","T","PS-PAIR-EL-OP","","FAMILY_CLASS_INHERITED","UNQUALIFIED","NOT_TESTED","false"
"PS-MATRIX-01396","PS-MAT-HYDROGEL_E","PS-MAT-FUSED_SILICA","EL","OP","T","PS-PAIR-EL-OP","","FAMILY_CLASS_INHERITED","UNQUALIFIED","NOT_TESTED","false"
"PS-MATRIX-01397","PS-MAT-HYDROGEL_E","PS-MAT-PHOSPHOR_FILM","EL","OP","T","PS-PAIR-EL-OP","","FAMILY_CLASS_INHERITED","UNQUALIFIED","NOT_TESTED","false"
"PS-MATRIX-01398","PS-MAT-HYDROGEL_E","PS-MAT-PVA_SUPPORT","EL","FL","S","PS-PAIR-EL-FL","","FAMILY_CLASS_INHERITED","UNQUALIFIED","NOT_TESTED","false"
"PS-MATRIX-01399","PS-MAT-HYDROGEL_E","PS-MAT-WAX_SUPPORT","EL","FL","S","PS-PAIR-EL-FL","","FAMILY_CLASS_INHERITED","UNQUALIFIED","NOT_TESTED","false"
"PS-MATRIX-01400","PS-MAT-HYDROGEL_E","PS-MAT-MICROGEL","EL","FL","S","PS-PAIR-EL-FL","","FAMILY_CLASS_INHERITED","UNQUALIFIED","NOT_TESTED","false"
"PS-MATRIX-01401","PS-MAT-HYDROGEL_E","PS-MAT-GAS_CAVITY","EL","FL","S","PS-PAIR-EL-FL","","FAMILY_CLASS_INHERITED","UNQUALIFIED","NOT_TESTED","false"
"PS-MATRIX-01402","PS-MAT-HYDROGEL_E","PS-MAT-GRAPHITE_ANODE","EL","EC","T","PS-PAIR-EL-EC","","FAMILY_CLASS_INHERITED","UNQUALIFIED","NOT_TESTED","false"
"PS-MATRIX-01403","PS-MAT-HYDROGEL_E","PS-MAT-LFP_CATHODE","EL","EC","T","PS-PAIR-EL-EC","","FAMILY_CLASS_INHERITED","UNQUALIFIED","NOT_TESTED","false"
"PS-MATRIX-01404","PS-MAT-HYDROGEL_E","PS-MAT-GEL_ELECTROLYTE","EL","EC","T","PS-PAIR-EL-EC","","FAMILY_CLASS_INHERITED","UNQUALIFIED","NOT_TESTED","false"
"PS-MATRIX-01405","PS-MAT-HYDROGEL_E","PS-MAT-CARBON_SUPERCAP","EL","EC","T","PS-PAIR-EL-EC","","FAMILY_CLASS_INHERITED","UNQUALIFIED","NOT_TESTED","false"
"PS-MATRIX-01406","PS-MAT-HYDROGEL_E","PS-MAT-SILICON_DIE","EL","SC","M","PS-PAIR-EL-SC","","FAMILY_CLASS_INHERITED","UNQUALIFIED","NOT_TESTED","false"
"PS-MATRIX-01407","PS-MAT-HYDROGEL_E","PS-MAT-CAMERA_MODULE","EL","SC","M","PS-PAIR-EL-SC","","FAMILY_CLASS_INHERITED","UNQUALIFIED","NOT_TESTED","false"
"PS-MATRIX-01408","PS-MAT-HYDROGEL_E","PS-MAT-LED_PACKAGE","EL","SC","M","PS-PAIR-EL-SC","","FAMILY_CLASS_INHERITED","UNQUALIFIED","NOT_TESTED","false"
"PS-MATRIX-01409","PS-MAT-HYDROGEL_E","PS-MAT-RF_IC","EL","SC","M","PS-PAIR-EL-SC","","FAMILY_CLASS_INHERITED","UNQUALIFIED","NOT_TESTED","false"
"PS-MATRIX-01410","PS-MAT-HYDROGEL_E","PS-MAT-LFP_MODULE","EL","BT","M","PS-PAIR-EL-BT","","FAMILY_CLASS_INHERITED","UNQUALIFIED","NOT_TESTED","false"
"PS-MATRIX-01411","PS-MAT-HYDROGEL_E","PS-MAT-LIION_MODULE","EL","BT","M","PS-PAIR-EL-BT","","FAMILY_CLASS_INHERITED","UNQUALIFIED","NOT_TESTED","false"
"PS-MATRIX-01412","PS-MAT-HYDROGEL_E","PS-MAT-CAP_BANK","EL","BT","M","PS-PAIR-EL-BT","","FAMILY_CLASS_INHERITED","UNQUALIFIED","NOT_TESTED","false"
"PS-MATRIX-01413","PS-MAT-HYDROGEL_E","PS-MAT-ALGINATE","EL","BV","T","PS-PAIR-EL-BV","PS-MR-036-AB","ROUTE_SEED_ONLY","UNQUALIFIED","NOT_TESTED","false"
"PS-MATRIX-01414","PS-MAT-HYDROGEL_E","PS-MAT-GELATIN","EL","BV","T","PS-PAIR-EL-BV","","FAMILY_CLASS_INHERITED","UNQUALIFIED","NOT_TESTED","false"
"PS-MATRIX-01415","PS-MAT-HYDROGEL_E","PS-MAT-COLLAGEN","EL","BV","T","PS-PAIR-EL-BV","","FAMILY_CLASS_INHERITED","UNQUALIFIED","NOT_TESTED","false"
"PS-MATRIX-01416","PS-MAT-HYDROGEL_E","PS-MAT-CELL_INK","EL","BV","T","PS-PAIR-EL-BV","","FAMILY_CLASS_INHERITED","UNQUALIFIED","NOT_TESTED","false"
"PS-MATRIX-01417","PS-MAT-AG_INK","PS-MAT-CU_OFHC","CI","MT","T","PS-PAIR-CI-MT","","FAMILY_CLASS_INHERITED","UNQUALIFIED","NOT_TESTED","false"
"PS-MATRIX-01418","PS-MAT-AG_INK","PS-MAT-AL_6061","CI","MT","T","PS-PAIR-CI-MT","","FAMILY_CLASS_INHERITED","UNQUALIFIED","NOT_TESTED","false"
"PS-MATRIX-01419","PS-MAT-AG_INK","PS-MAT-SS_316L","CI","MT","T","PS-PAIR-CI-MT","","FAMILY_CLASS_INHERITED","UNQUALIFIED","NOT_TESTED","false"
"PS-MATRIX-01420","PS-MAT-AG_INK","PS-MAT-TI_64","CI","MT","T","PS-PAIR-CI-MT","","FAMILY_CLASS_INHERITED","UNQUALIFIED","NOT_TESTED","false"
"PS-MATRIX-01421","PS-MAT-AG_INK","PS-MAT-NI_ALLOY","CI","MT","T","PS-PAIR-CI-MT","","FAMILY_CLASS_INHERITED","UNQUALIFIED","NOT_TESTED","false"
"PS-MATRIX-01422","PS-MAT-AG_INK","PS-MAT-AG_METAL","CI","MT","T","PS-PAIR-CI-MT","","FAMILY_CLASS_INHERITED","UNQUALIFIED","NOT_TESTED","false"
"PS-MATRIX-01423","PS-MAT-AG_INK","PS-MAT-ALUMINA","CI","CR","T","PS-PAIR-CI-CR","PS-MR-004-BA","ROUTE_SEED_ONLY","UNQUALIFIED","NOT_TESTED","false"
"PS-MATRIX-01424","PS-MAT-AG_INK","PS-MAT-SILICA","CI","CR","T","PS-PAIR-CI-CR","","FAMILY_CLASS_INHERITED","UNQUALIFIED","NOT_TESTED","false"
"PS-MATRIX-01425","PS-MAT-AG_INK","PS-MAT-ZIRCONIA","CI","CR","T","PS-PAIR-CI-CR","","FAMILY_CLASS_INHERITED","UNQUALIFIED","NOT_TESTED","false"
"PS-MATRIX-01426","PS-MAT-AG_INK","PS-MAT-BT_CERAMIC","CI","CR","T","PS-PAIR-CI-CR","","FAMILY_CLASS_INHERITED","UNQUALIFIED","NOT_TESTED","false"
"PS-MATRIX-01427","PS-MAT-AG_INK","PS-MAT-BN_CERAMIC","CI","CR","T","PS-PAIR-CI-CR","","FAMILY_CLASS_INHERITED","UNQUALIFIED","NOT_TESTED","false"
"PS-MATRIX-01428","PS-MAT-AG_INK","PS-MAT-PLA","CI","TP","S","PS-PAIR-CI-TP","PS-MR-006-BA","ROUTE_SEED_ONLY","UNQUALIFIED","NOT_TESTED","false"
"PS-MATRIX-01429","PS-MAT-AG_INK","PS-MAT-PETG","CI","TP","S","PS-PAIR-CI-TP","","FAMILY_CLASS_INHERITED","UNQUALIFIED","NOT_TESTED","false"
"PS-MATRIX-01430","PS-MAT-AG_INK","PS-MAT-ABS","CI","TP","S","PS-PAIR-CI-TP","","FAMILY_CLASS_INHERITED","UNQUALIFIED","NOT_TESTED","false"
"PS-MATRIX-01431","PS-MAT-AG_INK","PS-MAT-PA12","CI","TP","S","PS-PAIR-CI-TP","","FAMILY_CLASS_INHERITED","UNQUALIFIED","NOT_TESTED","false"
"PS-MATRIX-01432","PS-MAT-AG_INK","PS-MAT-PEEK","CI","TP","S","PS-PAIR-CI-TP","","FAMILY_CLASS_INHERITED","UNQUALIFIED","NOT_TESTED","false"
"PS-MATRIX-01433","PS-MAT-AG_INK","PS-MAT-PP","CI","TP","S","PS-PAIR-CI-TP","","FAMILY_CLASS_INHERITED","UNQUALIFIED","NOT_TESTED","false"
"PS-MATRIX-01434","PS-MAT-AG_INK","PS-MAT-ACRYLATE","CI","RS","S","PS-PAIR-CI-RS","","FAMILY_CLASS_INHERITED","UNQUALIFIED","NOT_TESTED","false"
"PS-MATRIX-01435","PS-MAT-AG_INK","PS-MAT-EPOXY","CI","RS","S","PS-PAIR-CI-RS","","FAMILY_CLASS_INHERITED","UNQUALIFIED","NOT_TESTED","false"
"PS-MATRIX-01436","PS-MAT-AG_INK","PS-MAT-SILICONE_RESIN","CI","RS","S","PS-PAIR-CI-RS","","FAMILY_CLASS_INHERITED","UNQUALIFIED","NOT_TESTED","false"
"PS-MATRIX-01437","PS-MAT-AG_INK","PS-MAT-TPU","CI","EL","S","PS-PAIR-CI-EL","","FAMILY_CLASS_INHERITED","UNQUALIFIED","NOT_TESTED","false"
"PS-MATRIX-01438","PS-MAT-AG_INK","PS-MAT-PDMS","CI","EL","S","PS-PAIR-CI-EL","","FAMILY_CLASS_INHERITED","UNQUALIFIED","NOT_TESTED","false"
"PS-MATRIX-01439","PS-MAT-AG_INK","PS-MAT-SILICONE_E","CI","EL","S","PS-PAIR-CI-EL","","FAMILY_CLASS_INHERITED","UNQUALIFIED","NOT_TESTED","false"
"PS-MATRIX-01440","PS-MAT-AG_INK","PS-MAT-HYDROGEL_E","CI","EL","S","PS-PAIR-CI-EL","","FAMILY_CLASS_INHERITED","UNQUALIFIED","NOT_TESTED","false"
"PS-MATRIX-01441","PS-MAT-AG_INK","PS-MAT-AG_INK","CI","CI","P","PS-PAIR-CI-CI","","FAMILY_CLASS_INHERITED","UNQUALIFIED","NOT_TESTED","false"
"PS-MATRIX-01442","PS-MAT-AG_INK","PS-MAT-CU_INK","CI","CI","P","PS-PAIR-CI-CI","","FAMILY_CLASS_INHERITED","UNQUALIFIED","NOT_TESTED","false"
"PS-MATRIX-01443","PS-MAT-AG_INK","PS-MAT-CARBON_INK","CI","CI","P","PS-PAIR-CI-CI","","FAMILY_CLASS_INHERITED","UNQUALIFIED","NOT_TESTED","false"
"PS-MATRIX-01444","PS-MAT-AG_INK","PS-MAT-GRAPHENE_INK","CI","CI","P","PS-PAIR-CI-CI","","FAMILY_CLASS_INHERITED","UNQUALIFIED","NOT_TESTED","false"
"PS-MATRIX-01445","PS-MAT-AG_INK","PS-MAT-PEDOT_PSS","CI","CI","P","PS-PAIR-CI-CI","","FAMILY_CLASS_INHERITED","UNQUALIFIED","NOT_TESTED","false"
"PS-MATRIX-01446","PS-MAT-AG_INK","PS-MAT-DIEL_UV","CI","DE","S","PS-PAIR-CI-DE","PS-MR-012-BA","ROUTE_SEED_ONLY","UNQUALIFIED","NOT_TESTED","false"
"PS-MATRIX-01447","PS-MAT-AG_INK","PS-MAT-DIEL_EPOXY","CI","DE","S","PS-PAIR-CI-DE","","FAMILY_CLASS_INHERITED","UNQUALIFIED","NOT_TESTED","false"
"PS-MATRIX-01448","PS-MAT-AG_INK","PS-MAT-POLYIMIDE","CI","DE","S","PS-PAIR-CI-DE","","FAMILY_CLASS_INHERITED","UNQUALIFIED","NOT_TESTED","false"
"PS-MATRIX-01449","PS-MAT-AG_INK","PS-MAT-PARylene","CI","DE","S","PS-PAIR-CI-DE","","FAMILY_CLASS_INHERITED","UNQUALIFIED","NOT_TESTED","false"
"PS-MATRIX-01450","PS-MAT-AG_INK","PS-MAT-FERRITE_PASTE","CI","MG","S","PS-PAIR-CI-MG","PS-MR-030-BA","ROUTE_SEED_ONLY","UNQUALIFIED","NOT_TESTED","false"
"PS-MATRIX-01451","PS-MAT-AG_INK","PS-MAT-NDFEB_BONDED","CI","MG","S","PS-PAIR-CI-MG","","FAMILY_CLASS_INHERITED","UNQUALIFIED","NOT_TESTED","false"
"PS-MATRIX-01452","PS-MAT-AG_INK","PS-MAT-IRON_COMPOSITE","CI","MG","S","PS-PAIR-CI-MG","","FAMILY_CLASS_INHERITED","UNQUALIFIED","NOT_TESTED","false"
"PS-MATRIX-01453","PS-MAT-AG_INK","PS-MAT-OPTICAL_RESIN","CI","OP","S","PS-PAIR-CI-OP","","FAMILY_CLASS_INHERITED","UNQUALIFIED","NOT_TESTED","false"
"PS-MATRIX-01454","PS-MAT-AG_INK","PS-MAT-PMMA","CI","OP","S","PS-PAIR-CI-OP","","FAMILY_CLASS_INHERITED","UNQUALIFIED","NOT_TESTED","false"
"PS-MATRIX-01455","PS-MAT-AG_INK","PS-MAT-FUSED_SILICA","CI","OP","S","PS-PAIR-CI-OP","","FAMILY_CLASS_INHERITED","UNQUALIFIED","NOT_TESTED","false"
"PS-MATRIX-01456","PS-MAT-AG_INK","PS-MAT-PHOSPHOR_FILM","CI","OP","S","PS-PAIR-CI-OP","","FAMILY_CLASS_INHERITED","UNQUALIFIED","NOT_TESTED","false"
"PS-MATRIX-01457","PS-MAT-AG_INK","PS-MAT-PVA_SUPPORT","CI","FL","S","PS-PAIR-CI-FL","","FAMILY_CLASS_INHERITED","UNQUALIFIED","NOT_TESTED","false"
"PS-MATRIX-01458","PS-MAT-AG_INK","PS-MAT-WAX_SUPPORT","CI","FL","S","PS-PAIR-CI-FL","","FAMILY_CLASS_INHERITED","UNQUALIFIED","NOT_TESTED","false"
"PS-MATRIX-01459","PS-MAT-AG_INK","PS-MAT-MICROGEL","CI","FL","S","PS-PAIR-CI-FL","","FAMILY_CLASS_INHERITED","UNQUALIFIED","NOT_TESTED","false"
"PS-MATRIX-01460","PS-MAT-AG_INK","PS-MAT-GAS_CAVITY","CI","FL","S","PS-PAIR-CI-FL","","FAMILY_CLASS_INHERITED","UNQUALIFIED","NOT_TESTED","false"
"PS-MATRIX-01461","PS-MAT-AG_INK","PS-MAT-GRAPHITE_ANODE","CI","EC","T","PS-PAIR-CI-EC","","FAMILY_CLASS_INHERITED","UNQUALIFIED","NOT_TESTED","false"
"PS-MATRIX-01462","PS-MAT-AG_INK","PS-MAT-LFP_CATHODE","CI","EC","T","PS-PAIR-CI-EC","","FAMILY_CLASS_INHERITED","UNQUALIFIED","NOT_TESTED","false"
"PS-MATRIX-01463","PS-MAT-AG_INK","PS-MAT-GEL_ELECTROLYTE","CI","EC","T","PS-PAIR-CI-EC","","FAMILY_CLASS_INHERITED","UNQUALIFIED","NOT_TESTED","false"
"PS-MATRIX-01464","PS-MAT-AG_INK","PS-MAT-CARBON_SUPERCAP","CI","EC","T","PS-PAIR-CI-EC","","FAMILY_CLASS_INHERITED","UNQUALIFIED","NOT_TESTED","false"
"PS-MATRIX-01465","PS-MAT-AG_INK","PS-MAT-SILICON_DIE","CI","SC","M","PS-PAIR-CI-SC","","FAMILY_CLASS_INHERITED","UNQUALIFIED","NOT_TESTED","false"
"PS-MATRIX-01466","PS-MAT-AG_INK","PS-MAT-CAMERA_MODULE","CI","SC","M","PS-PAIR-CI-SC","","FAMILY_CLASS_INHERITED","UNQUALIFIED","NOT_TESTED","false"
"PS-MATRIX-01467","PS-MAT-AG_INK","PS-MAT-LED_PACKAGE","CI","SC","M","PS-PAIR-CI-SC","","FAMILY_CLASS_INHERITED","UNQUALIFIED","NOT_TESTED","false"
"PS-MATRIX-01468","PS-MAT-AG_INK","PS-MAT-RF_IC","CI","SC","M","PS-PAIR-CI-SC","","FAMILY_CLASS_INHERITED","UNQUALIFIED","NOT_TESTED","false"
"PS-MATRIX-01469","PS-MAT-AG_INK","PS-MAT-LFP_MODULE","CI","BT","M","PS-PAIR-CI-BT","","FAMILY_CLASS_INHERITED","UNQUALIFIED","NOT_TESTED","false"
"PS-MATRIX-01470","PS-MAT-AG_INK","PS-MAT-LIION_MODULE","CI","BT","M","PS-PAIR-CI-BT","","FAMILY_CLASS_INHERITED","UNQUALIFIED","NOT_TESTED","false"
"PS-MATRIX-01471","PS-MAT-AG_INK","PS-MAT-CAP_BANK","CI","BT","M","PS-PAIR-CI-BT","","FAMILY_CLASS_INHERITED","UNQUALIFIED","NOT_TESTED","false"
"PS-MATRIX-01472","PS-MAT-AG_INK","PS-MAT-ALGINATE","CI","BV","T","PS-PAIR-CI-BV","","FAMILY_CLASS_INHERITED","UNQUALIFIED","NOT_TESTED","false"
"PS-MATRIX-01473","PS-MAT-AG_INK","PS-MAT-GELATIN","CI","BV","T","PS-PAIR-CI-BV","","FAMILY_CLASS_INHERITED","UNQUALIFIED","NOT_TESTED","false"
"PS-MATRIX-01474","PS-MAT-AG_INK","PS-MAT-COLLAGEN","CI","BV","T","PS-PAIR-CI-BV","","FAMILY_CLASS_INHERITED","UNQUALIFIED","NOT_TESTED","false"
"PS-MATRIX-01475","PS-MAT-AG_INK","PS-MAT-CELL_INK","CI","BV","T","PS-PAIR-CI-BV","","FAMILY_CLASS_INHERITED","UNQUALIFIED","NOT_TESTED","false"
"PS-MATRIX-01476","PS-MAT-CU_INK","PS-MAT-CU_OFHC","CI","MT","T","PS-PAIR-CI-MT","","FAMILY_CLASS_INHERITED","UNQUALIFIED","NOT_TESTED","false"
"PS-MATRIX-01477","PS-MAT-CU_INK","PS-MAT-AL_6061","CI","MT","T","PS-PAIR-CI-MT","","FAMILY_CLASS_INHERITED","UNQUALIFIED","NOT_TESTED","false"
"PS-MATRIX-01478","PS-MAT-CU_INK","PS-MAT-SS_316L","CI","MT","T","PS-PAIR-CI-MT","","FAMILY_CLASS_INHERITED","UNQUALIFIED","NOT_TESTED","false"
"PS-MATRIX-01479","PS-MAT-CU_INK","PS-MAT-TI_64","CI","MT","T","PS-PAIR-CI-MT","","FAMILY_CLASS_INHERITED","UNQUALIFIED","NOT_TESTED","false"
"PS-MATRIX-01480","PS-MAT-CU_INK","PS-MAT-NI_ALLOY","CI","MT","T","PS-PAIR-CI-MT","","FAMILY_CLASS_INHERITED","UNQUALIFIED","NOT_TESTED","false"
"PS-MATRIX-01481","PS-MAT-CU_INK","PS-MAT-AG_METAL","CI","MT","T","PS-PAIR-CI-MT","","FAMILY_CLASS_INHERITED","UNQUALIFIED","NOT_TESTED","false"
"PS-MATRIX-01482","PS-MAT-CU_INK","PS-MAT-ALUMINA","CI","CR","T","PS-PAIR-CI-CR","","FAMILY_CLASS_INHERITED","UNQUALIFIED","NOT_TESTED","false"
"PS-MATRIX-01483","PS-MAT-CU_INK","PS-MAT-SILICA","CI","CR","T","PS-PAIR-CI-CR","","FAMILY_CLASS_INHERITED","UNQUALIFIED","NOT_TESTED","false"
"PS-MATRIX-01484","PS-MAT-CU_INK","PS-MAT-ZIRCONIA","CI","CR","T","PS-PAIR-CI-CR","","FAMILY_CLASS_INHERITED","UNQUALIFIED","NOT_TESTED","false"
"PS-MATRIX-01485","PS-MAT-CU_INK","PS-MAT-BT_CERAMIC","CI","CR","T","PS-PAIR-CI-CR","","FAMILY_CLASS_INHERITED","UNQUALIFIED","NOT_TESTED","false"
"PS-MATRIX-01486","PS-MAT-CU_INK","PS-MAT-BN_CERAMIC","CI","CR","T","PS-PAIR-CI-CR","","FAMILY_CLASS_INHERITED","UNQUALIFIED","NOT_TESTED","false"
"PS-MATRIX-01487","PS-MAT-CU_INK","PS-MAT-PLA","CI","TP","S","PS-PAIR-CI-TP","","FAMILY_CLASS_INHERITED","UNQUALIFIED","NOT_TESTED","false"
"PS-MATRIX-01488","PS-MAT-CU_INK","PS-MAT-PETG","CI","TP","S","PS-PAIR-CI-TP","PS-MR-007-BA","ROUTE_SEED_ONLY","UNQUALIFIED","NOT_TESTED","false"
"PS-MATRIX-01489","PS-MAT-CU_INK","PS-MAT-ABS","CI","TP","S","PS-PAIR-CI-TP","","FAMILY_CLASS_INHERITED","UNQUALIFIED","NOT_TESTED","false"
"PS-MATRIX-01490","PS-MAT-CU_INK","PS-MAT-PA12","CI","TP","S","PS-PAIR-CI-TP","","FAMILY_CLASS_INHERITED","UNQUALIFIED","NOT_TESTED","false"
"PS-MATRIX-01491","PS-MAT-CU_INK","PS-MAT-PEEK","CI","TP","S","PS-PAIR-CI-TP","","FAMILY_CLASS_INHERITED","UNQUALIFIED","NOT_TESTED","false"
"PS-MATRIX-01492","PS-MAT-CU_INK","PS-MAT-PP","CI","TP","S","PS-PAIR-CI-TP","","FAMILY_CLASS_INHERITED","UNQUALIFIED","NOT_TESTED","false"
"PS-MATRIX-01493","PS-MAT-CU_INK","PS-MAT-ACRYLATE","CI","RS","S","PS-PAIR-CI-RS","","FAMILY_CLASS_INHERITED","UNQUALIFIED","NOT_TESTED","false"
"PS-MATRIX-01494","PS-MAT-CU_INK","PS-MAT-EPOXY","CI","RS","S","PS-PAIR-CI-RS","","FAMILY_CLASS_INHERITED","UNQUALIFIED","NOT_TESTED","false"
"PS-MATRIX-01495","PS-MAT-CU_INK","PS-MAT-SILICONE_RESIN","CI","RS","S","PS-PAIR-CI-RS","","FAMILY_CLASS_INHERITED","UNQUALIFIED","NOT_TESTED","false"
"PS-MATRIX-01496","PS-MAT-CU_INK","PS-MAT-TPU","CI","EL","S","PS-PAIR-CI-EL","","FAMILY_CLASS_INHERITED","UNQUALIFIED","NOT_TESTED","false"
"PS-MATRIX-01497","PS-MAT-CU_INK","PS-MAT-PDMS","CI","EL","S","PS-PAIR-CI-EL","","FAMILY_CLASS_INHERITED","UNQUALIFIED","NOT_TESTED","false"
"PS-MATRIX-01498","PS-MAT-CU_INK","PS-MAT-SILICONE_E","CI","EL","S","PS-PAIR-CI-EL","","FAMILY_CLASS_INHERITED","UNQUALIFIED","NOT_TESTED","false"
"PS-MATRIX-01499","PS-MAT-CU_INK","PS-MAT-HYDROGEL_E","CI","EL","S","PS-PAIR-CI-EL","","FAMILY_CLASS_INHERITED","UNQUALIFIED","NOT_TESTED","false"
"PS-MATRIX-01500","PS-MAT-CU_INK","PS-MAT-AG_INK","CI","CI","P","PS-PAIR-CI-CI","","FAMILY_CLASS_INHERITED","UNQUALIFIED","NOT_TESTED","false"
"PS-MATRIX-01501","PS-MAT-CU_INK","PS-MAT-CU_INK","CI","CI","P","PS-PAIR-CI-CI","","FAMILY_CLASS_INHERITED","UNQUALIFIED","NOT_TESTED","false"
"PS-MATRIX-01502","PS-MAT-CU_INK","PS-MAT-CARBON_INK","CI","CI","P","PS-PAIR-CI-CI","","FAMILY_CLASS_INHERITED","UNQUALIFIED","NOT_TESTED","false"
"PS-MATRIX-01503","PS-MAT-CU_INK","PS-MAT-GRAPHENE_INK","CI","CI","P","PS-PAIR-CI-CI","","FAMILY_CLASS_INHERITED","UNQUALIFIED","NOT_TESTED","false"
"PS-MATRIX-01504","PS-MAT-CU_INK","PS-MAT-PEDOT_PSS","CI","CI","P","PS-PAIR-CI-CI","","FAMILY_CLASS_INHERITED","UNQUALIFIED","NOT_TESTED","false"
"PS-MATRIX-01505","PS-MAT-CU_INK","PS-MAT-DIEL_UV","CI","DE","S","PS-PAIR-CI-DE","","FAMILY_CLASS_INHERITED","UNQUALIFIED","NOT_TESTED","false"
"PS-MATRIX-01506","PS-MAT-CU_INK","PS-MAT-DIEL_EPOXY","CI","DE","S","PS-PAIR-CI-DE","","FAMILY_CLASS_INHERITED","UNQUALIFIED","NOT_TESTED","false"
"PS-MATRIX-01507","PS-MAT-CU_INK","PS-MAT-POLYIMIDE","CI","DE","S","PS-PAIR-CI-DE","","FAMILY_CLASS_INHERITED","UNQUALIFIED","NOT_TESTED","false"
"PS-MATRIX-01508","PS-MAT-CU_INK","PS-MAT-PARylene","CI","DE","S","PS-PAIR-CI-DE","","FAMILY_CLASS_INHERITED","UNQUALIFIED","NOT_TESTED","false"
"PS-MATRIX-01509","PS-MAT-CU_INK","PS-MAT-FERRITE_PASTE","CI","MG","S","PS-PAIR-CI-MG","","FAMILY_CLASS_INHERITED","UNQUALIFIED","NOT_TESTED","false"
"PS-MATRIX-01510","PS-MAT-CU_INK","PS-MAT-NDFEB_BONDED","CI","MG","S","PS-PAIR-CI-MG","","FAMILY_CLASS_INHERITED","UNQUALIFIED","NOT_TESTED","false"
"PS-MATRIX-01511","PS-MAT-CU_INK","PS-MAT-IRON_COMPOSITE","CI","MG","S","PS-PAIR-CI-MG","","FAMILY_CLASS_INHERITED","UNQUALIFIED","NOT_TESTED","false"
"PS-MATRIX-01512","PS-MAT-CU_INK","PS-MAT-OPTICAL_RESIN","CI","OP","S","PS-PAIR-CI-OP","","FAMILY_CLASS_INHERITED","UNQUALIFIED","NOT_TESTED","false"
"PS-MATRIX-01513","PS-MAT-CU_INK","PS-MAT-PMMA","CI","OP","S","PS-PAIR-CI-OP","","FAMILY_CLASS_INHERITED","UNQUALIFIED","NOT_TESTED","false"
"PS-MATRIX-01514","PS-MAT-CU_INK","PS-MAT-FUSED_SILICA","CI","OP","S","PS-PAIR-CI-OP","","FAMILY_CLASS_INHERITED","UNQUALIFIED","NOT_TESTED","false"
"PS-MATRIX-01515","PS-MAT-CU_INK","PS-MAT-PHOSPHOR_FILM","CI","OP","S","PS-PAIR-CI-OP","","FAMILY_CLASS_INHERITED","UNQUALIFIED","NOT_TESTED","false"
"PS-MATRIX-01516","PS-MAT-CU_INK","PS-MAT-PVA_SUPPORT","CI","FL","S","PS-PAIR-CI-FL","","FAMILY_CLASS_INHERITED","UNQUALIFIED","NOT_TESTED","false"
"PS-MATRIX-01517","PS-MAT-CU_INK","PS-MAT-WAX_SUPPORT","CI","FL","S","PS-PAIR-CI-FL","","FAMILY_CLASS_INHERITED","UNQUALIFIED","NOT_TESTED","false"
"PS-MATRIX-01518","PS-MAT-CU_INK","PS-MAT-MICROGEL","CI","FL","S","PS-PAIR-CI-FL","","FAMILY_CLASS_INHERITED","UNQUALIFIED","NOT_TESTED","false"
"PS-MATRIX-01519","PS-MAT-CU_INK","PS-MAT-GAS_CAVITY","CI","FL","S","PS-PAIR-CI-FL","","FAMILY_CLASS_INHERITED","UNQUALIFIED","NOT_TESTED","false"
"PS-MATRIX-01520","PS-MAT-CU_INK","PS-MAT-GRAPHITE_ANODE","CI","EC","T","PS-PAIR-CI-EC","","FAMILY_CLASS_INHERITED","UNQUALIFIED","NOT_TESTED","false"
"PS-MATRIX-01521","PS-MAT-CU_INK","PS-MAT-LFP_CATHODE","CI","EC","T","PS-PAIR-CI-EC","","FAMILY_CLASS_INHERITED","UNQUALIFIED","NOT_TESTED","false"
"PS-MATRIX-01522","PS-MAT-CU_INK","PS-MAT-GEL_ELECTROLYTE","CI","EC","T","PS-PAIR-CI-EC","","FAMILY_CLASS_INHERITED","UNQUALIFIED","NOT_TESTED","false"
"PS-MATRIX-01523","PS-MAT-CU_INK","PS-MAT-CARBON_SUPERCAP","CI","EC","T","PS-PAIR-CI-EC","","FAMILY_CLASS_INHERITED","UNQUALIFIED","NOT_TESTED","false"
"PS-MATRIX-01524","PS-MAT-CU_INK","PS-MAT-SILICON_DIE","CI","SC","M","PS-PAIR-CI-SC","","FAMILY_CLASS_INHERITED","UNQUALIFIED","NOT_TESTED","false"
"PS-MATRIX-01525","PS-MAT-CU_INK","PS-MAT-CAMERA_MODULE","CI","SC","M","PS-PAIR-CI-SC","","FAMILY_CLASS_INHERITED","UNQUALIFIED","NOT_TESTED","false"
"PS-MATRIX-01526","PS-MAT-CU_INK","PS-MAT-LED_PACKAGE","CI","SC","M","PS-PAIR-CI-SC","","FAMILY_CLASS_INHERITED","UNQUALIFIED","NOT_TESTED","false"
"PS-MATRIX-01527","PS-MAT-CU_INK","PS-MAT-RF_IC","CI","SC","M","PS-PAIR-CI-SC","","FAMILY_CLASS_INHERITED","UNQUALIFIED","NOT_TESTED","false"
"PS-MATRIX-01528","PS-MAT-CU_INK","PS-MAT-LFP_MODULE","CI","BT","M","PS-PAIR-CI-BT","","FAMILY_CLASS_INHERITED","UNQUALIFIED","NOT_TESTED","false"
"PS-MATRIX-01529","PS-MAT-CU_INK","PS-MAT-LIION_MODULE","CI","BT","M","PS-PAIR-CI-BT","","FAMILY_CLASS_INHERITED","UNQUALIFIED","NOT_TESTED","false"
"PS-MATRIX-01530","PS-MAT-CU_INK","PS-MAT-CAP_BANK","CI","BT","M","PS-PAIR-CI-BT","","FAMILY_CLASS_INHERITED","UNQUALIFIED","NOT_TESTED","false"
"PS-MATRIX-01531","PS-MAT-CU_INK","PS-MAT-ALGINATE","CI","BV","T","PS-PAIR-CI-BV","","FAMILY_CLASS_INHERITED","UNQUALIFIED","NOT_TESTED","false"
"PS-MATRIX-01532","PS-MAT-CU_INK","PS-MAT-GELATIN","CI","BV","T","PS-PAIR-CI-BV","","FAMILY_CLASS_INHERITED","UNQUALIFIED","NOT_TESTED","false"
"PS-MATRIX-01533","PS-MAT-CU_INK","PS-MAT-COLLAGEN","CI","BV","T","PS-PAIR-CI-BV","","FAMILY_CLASS_INHERITED","UNQUALIFIED","NOT_TESTED","false"
"PS-MATRIX-01534","PS-MAT-CU_INK","PS-MAT-CELL_INK","CI","BV","T","PS-PAIR-CI-BV","","FAMILY_CLASS_INHERITED","UNQUALIFIED","NOT_TESTED","false"
"PS-MATRIX-01535","PS-MAT-CARBON_INK","PS-MAT-CU_OFHC","CI","MT","T","PS-PAIR-CI-MT","","FAMILY_CLASS_INHERITED","UNQUALIFIED","NOT_TESTED","false"
"PS-MATRIX-01536","PS-MAT-CARBON_INK","PS-MAT-AL_6061","CI","MT","T","PS-PAIR-CI-MT","","FAMILY_CLASS_INHERITED","UNQUALIFIED","NOT_TESTED","false"
"PS-MATRIX-01537","PS-MAT-CARBON_INK","PS-MAT-SS_316L","CI","MT","T","PS-PAIR-CI-MT","","FAMILY_CLASS_INHERITED","UNQUALIFIED","NOT_TESTED","false"
"PS-MATRIX-01538","PS-MAT-CARBON_INK","PS-MAT-TI_64","CI","MT","T","PS-PAIR-CI-MT","","FAMILY_CLASS_INHERITED","UNQUALIFIED","NOT_TESTED","false"
"PS-MATRIX-01539","PS-MAT-CARBON_INK","PS-MAT-NI_ALLOY","CI","MT","T","PS-PAIR-CI-MT","","FAMILY_CLASS_INHERITED","UNQUALIFIED","NOT_TESTED","false"
"PS-MATRIX-01540","PS-MAT-CARBON_INK","PS-MAT-AG_METAL","CI","MT","T","PS-PAIR-CI-MT","","FAMILY_CLASS_INHERITED","UNQUALIFIED","NOT_TESTED","false"
"PS-MATRIX-01541","PS-MAT-CARBON_INK","PS-MAT-ALUMINA","CI","CR","T","PS-PAIR-CI-CR","","FAMILY_CLASS_INHERITED","UNQUALIFIED","NOT_TESTED","false"
"PS-MATRIX-01542","PS-MAT-CARBON_INK","PS-MAT-SILICA","CI","CR","T","PS-PAIR-CI-CR","","FAMILY_CLASS_INHERITED","UNQUALIFIED","NOT_TESTED","false"
"PS-MATRIX-01543","PS-MAT-CARBON_INK","PS-MAT-ZIRCONIA","CI","CR","T","PS-PAIR-CI-CR","","FAMILY_CLASS_INHERITED","UNQUALIFIED","NOT_TESTED","false"
"PS-MATRIX-01544","PS-MAT-CARBON_INK","PS-MAT-BT_CERAMIC","CI","CR","T","PS-PAIR-CI-CR","","FAMILY_CLASS_INHERITED","UNQUALIFIED","NOT_TESTED","false"
"PS-MATRIX-01545","PS-MAT-CARBON_INK","PS-MAT-BN_CERAMIC","CI","CR","T","PS-PAIR-CI-CR","","FAMILY_CLASS_INHERITED","UNQUALIFIED","NOT_TESTED","false"
"PS-MATRIX-01546","PS-MAT-CARBON_INK","PS-MAT-PLA","CI","TP","S","PS-PAIR-CI-TP","","FAMILY_CLASS_INHERITED","UNQUALIFIED","NOT_TESTED","false"
"PS-MATRIX-01547","PS-MAT-CARBON_INK","PS-MAT-PETG","CI","TP","S","PS-PAIR-CI-TP","","FAMILY_CLASS_INHERITED","UNQUALIFIED","NOT_TESTED","false"
"PS-MATRIX-01548","PS-MAT-CARBON_INK","PS-MAT-ABS","CI","TP","S","PS-PAIR-CI-TP","","FAMILY_CLASS_INHERITED","UNQUALIFIED","NOT_TESTED","false"
"PS-MATRIX-01549","PS-MAT-CARBON_INK","PS-MAT-PA12","CI","TP","S","PS-PAIR-CI-TP","PS-MR-008-BA","ROUTE_SEED_ONLY","UNQUALIFIED","NOT_TESTED","false"
"PS-MATRIX-01550","PS-MAT-CARBON_INK","PS-MAT-PEEK","CI","TP","S","PS-PAIR-CI-TP","","FAMILY_CLASS_INHERITED","UNQUALIFIED","NOT_TESTED","false"
"PS-MATRIX-01551","PS-MAT-CARBON_INK","PS-MAT-PP","CI","TP","S","PS-PAIR-CI-TP","","FAMILY_CLASS_INHERITED","UNQUALIFIED","NOT_TESTED","false"
"PS-MATRIX-01552","PS-MAT-CARBON_INK","PS-MAT-ACRYLATE","CI","RS","S","PS-PAIR-CI-RS","","FAMILY_CLASS_INHERITED","UNQUALIFIED","NOT_TESTED","false"
"PS-MATRIX-01553","PS-MAT-CARBON_INK","PS-MAT-EPOXY","CI","RS","S","PS-PAIR-CI-RS","","FAMILY_CLASS_INHERITED","UNQUALIFIED","NOT_TESTED","false"
"PS-MATRIX-01554","PS-MAT-CARBON_INK","PS-MAT-SILICONE_RESIN","CI","RS","S","PS-PAIR-CI-RS","","FAMILY_CLASS_INHERITED","UNQUALIFIED","NOT_TESTED","false"
"PS-MATRIX-01555","PS-MAT-CARBON_INK","PS-MAT-TPU","CI","EL","S","PS-PAIR-CI-EL","","FAMILY_CLASS_INHERITED","UNQUALIFIED","NOT_TESTED","false"
"PS-MATRIX-01556","PS-MAT-CARBON_INK","PS-MAT-PDMS","CI","EL","S","PS-PAIR-CI-EL","","FAMILY_CLASS_INHERITED","UNQUALIFIED","NOT_TESTED","false"
"PS-MATRIX-01557","PS-MAT-CARBON_INK","PS-MAT-SILICONE_E","CI","EL","S","PS-PAIR-CI-EL","","FAMILY_CLASS_INHERITED","UNQUALIFIED","NOT_TESTED","false"
"PS-MATRIX-01558","PS-MAT-CARBON_INK","PS-MAT-HYDROGEL_E","CI","EL","S","PS-PAIR-CI-EL","","FAMILY_CLASS_INHERITED","UNQUALIFIED","NOT_TESTED","false"
"PS-MATRIX-01559","PS-MAT-CARBON_INK","PS-MAT-AG_INK","CI","CI","P","PS-PAIR-CI-CI","","FAMILY_CLASS_INHERITED","UNQUALIFIED","NOT_TESTED","false"
"PS-MATRIX-01560","PS-MAT-CARBON_INK","PS-MAT-CU_INK","CI","CI","P","PS-PAIR-CI-CI","","FAMILY_CLASS_INHERITED","UNQUALIFIED","NOT_TESTED","false"
"PS-MATRIX-01561","PS-MAT-CARBON_INK","PS-MAT-CARBON_INK","CI","CI","P","PS-PAIR-CI-CI","","FAMILY_CLASS_INHERITED","UNQUALIFIED","NOT_TESTED","false"
"PS-MATRIX-01562","PS-MAT-CARBON_INK","PS-MAT-GRAPHENE_INK","CI","CI","P","PS-PAIR-CI-CI","","FAMILY_CLASS_INHERITED","UNQUALIFIED","NOT_TESTED","false"
"PS-MATRIX-01563","PS-MAT-CARBON_INK","PS-MAT-PEDOT_PSS","CI","CI","P","PS-PAIR-CI-CI","","FAMILY_CLASS_INHERITED","UNQUALIFIED","NOT_TESTED","false"
"PS-MATRIX-01564","PS-MAT-CARBON_INK","PS-MAT-DIEL_UV","CI","DE","S","PS-PAIR-CI-DE","","FAMILY_CLASS_INHERITED","UNQUALIFIED","NOT_TESTED","false"
"PS-MATRIX-01565","PS-MAT-CARBON_INK","PS-MAT-DIEL_EPOXY","CI","DE","S","PS-PAIR-CI-DE","","FAMILY_CLASS_INHERITED","UNQUALIFIED","NOT_TESTED","false"
"PS-MATRIX-01566","PS-MAT-CARBON_INK","PS-MAT-POLYIMIDE","CI","DE","S","PS-PAIR-CI-DE","","FAMILY_CLASS_INHERITED","UNQUALIFIED","NOT_TESTED","false"
"PS-MATRIX-01567","PS-MAT-CARBON_INK","PS-MAT-PARylene","CI","DE","S","PS-PAIR-CI-DE","","FAMILY_CLASS_INHERITED","UNQUALIFIED","NOT_TESTED","false"
"PS-MATRIX-01568","PS-MAT-CARBON_INK","PS-MAT-FERRITE_PASTE","CI","MG","S","PS-PAIR-CI-MG","","FAMILY_CLASS_INHERITED","UNQUALIFIED","NOT_TESTED","false"
"PS-MATRIX-01569","PS-MAT-CARBON_INK","PS-MAT-NDFEB_BONDED","CI","MG","S","PS-PAIR-CI-MG","","FAMILY_CLASS_INHERITED","UNQUALIFIED","NOT_TESTED","false"
"PS-MATRIX-01570","PS-MAT-CARBON_INK","PS-MAT-IRON_COMPOSITE","CI","MG","S","PS-PAIR-CI-MG","","FAMILY_CLASS_INHERITED","UNQUALIFIED","NOT_TESTED","false"
"PS-MATRIX-01571","PS-MAT-CARBON_INK","PS-MAT-OPTICAL_RESIN","CI","OP","S","PS-PAIR-CI-OP","","FAMILY_CLASS_INHERITED","UNQUALIFIED","NOT_TESTED","false"
"PS-MATRIX-01572","PS-MAT-CARBON_INK","PS-MAT-PMMA","CI","OP","S","PS-PAIR-CI-OP","","FAMILY_CLASS_INHERITED","UNQUALIFIED","NOT_TESTED","false"
"PS-MATRIX-01573","PS-MAT-CARBON_INK","PS-MAT-FUSED_SILICA","CI","OP","S","PS-PAIR-CI-OP","","FAMILY_CLASS_INHERITED","UNQUALIFIED","NOT_TESTED","false"
"PS-MATRIX-01574","PS-MAT-CARBON_INK","PS-MAT-PHOSPHOR_FILM","CI","OP","S","PS-PAIR-CI-OP","","FAMILY_CLASS_INHERITED","UNQUALIFIED","NOT_TESTED","false"
"PS-MATRIX-01575","PS-MAT-CARBON_INK","PS-MAT-PVA_SUPPORT","CI","FL","S","PS-PAIR-CI-FL","","FAMILY_CLASS_INHERITED","UNQUALIFIED","NOT_TESTED","false"
"PS-MATRIX-01576","PS-MAT-CARBON_INK","PS-MAT-WAX_SUPPORT","CI","FL","S","PS-PAIR-CI-FL","","FAMILY_CLASS_INHERITED","UNQUALIFIED","NOT_TESTED","false"
"PS-MATRIX-01577","PS-MAT-CARBON_INK","PS-MAT-MICROGEL","CI","FL","S","PS-PAIR-CI-FL","","FAMILY_CLASS_INHERITED","UNQUALIFIED","NOT_TESTED","false"
"PS-MATRIX-01578","PS-MAT-CARBON_INK","PS-MAT-GAS_CAVITY","CI","FL","S","PS-PAIR-CI-FL","","FAMILY_CLASS_INHERITED","UNQUALIFIED","NOT_TESTED","false"
"PS-MATRIX-01579","PS-MAT-CARBON_INK","PS-MAT-GRAPHITE_ANODE","CI","EC","T","PS-PAIR-CI-EC","","FAMILY_CLASS_INHERITED","UNQUALIFIED","NOT_TESTED","false"
"PS-MATRIX-01580","PS-MAT-CARBON_INK","PS-MAT-LFP_CATHODE","CI","EC","T","PS-PAIR-CI-EC","","FAMILY_CLASS_INHERITED","UNQUALIFIED","NOT_TESTED","false"
"PS-MATRIX-01581","PS-MAT-CARBON_INK","PS-MAT-GEL_ELECTROLYTE","CI","EC","T","PS-PAIR-CI-EC","","FAMILY_CLASS_INHERITED","UNQUALIFIED","NOT_TESTED","false"
"PS-MATRIX-01582","PS-MAT-CARBON_INK","PS-MAT-CARBON_SUPERCAP","CI","EC","T","PS-PAIR-CI-EC","","FAMILY_CLASS_INHERITED","UNQUALIFIED","NOT_TESTED","false"
"PS-MATRIX-01583","PS-MAT-CARBON_INK","PS-MAT-SILICON_DIE","CI","SC","M","PS-PAIR-CI-SC","","FAMILY_CLASS_INHERITED","UNQUALIFIED","NOT_TESTED","false"
"PS-MATRIX-01584","PS-MAT-CARBON_INK","PS-MAT-CAMERA_MODULE","CI","SC","M","PS-PAIR-CI-SC","","FAMILY_CLASS_INHERITED","UNQUALIFIED","NOT_TESTED","false"
"PS-MATRIX-01585","PS-MAT-CARBON_INK","PS-MAT-LED_PACKAGE","CI","SC","M","PS-PAIR-CI-SC","","FAMILY_CLASS_INHERITED","UNQUALIFIED","NOT_TESTED","false"
"PS-MATRIX-01586","PS-MAT-CARBON_INK","PS-MAT-RF_IC","CI","SC","M","PS-PAIR-CI-SC","","FAMILY_CLASS_INHERITED","UNQUALIFIED","NOT_TESTED","false"
"PS-MATRIX-01587","PS-MAT-CARBON_INK","PS-MAT-LFP_MODULE","CI","BT","M","PS-PAIR-CI-BT","","FAMILY_CLASS_INHERITED","UNQUALIFIED","NOT_TESTED","false"
"PS-MATRIX-01588","PS-MAT-CARBON_INK","PS-MAT-LIION_MODULE","CI","BT","M","PS-PAIR-CI-BT","","FAMILY_CLASS_INHERITED","UNQUALIFIED","NOT_TESTED","false"
"PS-MATRIX-01589","PS-MAT-CARBON_INK","PS-MAT-CAP_BANK","CI","BT","M","PS-PAIR-CI-BT","","FAMILY_CLASS_INHERITED","UNQUALIFIED","NOT_TESTED","false"
"PS-MATRIX-01590","PS-MAT-CARBON_INK","PS-MAT-ALGINATE","CI","BV","T","PS-PAIR-CI-BV","","FAMILY_CLASS_INHERITED","UNQUALIFIED","NOT_TESTED","false"
"PS-MATRIX-01591","PS-MAT-CARBON_INK","PS-MAT-GELATIN","CI","BV","T","PS-PAIR-CI-BV","","FAMILY_CLASS_INHERITED","UNQUALIFIED","NOT_TESTED","false"
"PS-MATRIX-01592","PS-MAT-CARBON_INK","PS-MAT-COLLAGEN","CI","BV","T","PS-PAIR-CI-BV","","FAMILY_CLASS_INHERITED","UNQUALIFIED","NOT_TESTED","false"
"PS-MATRIX-01593","PS-MAT-CARBON_INK","PS-MAT-CELL_INK","CI","BV","T","PS-PAIR-CI-BV","","FAMILY_CLASS_INHERITED","UNQUALIFIED","NOT_TESTED","false"
"PS-MATRIX-01594","PS-MAT-GRAPHENE_INK","PS-MAT-CU_OFHC","CI","MT","T","PS-PAIR-CI-MT","","FAMILY_CLASS_INHERITED","UNQUALIFIED","NOT_TESTED","false"
"PS-MATRIX-01595","PS-MAT-GRAPHENE_INK","PS-MAT-AL_6061","CI","MT","T","PS-PAIR-CI-MT","","FAMILY_CLASS_INHERITED","UNQUALIFIED","NOT_TESTED","false"
"PS-MATRIX-01596","PS-MAT-GRAPHENE_INK","PS-MAT-SS_316L","CI","MT","T","PS-PAIR-CI-MT","","FAMILY_CLASS_INHERITED","UNQUALIFIED","NOT_TESTED","false"
"PS-MATRIX-01597","PS-MAT-GRAPHENE_INK","PS-MAT-TI_64","CI","MT","T","PS-PAIR-CI-MT","","FAMILY_CLASS_INHERITED","UNQUALIFIED","NOT_TESTED","false"
"PS-MATRIX-01598","PS-MAT-GRAPHENE_INK","PS-MAT-NI_ALLOY","CI","MT","T","PS-PAIR-CI-MT","","FAMILY_CLASS_INHERITED","UNQUALIFIED","NOT_TESTED","false"
"PS-MATRIX-01599","PS-MAT-GRAPHENE_INK","PS-MAT-AG_METAL","CI","MT","T","PS-PAIR-CI-MT","","FAMILY_CLASS_INHERITED","UNQUALIFIED","NOT_TESTED","false"
"PS-MATRIX-01600","PS-MAT-GRAPHENE_INK","PS-MAT-ALUMINA","CI","CR","T","PS-PAIR-CI-CR","","FAMILY_CLASS_INHERITED","UNQUALIFIED","NOT_TESTED","false"
"PS-MATRIX-01601","PS-MAT-GRAPHENE_INK","PS-MAT-SILICA","CI","CR","T","PS-PAIR-CI-CR","","FAMILY_CLASS_INHERITED","UNQUALIFIED","NOT_TESTED","false"
"PS-MATRIX-01602","PS-MAT-GRAPHENE_INK","PS-MAT-ZIRCONIA","CI","CR","T","PS-PAIR-CI-CR","","FAMILY_CLASS_INHERITED","UNQUALIFIED","NOT_TESTED","false"
"PS-MATRIX-01603","PS-MAT-GRAPHENE_INK","PS-MAT-BT_CERAMIC","CI","CR","T","PS-PAIR-CI-CR","","FAMILY_CLASS_INHERITED","UNQUALIFIED","NOT_TESTED","false"
"PS-MATRIX-01604","PS-MAT-GRAPHENE_INK","PS-MAT-BN_CERAMIC","CI","CR","T","PS-PAIR-CI-CR","","FAMILY_CLASS_INHERITED","UNQUALIFIED","NOT_TESTED","false"
"PS-MATRIX-01605","PS-MAT-GRAPHENE_INK","PS-MAT-PLA","CI","TP","S","PS-PAIR-CI-TP","","FAMILY_CLASS_INHERITED","UNQUALIFIED","NOT_TESTED","false"
"PS-MATRIX-01606","PS-MAT-GRAPHENE_INK","PS-MAT-PETG","CI","TP","S","PS-PAIR-CI-TP","","FAMILY_CLASS_INHERITED","UNQUALIFIED","NOT_TESTED","false"
"PS-MATRIX-01607","PS-MAT-GRAPHENE_INK","PS-MAT-ABS","CI","TP","S","PS-PAIR-CI-TP","","FAMILY_CLASS_INHERITED","UNQUALIFIED","NOT_TESTED","false"
"PS-MATRIX-01608","PS-MAT-GRAPHENE_INK","PS-MAT-PA12","CI","TP","S","PS-PAIR-CI-TP","","FAMILY_CLASS_INHERITED","UNQUALIFIED","NOT_TESTED","false"
"PS-MATRIX-01609","PS-MAT-GRAPHENE_INK","PS-MAT-PEEK","CI","TP","S","PS-PAIR-CI-TP","","FAMILY_CLASS_INHERITED","UNQUALIFIED","NOT_TESTED","false"
"PS-MATRIX-01610","PS-MAT-GRAPHENE_INK","PS-MAT-PP","CI","TP","S","PS-PAIR-CI-TP","","FAMILY_CLASS_INHERITED","UNQUALIFIED","NOT_TESTED","false"
"PS-MATRIX-01611","PS-MAT-GRAPHENE_INK","PS-MAT-ACRYLATE","CI","RS","S","PS-PAIR-CI-RS","","FAMILY_CLASS_INHERITED","UNQUALIFIED","NOT_TESTED","false"
"PS-MATRIX-01612","PS-MAT-GRAPHENE_INK","PS-MAT-EPOXY","CI","RS","S","PS-PAIR-CI-RS","","FAMILY_CLASS_INHERITED","UNQUALIFIED","NOT_TESTED","false"
"PS-MATRIX-01613","PS-MAT-GRAPHENE_INK","PS-MAT-SILICONE_RESIN","CI","RS","S","PS-PAIR-CI-RS","","FAMILY_CLASS_INHERITED","UNQUALIFIED","NOT_TESTED","false"
"PS-MATRIX-01614","PS-MAT-GRAPHENE_INK","PS-MAT-TPU","CI","EL","S","PS-PAIR-CI-EL","","FAMILY_CLASS_INHERITED","UNQUALIFIED","NOT_TESTED","false"
"PS-MATRIX-01615","PS-MAT-GRAPHENE_INK","PS-MAT-PDMS","CI","EL","S","PS-PAIR-CI-EL","","FAMILY_CLASS_INHERITED","UNQUALIFIED","NOT_TESTED","false"
"PS-MATRIX-01616","PS-MAT-GRAPHENE_INK","PS-MAT-SILICONE_E","CI","EL","S","PS-PAIR-CI-EL","","FAMILY_CLASS_INHERITED","UNQUALIFIED","NOT_TESTED","false"
"PS-MATRIX-01617","PS-MAT-GRAPHENE_INK","PS-MAT-HYDROGEL_E","CI","EL","S","PS-PAIR-CI-EL","","FAMILY_CLASS_INHERITED","UNQUALIFIED","NOT_TESTED","false"
"PS-MATRIX-01618","PS-MAT-GRAPHENE_INK","PS-MAT-AG_INK","CI","CI","P","PS-PAIR-CI-CI","","FAMILY_CLASS_INHERITED","UNQUALIFIED","NOT_TESTED","false"
"PS-MATRIX-01619","PS-MAT-GRAPHENE_INK","PS-MAT-CU_INK","CI","CI","P","PS-PAIR-CI-CI","","FAMILY_CLASS_INHERITED","UNQUALIFIED","NOT_TESTED","false"
"PS-MATRIX-01620","PS-MAT-GRAPHENE_INK","PS-MAT-CARBON_INK","CI","CI","P","PS-PAIR-CI-CI","","FAMILY_CLASS_INHERITED","UNQUALIFIED","NOT_TESTED","false"
"PS-MATRIX-01621","PS-MAT-GRAPHENE_INK","PS-MAT-GRAPHENE_INK","CI","CI","P","PS-PAIR-CI-CI","","FAMILY_CLASS_INHERITED","UNQUALIFIED","NOT_TESTED","false"
"PS-MATRIX-01622","PS-MAT-GRAPHENE_INK","PS-MAT-PEDOT_PSS","CI","CI","P","PS-PAIR-CI-CI","","FAMILY_CLASS_INHERITED","UNQUALIFIED","NOT_TESTED","false"
"PS-MATRIX-01623","PS-MAT-GRAPHENE_INK","PS-MAT-DIEL_UV","CI","DE","S","PS-PAIR-CI-DE","PS-MR-034-AB","ROUTE_SEED_ONLY","UNQUALIFIED","NOT_TESTED","false"
"PS-MATRIX-01624","PS-MAT-GRAPHENE_INK","PS-MAT-DIEL_EPOXY","CI","DE","S","PS-PAIR-CI-DE","","FAMILY_CLASS_INHERITED","UNQUALIFIED","NOT_TESTED","false"
"PS-MATRIX-01625","PS-MAT-GRAPHENE_INK","PS-MAT-POLYIMIDE","CI","DE","S","PS-PAIR-CI-DE","","FAMILY_CLASS_INHERITED","UNQUALIFIED","NOT_TESTED","false"
"PS-MATRIX-01626","PS-MAT-GRAPHENE_INK","PS-MAT-PARylene","CI","DE","S","PS-PAIR-CI-DE","","FAMILY_CLASS_INHERITED","UNQUALIFIED","NOT_TESTED","false"
"PS-MATRIX-01627","PS-MAT-GRAPHENE_INK","PS-MAT-FERRITE_PASTE","CI","MG","S","PS-PAIR-CI-MG","","FAMILY_CLASS_INHERITED","UNQUALIFIED","NOT_TESTED","false"
"PS-MATRIX-01628","PS-MAT-GRAPHENE_INK","PS-MAT-NDFEB_BONDED","CI","MG","S","PS-PAIR-CI-MG","","FAMILY_CLASS_INHERITED","UNQUALIFIED","NOT_TESTED","false"
"PS-MATRIX-01629","PS-MAT-GRAPHENE_INK","PS-MAT-IRON_COMPOSITE","CI","MG","S","PS-PAIR-CI-MG","","FAMILY_CLASS_INHERITED","UNQUALIFIED","NOT_TESTED","false"
"PS-MATRIX-01630","PS-MAT-GRAPHENE_INK","PS-MAT-OPTICAL_RESIN","CI","OP","S","PS-PAIR-CI-OP","","FAMILY_CLASS_INHERITED","UNQUALIFIED","NOT_TESTED","false"
"PS-MATRIX-01631","PS-MAT-GRAPHENE_INK","PS-MAT-PMMA","CI","OP","S","PS-PAIR-CI-OP","","FAMILY_CLASS_INHERITED","UNQUALIFIED","NOT_TESTED","false"
"PS-MATRIX-01632","PS-MAT-GRAPHENE_INK","PS-MAT-FUSED_SILICA","CI","OP","S","PS-PAIR-CI-OP","","FAMILY_CLASS_INHERITED","UNQUALIFIED","NOT_TESTED","false"
"PS-MATRIX-01633","PS-MAT-GRAPHENE_INK","PS-MAT-PHOSPHOR_FILM","CI","OP","S","PS-PAIR-CI-OP","","FAMILY_CLASS_INHERITED","UNQUALIFIED","NOT_TESTED","false"
"PS-MATRIX-01634","PS-MAT-GRAPHENE_INK","PS-MAT-PVA_SUPPORT","CI","FL","S","PS-PAIR-CI-FL","","FAMILY_CLASS_INHERITED","UNQUALIFIED","NOT_TESTED","false"
"PS-MATRIX-01635","PS-MAT-GRAPHENE_INK","PS-MAT-WAX_SUPPORT","CI","FL","S","PS-PAIR-CI-FL","","FAMILY_CLASS_INHERITED","UNQUALIFIED","NOT_TESTED","false"
"PS-MATRIX-01636","PS-MAT-GRAPHENE_INK","PS-MAT-MICROGEL","CI","FL","S","PS-PAIR-CI-FL","","FAMILY_CLASS_INHERITED","UNQUALIFIED","NOT_TESTED","false"
"PS-MATRIX-01637","PS-MAT-GRAPHENE_INK","PS-MAT-GAS_CAVITY","CI","FL","S","PS-PAIR-CI-FL","","FAMILY_CLASS_INHERITED","UNQUALIFIED","NOT_TESTED","false"
"PS-MATRIX-01638","PS-MAT-GRAPHENE_INK","PS-MAT-GRAPHITE_ANODE","CI","EC","T","PS-PAIR-CI-EC","","FAMILY_CLASS_INHERITED","UNQUALIFIED","NOT_TESTED","false"
"PS-MATRIX-01639","PS-MAT-GRAPHENE_INK","PS-MAT-LFP_CATHODE","CI","EC","T","PS-PAIR-CI-EC","","FAMILY_CLASS_INHERITED","UNQUALIFIED","NOT_TESTED","false"
"PS-MATRIX-01640","PS-MAT-GRAPHENE_INK","PS-MAT-GEL_ELECTROLYTE","CI","EC","T","PS-PAIR-CI-EC","","FAMILY_CLASS_INHERITED","UNQUALIFIED","NOT_TESTED","false"
"PS-MATRIX-01641","PS-MAT-GRAPHENE_INK","PS-MAT-CARBON_SUPERCAP","CI","EC","T","PS-PAIR-CI-EC","","FAMILY_CLASS_INHERITED","UNQUALIFIED","NOT_TESTED","false"
"PS-MATRIX-01642","PS-MAT-GRAPHENE_INK","PS-MAT-SILICON_DIE","CI","SC","M","PS-PAIR-CI-SC","","FAMILY_CLASS_INHERITED","UNQUALIFIED","NOT_TESTED","false"
"PS-MATRIX-01643","PS-MAT-GRAPHENE_INK","PS-MAT-CAMERA_MODULE","CI","SC","M","PS-PAIR-CI-SC","","FAMILY_CLASS_INHERITED","UNQUALIFIED","NOT_TESTED","false"
"PS-MATRIX-01644","PS-MAT-GRAPHENE_INK","PS-MAT-LED_PACKAGE","CI","SC","M","PS-PAIR-CI-SC","","FAMILY_CLASS_INHERITED","UNQUALIFIED","NOT_TESTED","false"
"PS-MATRIX-01645","PS-MAT-GRAPHENE_INK","PS-MAT-RF_IC","CI","SC","M","PS-PAIR-CI-SC","","FAMILY_CLASS_INHERITED","UNQUALIFIED","NOT_TESTED","false"
"PS-MATRIX-01646","PS-MAT-GRAPHENE_INK","PS-MAT-LFP_MODULE","CI","BT","M","PS-PAIR-CI-BT","","FAMILY_CLASS_INHERITED","UNQUALIFIED","NOT_TESTED","false"
"PS-MATRIX-01647","PS-MAT-GRAPHENE_INK","PS-MAT-LIION_MODULE","CI","BT","M","PS-PAIR-CI-BT","","FAMILY_CLASS_INHERITED","UNQUALIFIED","NOT_TESTED","false"
"PS-MATRIX-01648","PS-MAT-GRAPHENE_INK","PS-MAT-CAP_BANK","CI","BT","M","PS-PAIR-CI-BT","","FAMILY_CLASS_INHERITED","UNQUALIFIED","NOT_TESTED","false"
"PS-MATRIX-01649","PS-MAT-GRAPHENE_INK","PS-MAT-ALGINATE","CI","BV","T","PS-PAIR-CI-BV","","FAMILY_CLASS_INHERITED","UNQUALIFIED","NOT_TESTED","false"
"PS-MATRIX-01650","PS-MAT-GRAPHENE_INK","PS-MAT-GELATIN","CI","BV","T","PS-PAIR-CI-BV","","FAMILY_CLASS_INHERITED","UNQUALIFIED","NOT_TESTED","false"
"PS-MATRIX-01651","PS-MAT-GRAPHENE_INK","PS-MAT-COLLAGEN","CI","BV","T","PS-PAIR-CI-BV","","FAMILY_CLASS_INHERITED","UNQUALIFIED","NOT_TESTED","false"
"PS-MATRIX-01652","PS-MAT-GRAPHENE_INK","PS-MAT-CELL_INK","CI","BV","T","PS-PAIR-CI-BV","","FAMILY_CLASS_INHERITED","UNQUALIFIED","NOT_TESTED","false"
"PS-MATRIX-01653","PS-MAT-PEDOT_PSS","PS-MAT-CU_OFHC","CI","MT","T","PS-PAIR-CI-MT","","FAMILY_CLASS_INHERITED","UNQUALIFIED","NOT_TESTED","false"
"PS-MATRIX-01654","PS-MAT-PEDOT_PSS","PS-MAT-AL_6061","CI","MT","T","PS-PAIR-CI-MT","","FAMILY_CLASS_INHERITED","UNQUALIFIED","NOT_TESTED","false"
"PS-MATRIX-01655","PS-MAT-PEDOT_PSS","PS-MAT-SS_316L","CI","MT","T","PS-PAIR-CI-MT","","FAMILY_CLASS_INHERITED","UNQUALIFIED","NOT_TESTED","false"
"PS-MATRIX-01656","PS-MAT-PEDOT_PSS","PS-MAT-TI_64","CI","MT","T","PS-PAIR-CI-MT","","FAMILY_CLASS_INHERITED","UNQUALIFIED","NOT_TESTED","false"
"PS-MATRIX-01657","PS-MAT-PEDOT_PSS","PS-MAT-NI_ALLOY","CI","MT","T","PS-PAIR-CI-MT","","FAMILY_CLASS_INHERITED","UNQUALIFIED","NOT_TESTED","false"
"PS-MATRIX-01658","PS-MAT-PEDOT_PSS","PS-MAT-AG_METAL","CI","MT","T","PS-PAIR-CI-MT","","FAMILY_CLASS_INHERITED","UNQUALIFIED","NOT_TESTED","false"
"PS-MATRIX-01659","PS-MAT-PEDOT_PSS","PS-MAT-ALUMINA","CI","CR","T","PS-PAIR-CI-CR","","FAMILY_CLASS_INHERITED","UNQUALIFIED","NOT_TESTED","false"
"PS-MATRIX-01660","PS-MAT-PEDOT_PSS","PS-MAT-SILICA","CI","CR","T","PS-PAIR-CI-CR","","FAMILY_CLASS_INHERITED","UNQUALIFIED","NOT_TESTED","false"
"PS-MATRIX-01661","PS-MAT-PEDOT_PSS","PS-MAT-ZIRCONIA","CI","CR","T","PS-PAIR-CI-CR","","FAMILY_CLASS_INHERITED","UNQUALIFIED","NOT_TESTED","false"
"PS-MATRIX-01662","PS-MAT-PEDOT_PSS","PS-MAT-BT_CERAMIC","CI","CR","T","PS-PAIR-CI-CR","","FAMILY_CLASS_INHERITED","UNQUALIFIED","NOT_TESTED","false"
"PS-MATRIX-01663","PS-MAT-PEDOT_PSS","PS-MAT-BN_CERAMIC","CI","CR","T","PS-PAIR-CI-CR","","FAMILY_CLASS_INHERITED","UNQUALIFIED","NOT_TESTED","false"
"PS-MATRIX-01664","PS-MAT-PEDOT_PSS","PS-MAT-PLA","CI","TP","S","PS-PAIR-CI-TP","","FAMILY_CLASS_INHERITED","UNQUALIFIED","NOT_TESTED","false"
"PS-MATRIX-01665","PS-MAT-PEDOT_PSS","PS-MAT-PETG","CI","TP","S","PS-PAIR-CI-TP","","FAMILY_CLASS_INHERITED","UNQUALIFIED","NOT_TESTED","false"
"PS-MATRIX-01666","PS-MAT-PEDOT_PSS","PS-MAT-ABS","CI","TP","S","PS-PAIR-CI-TP","","FAMILY_CLASS_INHERITED","UNQUALIFIED","NOT_TESTED","false"
"PS-MATRIX-01667","PS-MAT-PEDOT_PSS","PS-MAT-PA12","CI","TP","S","PS-PAIR-CI-TP","","FAMILY_CLASS_INHERITED","UNQUALIFIED","NOT_TESTED","false"
"PS-MATRIX-01668","PS-MAT-PEDOT_PSS","PS-MAT-PEEK","CI","TP","S","PS-PAIR-CI-TP","","FAMILY_CLASS_INHERITED","UNQUALIFIED","NOT_TESTED","false"
"PS-MATRIX-01669","PS-MAT-PEDOT_PSS","PS-MAT-PP","CI","TP","S","PS-PAIR-CI-TP","","FAMILY_CLASS_INHERITED","UNQUALIFIED","NOT_TESTED","false"
"PS-MATRIX-01670","PS-MAT-PEDOT_PSS","PS-MAT-ACRYLATE","CI","RS","S","PS-PAIR-CI-RS","PS-MR-010-BA","ROUTE_SEED_ONLY","UNQUALIFIED","NOT_TESTED","false"
"PS-MATRIX-01671","PS-MAT-PEDOT_PSS","PS-MAT-EPOXY","CI","RS","S","PS-PAIR-CI-RS","","FAMILY_CLASS_INHERITED","UNQUALIFIED","NOT_TESTED","false"
"PS-MATRIX-01672","PS-MAT-PEDOT_PSS","PS-MAT-SILICONE_RESIN","CI","RS","S","PS-PAIR-CI-RS","","FAMILY_CLASS_INHERITED","UNQUALIFIED","NOT_TESTED","false"
"PS-MATRIX-01673","PS-MAT-PEDOT_PSS","PS-MAT-TPU","CI","EL","S","PS-PAIR-CI-EL","","FAMILY_CLASS_INHERITED","UNQUALIFIED","NOT_TESTED","false"
"PS-MATRIX-01674","PS-MAT-PEDOT_PSS","PS-MAT-PDMS","CI","EL","S","PS-PAIR-CI-EL","","FAMILY_CLASS_INHERITED","UNQUALIFIED","NOT_TESTED","false"
"PS-MATRIX-01675","PS-MAT-PEDOT_PSS","PS-MAT-SILICONE_E","CI","EL","S","PS-PAIR-CI-EL","","FAMILY_CLASS_INHERITED","UNQUALIFIED","NOT_TESTED","false"
"PS-MATRIX-01676","PS-MAT-PEDOT_PSS","PS-MAT-HYDROGEL_E","CI","EL","S","PS-PAIR-CI-EL","","FAMILY_CLASS_INHERITED","UNQUALIFIED","NOT_TESTED","false"
"PS-MATRIX-01677","PS-MAT-PEDOT_PSS","PS-MAT-AG_INK","CI","CI","P","PS-PAIR-CI-CI","","FAMILY_CLASS_INHERITED","UNQUALIFIED","NOT_TESTED","false"
"PS-MATRIX-01678","PS-MAT-PEDOT_PSS","PS-MAT-CU_INK","CI","CI","P","PS-PAIR-CI-CI","","FAMILY_CLASS_INHERITED","UNQUALIFIED","NOT_TESTED","false"
"PS-MATRIX-01679","PS-MAT-PEDOT_PSS","PS-MAT-CARBON_INK","CI","CI","P","PS-PAIR-CI-CI","","FAMILY_CLASS_INHERITED","UNQUALIFIED","NOT_TESTED","false"
"PS-MATRIX-01680","PS-MAT-PEDOT_PSS","PS-MAT-GRAPHENE_INK","CI","CI","P","PS-PAIR-CI-CI","","FAMILY_CLASS_INHERITED","UNQUALIFIED","NOT_TESTED","false"
"PS-MATRIX-01681","PS-MAT-PEDOT_PSS","PS-MAT-PEDOT_PSS","CI","CI","P","PS-PAIR-CI-CI","","FAMILY_CLASS_INHERITED","UNQUALIFIED","NOT_TESTED","false"
"PS-MATRIX-01682","PS-MAT-PEDOT_PSS","PS-MAT-DIEL_UV","CI","DE","S","PS-PAIR-CI-DE","","FAMILY_CLASS_INHERITED","UNQUALIFIED","NOT_TESTED","false"
"PS-MATRIX-01683","PS-MAT-PEDOT_PSS","PS-MAT-DIEL_EPOXY","CI","DE","S","PS-PAIR-CI-DE","","FAMILY_CLASS_INHERITED","UNQUALIFIED","NOT_TESTED","false"
"PS-MATRIX-01684","PS-MAT-PEDOT_PSS","PS-MAT-POLYIMIDE","CI","DE","S","PS-PAIR-CI-DE","","FAMILY_CLASS_INHERITED","UNQUALIFIED","NOT_TESTED","false"
"PS-MATRIX-01685","PS-MAT-PEDOT_PSS","PS-MAT-PARylene","CI","DE","S","PS-PAIR-CI-DE","","FAMILY_CLASS_INHERITED","UNQUALIFIED","NOT_TESTED","false"
"PS-MATRIX-01686","PS-MAT-PEDOT_PSS","PS-MAT-FERRITE_PASTE","CI","MG","S","PS-PAIR-CI-MG","","FAMILY_CLASS_INHERITED","UNQUALIFIED","NOT_TESTED","false"
"PS-MATRIX-01687","PS-MAT-PEDOT_PSS","PS-MAT-NDFEB_BONDED","CI","MG","S","PS-PAIR-CI-MG","","FAMILY_CLASS_INHERITED","UNQUALIFIED","NOT_TESTED","false"
"PS-MATRIX-01688","PS-MAT-PEDOT_PSS","PS-MAT-IRON_COMPOSITE","CI","MG","S","PS-PAIR-CI-MG","","FAMILY_CLASS_INHERITED","UNQUALIFIED","NOT_TESTED","false"
"PS-MATRIX-01689","PS-MAT-PEDOT_PSS","PS-MAT-OPTICAL_RESIN","CI","OP","S","PS-PAIR-CI-OP","","FAMILY_CLASS_INHERITED","UNQUALIFIED","NOT_TESTED","false"
"PS-MATRIX-01690","PS-MAT-PEDOT_PSS","PS-MAT-PMMA","CI","OP","S","PS-PAIR-CI-OP","","FAMILY_CLASS_INHERITED","UNQUALIFIED","NOT_TESTED","false"
"PS-MATRIX-01691","PS-MAT-PEDOT_PSS","PS-MAT-FUSED_SILICA","CI","OP","S","PS-PAIR-CI-OP","","FAMILY_CLASS_INHERITED","UNQUALIFIED","NOT_TESTED","false"
"PS-MATRIX-01692","PS-MAT-PEDOT_PSS","PS-MAT-PHOSPHOR_FILM","CI","OP","S","PS-PAIR-CI-OP","","FAMILY_CLASS_INHERITED","UNQUALIFIED","NOT_TESTED","false"
"PS-MATRIX-01693","PS-MAT-PEDOT_PSS","PS-MAT-PVA_SUPPORT","CI","FL","S","PS-PAIR-CI-FL","","FAMILY_CLASS_INHERITED","UNQUALIFIED","NOT_TESTED","false"
"PS-MATRIX-01694","PS-MAT-PEDOT_PSS","PS-MAT-WAX_SUPPORT","CI","FL","S","PS-PAIR-CI-FL","","FAMILY_CLASS_INHERITED","UNQUALIFIED","NOT_TESTED","false"
"PS-MATRIX-01695","PS-MAT-PEDOT_PSS","PS-MAT-MICROGEL","CI","FL","S","PS-PAIR-CI-FL","","FAMILY_CLASS_INHERITED","UNQUALIFIED","NOT_TESTED","false"
"PS-MATRIX-01696","PS-MAT-PEDOT_PSS","PS-MAT-GAS_CAVITY","CI","FL","S","PS-PAIR-CI-FL","","FAMILY_CLASS_INHERITED","UNQUALIFIED","NOT_TESTED","false"
"PS-MATRIX-01697","PS-MAT-PEDOT_PSS","PS-MAT-GRAPHITE_ANODE","CI","EC","T","PS-PAIR-CI-EC","","FAMILY_CLASS_INHERITED","UNQUALIFIED","NOT_TESTED","false"
"PS-MATRIX-01698","PS-MAT-PEDOT_PSS","PS-MAT-LFP_CATHODE","CI","EC","T","PS-PAIR-CI-EC","","FAMILY_CLASS_INHERITED","UNQUALIFIED","NOT_TESTED","false"
"PS-MATRIX-01699","PS-MAT-PEDOT_PSS","PS-MAT-GEL_ELECTROLYTE","CI","EC","T","PS-PAIR-CI-EC","","FAMILY_CLASS_INHERITED","UNQUALIFIED","NOT_TESTED","false"
"PS-MATRIX-01700","PS-MAT-PEDOT_PSS","PS-MAT-CARBON_SUPERCAP","CI","EC","T","PS-PAIR-CI-EC","","FAMILY_CLASS_INHERITED","UNQUALIFIED","NOT_TESTED","false"
"PS-MATRIX-01701","PS-MAT-PEDOT_PSS","PS-MAT-SILICON_DIE","CI","SC","M","PS-PAIR-CI-SC","","FAMILY_CLASS_INHERITED","UNQUALIFIED","NOT_TESTED","false"
"PS-MATRIX-01702","PS-MAT-PEDOT_PSS","PS-MAT-CAMERA_MODULE","CI","SC","M","PS-PAIR-CI-SC","","FAMILY_CLASS_INHERITED","UNQUALIFIED","NOT_TESTED","false"
"PS-MATRIX-01703","PS-MAT-PEDOT_PSS","PS-MAT-LED_PACKAGE","CI","SC","M","PS-PAIR-CI-SC","","FAMILY_CLASS_INHERITED","UNQUALIFIED","NOT_TESTED","false"
"PS-MATRIX-01704","PS-MAT-PEDOT_PSS","PS-MAT-RF_IC","CI","SC","M","PS-PAIR-CI-SC","","FAMILY_CLASS_INHERITED","UNQUALIFIED","NOT_TESTED","false"
"PS-MATRIX-01705","PS-MAT-PEDOT_PSS","PS-MAT-LFP_MODULE","CI","BT","M","PS-PAIR-CI-BT","","FAMILY_CLASS_INHERITED","UNQUALIFIED","NOT_TESTED","false"
"PS-MATRIX-01706","PS-MAT-PEDOT_PSS","PS-MAT-LIION_MODULE","CI","BT","M","PS-PAIR-CI-BT","","FAMILY_CLASS_INHERITED","UNQUALIFIED","NOT_TESTED","false"
"PS-MATRIX-01707","PS-MAT-PEDOT_PSS","PS-MAT-CAP_BANK","CI","BT","M","PS-PAIR-CI-BT","","FAMILY_CLASS_INHERITED","UNQUALIFIED","NOT_TESTED","false"
"PS-MATRIX-01708","PS-MAT-PEDOT_PSS","PS-MAT-ALGINATE","CI","BV","T","PS-PAIR-CI-BV","","FAMILY_CLASS_INHERITED","UNQUALIFIED","NOT_TESTED","false"
"PS-MATRIX-01709","PS-MAT-PEDOT_PSS","PS-MAT-GELATIN","CI","BV","T","PS-PAIR-CI-BV","","FAMILY_CLASS_INHERITED","UNQUALIFIED","NOT_TESTED","false"
"PS-MATRIX-01710","PS-MAT-PEDOT_PSS","PS-MAT-COLLAGEN","CI","BV","T","PS-PAIR-CI-BV","","FAMILY_CLASS_INHERITED","UNQUALIFIED","NOT_TESTED","false"
"PS-MATRIX-01711","PS-MAT-PEDOT_PSS","PS-MAT-CELL_INK","CI","BV","T","PS-PAIR-CI-BV","","FAMILY_CLASS_INHERITED","UNQUALIFIED","NOT_TESTED","false"
"PS-MATRIX-01712","PS-MAT-DIEL_UV","PS-MAT-CU_OFHC","DE","MT","T","PS-PAIR-DE-MT","","FAMILY_CLASS_INHERITED","UNQUALIFIED","NOT_TESTED","false"
"PS-MATRIX-01713","PS-MAT-DIEL_UV","PS-MAT-AL_6061","DE","MT","T","PS-PAIR-DE-MT","","FAMILY_CLASS_INHERITED","UNQUALIFIED","NOT_TESTED","false"
"PS-MATRIX-01714","PS-MAT-DIEL_UV","PS-MAT-SS_316L","DE","MT","T","PS-PAIR-DE-MT","","FAMILY_CLASS_INHERITED","UNQUALIFIED","NOT_TESTED","false"
"PS-MATRIX-01715","PS-MAT-DIEL_UV","PS-MAT-TI_64","DE","MT","T","PS-PAIR-DE-MT","","FAMILY_CLASS_INHERITED","UNQUALIFIED","NOT_TESTED","false"
"PS-MATRIX-01716","PS-MAT-DIEL_UV","PS-MAT-NI_ALLOY","DE","MT","T","PS-PAIR-DE-MT","","FAMILY_CLASS_INHERITED","UNQUALIFIED","NOT_TESTED","false"
"PS-MATRIX-01717","PS-MAT-DIEL_UV","PS-MAT-AG_METAL","DE","MT","T","PS-PAIR-DE-MT","","FAMILY_CLASS_INHERITED","UNQUALIFIED","NOT_TESTED","false"
"PS-MATRIX-01718","PS-MAT-DIEL_UV","PS-MAT-ALUMINA","DE","CR","T","PS-PAIR-DE-CR","","FAMILY_CLASS_INHERITED","UNQUALIFIED","NOT_TESTED","false"
"PS-MATRIX-01719","PS-MAT-DIEL_UV","PS-MAT-SILICA","DE","CR","T","PS-PAIR-DE-CR","","FAMILY_CLASS_INHERITED","UNQUALIFIED","NOT_TESTED","false"
"PS-MATRIX-01720","PS-MAT-DIEL_UV","PS-MAT-ZIRCONIA","DE","CR","T","PS-PAIR-DE-CR","","FAMILY_CLASS_INHERITED","UNQUALIFIED","NOT_TESTED","false"
"PS-MATRIX-01721","PS-MAT-DIEL_UV","PS-MAT-BT_CERAMIC","DE","CR","T","PS-PAIR-DE-CR","","FAMILY_CLASS_INHERITED","UNQUALIFIED","NOT_TESTED","false"
"PS-MATRIX-01722","PS-MAT-DIEL_UV","PS-MAT-BN_CERAMIC","DE","CR","T","PS-PAIR-DE-CR","","FAMILY_CLASS_INHERITED","UNQUALIFIED","NOT_TESTED","false"
"PS-MATRIX-01723","PS-MAT-DIEL_UV","PS-MAT-PLA","DE","TP","S","PS-PAIR-DE-TP","","FAMILY_CLASS_INHERITED","UNQUALIFIED","NOT_TESTED","false"
"PS-MATRIX-01724","PS-MAT-DIEL_UV","PS-MAT-PETG","DE","TP","S","PS-PAIR-DE-TP","","FAMILY_CLASS_INHERITED","UNQUALIFIED","NOT_TESTED","false"
"PS-MATRIX-01725","PS-MAT-DIEL_UV","PS-MAT-ABS","DE","TP","S","PS-PAIR-DE-TP","","FAMILY_CLASS_INHERITED","UNQUALIFIED","NOT_TESTED","false"
"PS-MATRIX-01726","PS-MAT-DIEL_UV","PS-MAT-PA12","DE","TP","S","PS-PAIR-DE-TP","","FAMILY_CLASS_INHERITED","UNQUALIFIED","NOT_TESTED","false"
"PS-MATRIX-01727","PS-MAT-DIEL_UV","PS-MAT-PEEK","DE","TP","S","PS-PAIR-DE-TP","","FAMILY_CLASS_INHERITED","UNQUALIFIED","NOT_TESTED","false"
"PS-MATRIX-01728","PS-MAT-DIEL_UV","PS-MAT-PP","DE","TP","S","PS-PAIR-DE-TP","","FAMILY_CLASS_INHERITED","UNQUALIFIED","NOT_TESTED","false"
"PS-MATRIX-01729","PS-MAT-DIEL_UV","PS-MAT-ACRYLATE","DE","RS","S","PS-PAIR-DE-RS","","FAMILY_CLASS_INHERITED","UNQUALIFIED","NOT_TESTED","false"
"PS-MATRIX-01730","PS-MAT-DIEL_UV","PS-MAT-EPOXY","DE","RS","S","PS-PAIR-DE-RS","","FAMILY_CLASS_INHERITED","UNQUALIFIED","NOT_TESTED","false"
"PS-MATRIX-01731","PS-MAT-DIEL_UV","PS-MAT-SILICONE_RESIN","DE","RS","S","PS-PAIR-DE-RS","","FAMILY_CLASS_INHERITED","UNQUALIFIED","NOT_TESTED","false"
"PS-MATRIX-01732","PS-MAT-DIEL_UV","PS-MAT-TPU","DE","EL","S","PS-PAIR-DE-EL","","FAMILY_CLASS_INHERITED","UNQUALIFIED","NOT_TESTED","false"
"PS-MATRIX-01733","PS-MAT-DIEL_UV","PS-MAT-PDMS","DE","EL","S","PS-PAIR-DE-EL","","FAMILY_CLASS_INHERITED","UNQUALIFIED","NOT_TESTED","false"
"PS-MATRIX-01734","PS-MAT-DIEL_UV","PS-MAT-SILICONE_E","DE","EL","S","PS-PAIR-DE-EL","","FAMILY_CLASS_INHERITED","UNQUALIFIED","NOT_TESTED","false"
"PS-MATRIX-01735","PS-MAT-DIEL_UV","PS-MAT-HYDROGEL_E","DE","EL","S","PS-PAIR-DE-EL","","FAMILY_CLASS_INHERITED","UNQUALIFIED","NOT_TESTED","false"
"PS-MATRIX-01736","PS-MAT-DIEL_UV","PS-MAT-AG_INK","DE","CI","S","PS-PAIR-DE-CI","PS-MR-012-AB","ROUTE_SEED_ONLY","UNQUALIFIED","NOT_TESTED","false"
"PS-MATRIX-01737","PS-MAT-DIEL_UV","PS-MAT-CU_INK","DE","CI","S","PS-PAIR-DE-CI","","FAMILY_CLASS_INHERITED","UNQUALIFIED","NOT_TESTED","false"
"PS-MATRIX-01738","PS-MAT-DIEL_UV","PS-MAT-CARBON_INK","DE","CI","S","PS-PAIR-DE-CI","","FAMILY_CLASS_INHERITED","UNQUALIFIED","NOT_TESTED","false"
"PS-MATRIX-01739","PS-MAT-DIEL_UV","PS-MAT-GRAPHENE_INK","DE","CI","S","PS-PAIR-DE-CI","PS-MR-034-BA","ROUTE_SEED_ONLY","UNQUALIFIED","NOT_TESTED","false"
"PS-MATRIX-01740","PS-MAT-DIEL_UV","PS-MAT-PEDOT_PSS","DE","CI","S","PS-PAIR-DE-CI","","FAMILY_CLASS_INHERITED","UNQUALIFIED","NOT_TESTED","false"
"PS-MATRIX-01741","PS-MAT-DIEL_UV","PS-MAT-DIEL_UV","DE","DE","P","PS-PAIR-DE-DE","","FAMILY_CLASS_INHERITED","UNQUALIFIED","NOT_TESTED","false"
"PS-MATRIX-01742","PS-MAT-DIEL_UV","PS-MAT-DIEL_EPOXY","DE","DE","P","PS-PAIR-DE-DE","","FAMILY_CLASS_INHERITED","UNQUALIFIED","NOT_TESTED","false"
"PS-MATRIX-01743","PS-MAT-DIEL_UV","PS-MAT-POLYIMIDE","DE","DE","P","PS-PAIR-DE-DE","","FAMILY_CLASS_INHERITED","UNQUALIFIED","NOT_TESTED","false"
"PS-MATRIX-01744","PS-MAT-DIEL_UV","PS-MAT-PARylene","DE","DE","P","PS-PAIR-DE-DE","","FAMILY_CLASS_INHERITED","UNQUALIFIED","NOT_TESTED","false"
"PS-MATRIX-01745","PS-MAT-DIEL_UV","PS-MAT-FERRITE_PASTE","DE","MG","S","PS-PAIR-DE-MG","","FAMILY_CLASS_INHERITED","UNQUALIFIED","NOT_TESTED","false"
"PS-MATRIX-01746","PS-MAT-DIEL_UV","PS-MAT-NDFEB_BONDED","DE","MG","S","PS-PAIR-DE-MG","","FAMILY_CLASS_INHERITED","UNQUALIFIED","NOT_TESTED","false"
"PS-MATRIX-01747","PS-MAT-DIEL_UV","PS-MAT-IRON_COMPOSITE","DE","MG","S","PS-PAIR-DE-MG","","FAMILY_CLASS_INHERITED","UNQUALIFIED","NOT_TESTED","false"
"PS-MATRIX-01748","PS-MAT-DIEL_UV","PS-MAT-OPTICAL_RESIN","DE","OP","S","PS-PAIR-DE-OP","","FAMILY_CLASS_INHERITED","UNQUALIFIED","NOT_TESTED","false"
"PS-MATRIX-01749","PS-MAT-DIEL_UV","PS-MAT-PMMA","DE","OP","S","PS-PAIR-DE-OP","","FAMILY_CLASS_INHERITED","UNQUALIFIED","NOT_TESTED","false"
"PS-MATRIX-01750","PS-MAT-DIEL_UV","PS-MAT-FUSED_SILICA","DE","OP","S","PS-PAIR-DE-OP","","FAMILY_CLASS_INHERITED","UNQUALIFIED","NOT_TESTED","false"
"PS-MATRIX-01751","PS-MAT-DIEL_UV","PS-MAT-PHOSPHOR_FILM","DE","OP","S","PS-PAIR-DE-OP","","FAMILY_CLASS_INHERITED","UNQUALIFIED","NOT_TESTED","false"
"PS-MATRIX-01752","PS-MAT-DIEL_UV","PS-MAT-PVA_SUPPORT","DE","FL","S","PS-PAIR-DE-FL","","FAMILY_CLASS_INHERITED","UNQUALIFIED","NOT_TESTED","false"
"PS-MATRIX-01753","PS-MAT-DIEL_UV","PS-MAT-WAX_SUPPORT","DE","FL","S","PS-PAIR-DE-FL","","FAMILY_CLASS_INHERITED","UNQUALIFIED","NOT_TESTED","false"
"PS-MATRIX-01754","PS-MAT-DIEL_UV","PS-MAT-MICROGEL","DE","FL","S","PS-PAIR-DE-FL","","FAMILY_CLASS_INHERITED","UNQUALIFIED","NOT_TESTED","false"
"PS-MATRIX-01755","PS-MAT-DIEL_UV","PS-MAT-GAS_CAVITY","DE","FL","S","PS-PAIR-DE-FL","","FAMILY_CLASS_INHERITED","UNQUALIFIED","NOT_TESTED","false"
"PS-MATRIX-01756","PS-MAT-DIEL_UV","PS-MAT-GRAPHITE_ANODE","DE","EC","T","PS-PAIR-DE-EC","","FAMILY_CLASS_INHERITED","UNQUALIFIED","NOT_TESTED","false"
"PS-MATRIX-01757","PS-MAT-DIEL_UV","PS-MAT-LFP_CATHODE","DE","EC","T","PS-PAIR-DE-EC","","FAMILY_CLASS_INHERITED","UNQUALIFIED","NOT_TESTED","false"
"PS-MATRIX-01758","PS-MAT-DIEL_UV","PS-MAT-GEL_ELECTROLYTE","DE","EC","T","PS-PAIR-DE-EC","","FAMILY_CLASS_INHERITED","UNQUALIFIED","NOT_TESTED","false"
"PS-MATRIX-01759","PS-MAT-DIEL_UV","PS-MAT-CARBON_SUPERCAP","DE","EC","T","PS-PAIR-DE-EC","PS-MR-021-BA","ROUTE_SEED_ONLY","UNQUALIFIED","NOT_TESTED","false"
"PS-MATRIX-01760","PS-MAT-DIEL_UV","PS-MAT-SILICON_DIE","DE","SC","M","PS-PAIR-DE-SC","","FAMILY_CLASS_INHERITED","UNQUALIFIED","NOT_TESTED","false"
"PS-MATRIX-01761","PS-MAT-DIEL_UV","PS-MAT-CAMERA_MODULE","DE","SC","M","PS-PAIR-DE-SC","","FAMILY_CLASS_INHERITED","UNQUALIFIED","NOT_TESTED","false"
"PS-MATRIX-01762","PS-MAT-DIEL_UV","PS-MAT-LED_PACKAGE","DE","SC","M","PS-PAIR-DE-SC","","FAMILY_CLASS_INHERITED","UNQUALIFIED","NOT_TESTED","false"
"PS-MATRIX-01763","PS-MAT-DIEL_UV","PS-MAT-RF_IC","DE","SC","M","PS-PAIR-DE-SC","","FAMILY_CLASS_INHERITED","UNQUALIFIED","NOT_TESTED","false"
"PS-MATRIX-01764","PS-MAT-DIEL_UV","PS-MAT-LFP_MODULE","DE","BT","M","PS-PAIR-DE-BT","","FAMILY_CLASS_INHERITED","UNQUALIFIED","NOT_TESTED","false"
"PS-MATRIX-01765","PS-MAT-DIEL_UV","PS-MAT-LIION_MODULE","DE","BT","M","PS-PAIR-DE-BT","","FAMILY_CLASS_INHERITED","UNQUALIFIED","NOT_TESTED","false"
"PS-MATRIX-01766","PS-MAT-DIEL_UV","PS-MAT-CAP_BANK","DE","BT","M","PS-PAIR-DE-BT","","FAMILY_CLASS_INHERITED","UNQUALIFIED","NOT_TESTED","false"
"PS-MATRIX-01767","PS-MAT-DIEL_UV","PS-MAT-ALGINATE","DE","BV","T","PS-PAIR-DE-BV","","FAMILY_CLASS_INHERITED","UNQUALIFIED","NOT_TESTED","false"
"PS-MATRIX-01768","PS-MAT-DIEL_UV","PS-MAT-GELATIN","DE","BV","T","PS-PAIR-DE-BV","","FAMILY_CLASS_INHERITED","UNQUALIFIED","NOT_TESTED","false"
"PS-MATRIX-01769","PS-MAT-DIEL_UV","PS-MAT-COLLAGEN","DE","BV","T","PS-PAIR-DE-BV","","FAMILY_CLASS_INHERITED","UNQUALIFIED","NOT_TESTED","false"
"PS-MATRIX-01770","PS-MAT-DIEL_UV","PS-MAT-CELL_INK","DE","BV","T","PS-PAIR-DE-BV","","FAMILY_CLASS_INHERITED","UNQUALIFIED","NOT_TESTED","false"
"PS-MATRIX-01771","PS-MAT-DIEL_EPOXY","PS-MAT-CU_OFHC","DE","MT","T","PS-PAIR-DE-MT","PS-MR-002-BA","ROUTE_SEED_ONLY","UNQUALIFIED","NOT_TESTED","false"
"PS-MATRIX-01772","PS-MAT-DIEL_EPOXY","PS-MAT-AL_6061","DE","MT","T","PS-PAIR-DE-MT","","FAMILY_CLASS_INHERITED","UNQUALIFIED","NOT_TESTED","false"
"PS-MATRIX-01773","PS-MAT-DIEL_EPOXY","PS-MAT-SS_316L","DE","MT","T","PS-PAIR-DE-MT","","FAMILY_CLASS_INHERITED","UNQUALIFIED","NOT_TESTED","false"
"PS-MATRIX-01774","PS-MAT-DIEL_EPOXY","PS-MAT-TI_64","DE","MT","T","PS-PAIR-DE-MT","","FAMILY_CLASS_INHERITED","UNQUALIFIED","NOT_TESTED","false"
"PS-MATRIX-01775","PS-MAT-DIEL_EPOXY","PS-MAT-NI_ALLOY","DE","MT","T","PS-PAIR-DE-MT","","FAMILY_CLASS_INHERITED","UNQUALIFIED","NOT_TESTED","false"
"PS-MATRIX-01776","PS-MAT-DIEL_EPOXY","PS-MAT-AG_METAL","DE","MT","T","PS-PAIR-DE-MT","","FAMILY_CLASS_INHERITED","UNQUALIFIED","NOT_TESTED","false"
"PS-MATRIX-01777","PS-MAT-DIEL_EPOXY","PS-MAT-ALUMINA","DE","CR","T","PS-PAIR-DE-CR","","FAMILY_CLASS_INHERITED","UNQUALIFIED","NOT_TESTED","false"
"PS-MATRIX-01778","PS-MAT-DIEL_EPOXY","PS-MAT-SILICA","DE","CR","T","PS-PAIR-DE-CR","","FAMILY_CLASS_INHERITED","UNQUALIFIED","NOT_TESTED","false"
"PS-MATRIX-01779","PS-MAT-DIEL_EPOXY","PS-MAT-ZIRCONIA","DE","CR","T","PS-PAIR-DE-CR","","FAMILY_CLASS_INHERITED","UNQUALIFIED","NOT_TESTED","false"
"PS-MATRIX-01780","PS-MAT-DIEL_EPOXY","PS-MAT-BT_CERAMIC","DE","CR","T","PS-PAIR-DE-CR","","FAMILY_CLASS_INHERITED","UNQUALIFIED","NOT_TESTED","false"
"PS-MATRIX-01781","PS-MAT-DIEL_EPOXY","PS-MAT-BN_CERAMIC","DE","CR","T","PS-PAIR-DE-CR","","FAMILY_CLASS_INHERITED","UNQUALIFIED","NOT_TESTED","false"
"PS-MATRIX-01782","PS-MAT-DIEL_EPOXY","PS-MAT-PLA","DE","TP","S","PS-PAIR-DE-TP","","FAMILY_CLASS_INHERITED","UNQUALIFIED","NOT_TESTED","false"
"PS-MATRIX-01783","PS-MAT-DIEL_EPOXY","PS-MAT-PETG","DE","TP","S","PS-PAIR-DE-TP","","FAMILY_CLASS_INHERITED","UNQUALIFIED","NOT_TESTED","false"
"PS-MATRIX-01784","PS-MAT-DIEL_EPOXY","PS-MAT-ABS","DE","TP","S","PS-PAIR-DE-TP","","FAMILY_CLASS_INHERITED","UNQUALIFIED","NOT_TESTED","false"
"PS-MATRIX-01785","PS-MAT-DIEL_EPOXY","PS-MAT-PA12","DE","TP","S","PS-PAIR-DE-TP","","FAMILY_CLASS_INHERITED","UNQUALIFIED","NOT_TESTED","false"
"PS-MATRIX-01786","PS-MAT-DIEL_EPOXY","PS-MAT-PEEK","DE","TP","S","PS-PAIR-DE-TP","","FAMILY_CLASS_INHERITED","UNQUALIFIED","NOT_TESTED","false"
"PS-MATRIX-01787","PS-MAT-DIEL_EPOXY","PS-MAT-PP","DE","TP","S","PS-PAIR-DE-TP","","FAMILY_CLASS_INHERITED","UNQUALIFIED","NOT_TESTED","false"
"PS-MATRIX-01788","PS-MAT-DIEL_EPOXY","PS-MAT-ACRYLATE","DE","RS","S","PS-PAIR-DE-RS","","FAMILY_CLASS_INHERITED","UNQUALIFIED","NOT_TESTED","false"
"PS-MATRIX-01789","PS-MAT-DIEL_EPOXY","PS-MAT-EPOXY","DE","RS","S","PS-PAIR-DE-RS","","FAMILY_CLASS_INHERITED","UNQUALIFIED","NOT_TESTED","false"
"PS-MATRIX-01790","PS-MAT-DIEL_EPOXY","PS-MAT-SILICONE_RESIN","DE","RS","S","PS-PAIR-DE-RS","","FAMILY_CLASS_INHERITED","UNQUALIFIED","NOT_TESTED","false"
"PS-MATRIX-01791","PS-MAT-DIEL_EPOXY","PS-MAT-TPU","DE","EL","S","PS-PAIR-DE-EL","","FAMILY_CLASS_INHERITED","UNQUALIFIED","NOT_TESTED","false"
"PS-MATRIX-01792","PS-MAT-DIEL_EPOXY","PS-MAT-PDMS","DE","EL","S","PS-PAIR-DE-EL","","FAMILY_CLASS_INHERITED","UNQUALIFIED","NOT_TESTED","false"
"PS-MATRIX-01793","PS-MAT-DIEL_EPOXY","PS-MAT-SILICONE_E","DE","EL","S","PS-PAIR-DE-EL","","FAMILY_CLASS_INHERITED","UNQUALIFIED","NOT_TESTED","false"
"PS-MATRIX-01794","PS-MAT-DIEL_EPOXY","PS-MAT-HYDROGEL_E","DE","EL","S","PS-PAIR-DE-EL","","FAMILY_CLASS_INHERITED","UNQUALIFIED","NOT_TESTED","false"
"PS-MATRIX-01795","PS-MAT-DIEL_EPOXY","PS-MAT-AG_INK","DE","CI","S","PS-PAIR-DE-CI","","FAMILY_CLASS_INHERITED","UNQUALIFIED","NOT_TESTED","false"
"PS-MATRIX-01796","PS-MAT-DIEL_EPOXY","PS-MAT-CU_INK","DE","CI","S","PS-PAIR-DE-CI","","FAMILY_CLASS_INHERITED","UNQUALIFIED","NOT_TESTED","false"
"PS-MATRIX-01797","PS-MAT-DIEL_EPOXY","PS-MAT-CARBON_INK","DE","CI","S","PS-PAIR-DE-CI","","FAMILY_CLASS_INHERITED","UNQUALIFIED","NOT_TESTED","false"
"PS-MATRIX-01798","PS-MAT-DIEL_EPOXY","PS-MAT-GRAPHENE_INK","DE","CI","S","PS-PAIR-DE-CI","","FAMILY_CLASS_INHERITED","UNQUALIFIED","NOT_TESTED","false"
"PS-MATRIX-01799","PS-MAT-DIEL_EPOXY","PS-MAT-PEDOT_PSS","DE","CI","S","PS-PAIR-DE-CI","","FAMILY_CLASS_INHERITED","UNQUALIFIED","NOT_TESTED","false"
"PS-MATRIX-01800","PS-MAT-DIEL_EPOXY","PS-MAT-DIEL_UV","DE","DE","P","PS-PAIR-DE-DE","","FAMILY_CLASS_INHERITED","UNQUALIFIED","NOT_TESTED","false"
"PS-MATRIX-01801","PS-MAT-DIEL_EPOXY","PS-MAT-DIEL_EPOXY","DE","DE","P","PS-PAIR-DE-DE","","FAMILY_CLASS_INHERITED","UNQUALIFIED","NOT_TESTED","false"
"PS-MATRIX-01802","PS-MAT-DIEL_EPOXY","PS-MAT-POLYIMIDE","DE","DE","P","PS-PAIR-DE-DE","","FAMILY_CLASS_INHERITED","UNQUALIFIED","NOT_TESTED","false"
"PS-MATRIX-01803","PS-MAT-DIEL_EPOXY","PS-MAT-PARylene","DE","DE","P","PS-PAIR-DE-DE","","FAMILY_CLASS_INHERITED","UNQUALIFIED","NOT_TESTED","false"
"PS-MATRIX-01804","PS-MAT-DIEL_EPOXY","PS-MAT-FERRITE_PASTE","DE","MG","S","PS-PAIR-DE-MG","","FAMILY_CLASS_INHERITED","UNQUALIFIED","NOT_TESTED","false"
"PS-MATRIX-01805","PS-MAT-DIEL_EPOXY","PS-MAT-NDFEB_BONDED","DE","MG","S","PS-PAIR-DE-MG","","FAMILY_CLASS_INHERITED","UNQUALIFIED","NOT_TESTED","false"
"PS-MATRIX-01806","PS-MAT-DIEL_EPOXY","PS-MAT-IRON_COMPOSITE","DE","MG","S","PS-PAIR-DE-MG","","FAMILY_CLASS_INHERITED","UNQUALIFIED","NOT_TESTED","false"
"PS-MATRIX-01807","PS-MAT-DIEL_EPOXY","PS-MAT-OPTICAL_RESIN","DE","OP","S","PS-PAIR-DE-OP","","FAMILY_CLASS_INHERITED","UNQUALIFIED","NOT_TESTED","false"
"PS-MATRIX-01808","PS-MAT-DIEL_EPOXY","PS-MAT-PMMA","DE","OP","S","PS-PAIR-DE-OP","","FAMILY_CLASS_INHERITED","UNQUALIFIED","NOT_TESTED","false"
"PS-MATRIX-01809","PS-MAT-DIEL_EPOXY","PS-MAT-FUSED_SILICA","DE","OP","S","PS-PAIR-DE-OP","","FAMILY_CLASS_INHERITED","UNQUALIFIED","NOT_TESTED","false"
"PS-MATRIX-01810","PS-MAT-DIEL_EPOXY","PS-MAT-PHOSPHOR_FILM","DE","OP","S","PS-PAIR-DE-OP","","FAMILY_CLASS_INHERITED","UNQUALIFIED","NOT_TESTED","false"
"PS-MATRIX-01811","PS-MAT-DIEL_EPOXY","PS-MAT-PVA_SUPPORT","DE","FL","S","PS-PAIR-DE-FL","","FAMILY_CLASS_INHERITED","UNQUALIFIED","NOT_TESTED","false"
"PS-MATRIX-01812","PS-MAT-DIEL_EPOXY","PS-MAT-WAX_SUPPORT","DE","FL","S","PS-PAIR-DE-FL","","FAMILY_CLASS_INHERITED","UNQUALIFIED","NOT_TESTED","false"
"PS-MATRIX-01813","PS-MAT-DIEL_EPOXY","PS-MAT-MICROGEL","DE","FL","S","PS-PAIR-DE-FL","","FAMILY_CLASS_INHERITED","UNQUALIFIED","NOT_TESTED","false"
"PS-MATRIX-01814","PS-MAT-DIEL_EPOXY","PS-MAT-GAS_CAVITY","DE","FL","S","PS-PAIR-DE-FL","","FAMILY_CLASS_INHERITED","UNQUALIFIED","NOT_TESTED","false"
"PS-MATRIX-01815","PS-MAT-DIEL_EPOXY","PS-MAT-GRAPHITE_ANODE","DE","EC","T","PS-PAIR-DE-EC","","FAMILY_CLASS_INHERITED","UNQUALIFIED","NOT_TESTED","false"
"PS-MATRIX-01816","PS-MAT-DIEL_EPOXY","PS-MAT-LFP_CATHODE","DE","EC","T","PS-PAIR-DE-EC","","FAMILY_CLASS_INHERITED","UNQUALIFIED","NOT_TESTED","false"
"PS-MATRIX-01817","PS-MAT-DIEL_EPOXY","PS-MAT-GEL_ELECTROLYTE","DE","EC","T","PS-PAIR-DE-EC","PS-MR-013-AB","ROUTE_SEED_ONLY","UNQUALIFIED","NOT_TESTED","false"
"PS-MATRIX-01818","PS-MAT-DIEL_EPOXY","PS-MAT-CARBON_SUPERCAP","DE","EC","T","PS-PAIR-DE-EC","","FAMILY_CLASS_INHERITED","UNQUALIFIED","NOT_TESTED","false"
"PS-MATRIX-01819","PS-MAT-DIEL_EPOXY","PS-MAT-SILICON_DIE","DE","SC","M","PS-PAIR-DE-SC","","FAMILY_CLASS_INHERITED","UNQUALIFIED","NOT_TESTED","false"
"PS-MATRIX-01820","PS-MAT-DIEL_EPOXY","PS-MAT-CAMERA_MODULE","DE","SC","M","PS-PAIR-DE-SC","","FAMILY_CLASS_INHERITED","UNQUALIFIED","NOT_TESTED","false"
"PS-MATRIX-01821","PS-MAT-DIEL_EPOXY","PS-MAT-LED_PACKAGE","DE","SC","M","PS-PAIR-DE-SC","","FAMILY_CLASS_INHERITED","UNQUALIFIED","NOT_TESTED","false"
"PS-MATRIX-01822","PS-MAT-DIEL_EPOXY","PS-MAT-RF_IC","DE","SC","M","PS-PAIR-DE-SC","","FAMILY_CLASS_INHERITED","UNQUALIFIED","NOT_TESTED","false"
"PS-MATRIX-01823","PS-MAT-DIEL_EPOXY","PS-MAT-LFP_MODULE","DE","BT","M","PS-PAIR-DE-BT","","FAMILY_CLASS_INHERITED","UNQUALIFIED","NOT_TESTED","false"
"PS-MATRIX-01824","PS-MAT-DIEL_EPOXY","PS-MAT-LIION_MODULE","DE","BT","M","PS-PAIR-DE-BT","","FAMILY_CLASS_INHERITED","UNQUALIFIED","NOT_TESTED","false"
"PS-MATRIX-01825","PS-MAT-DIEL_EPOXY","PS-MAT-CAP_BANK","DE","BT","M","PS-PAIR-DE-BT","","FAMILY_CLASS_INHERITED","UNQUALIFIED","NOT_TESTED","false"
"PS-MATRIX-01826","PS-MAT-DIEL_EPOXY","PS-MAT-ALGINATE","DE","BV","T","PS-PAIR-DE-BV","","FAMILY_CLASS_INHERITED","UNQUALIFIED","NOT_TESTED","false"
"PS-MATRIX-01827","PS-MAT-DIEL_EPOXY","PS-MAT-GELATIN","DE","BV","T","PS-PAIR-DE-BV","","FAMILY_CLASS_INHERITED","UNQUALIFIED","NOT_TESTED","false"
"PS-MATRIX-01828","PS-MAT-DIEL_EPOXY","PS-MAT-COLLAGEN","DE","BV","T","PS-PAIR-DE-BV","","FAMILY_CLASS_INHERITED","UNQUALIFIED","NOT_TESTED","false"
"PS-MATRIX-01829","PS-MAT-DIEL_EPOXY","PS-MAT-CELL_INK","DE","BV","T","PS-PAIR-DE-BV","","FAMILY_CLASS_INHERITED","UNQUALIFIED","NOT_TESTED","false"
"PS-MATRIX-01830","PS-MAT-POLYIMIDE","PS-MAT-CU_OFHC","DE","MT","T","PS-PAIR-DE-MT","","FAMILY_CLASS_INHERITED","UNQUALIFIED","NOT_TESTED","false"
"PS-MATRIX-01831","PS-MAT-POLYIMIDE","PS-MAT-AL_6061","DE","MT","T","PS-PAIR-DE-MT","","FAMILY_CLASS_INHERITED","UNQUALIFIED","NOT_TESTED","false"
"PS-MATRIX-01832","PS-MAT-POLYIMIDE","PS-MAT-SS_316L","DE","MT","T","PS-PAIR-DE-MT","","FAMILY_CLASS_INHERITED","UNQUALIFIED","NOT_TESTED","false"
"PS-MATRIX-01833","PS-MAT-POLYIMIDE","PS-MAT-TI_64","DE","MT","T","PS-PAIR-DE-MT","","FAMILY_CLASS_INHERITED","UNQUALIFIED","NOT_TESTED","false"
"PS-MATRIX-01834","PS-MAT-POLYIMIDE","PS-MAT-NI_ALLOY","DE","MT","T","PS-PAIR-DE-MT","","FAMILY_CLASS_INHERITED","UNQUALIFIED","NOT_TESTED","false"
"PS-MATRIX-01835","PS-MAT-POLYIMIDE","PS-MAT-AG_METAL","DE","MT","T","PS-PAIR-DE-MT","","FAMILY_CLASS_INHERITED","UNQUALIFIED","NOT_TESTED","false"
"PS-MATRIX-01836","PS-MAT-POLYIMIDE","PS-MAT-ALUMINA","DE","CR","T","PS-PAIR-DE-CR","","FAMILY_CLASS_INHERITED","UNQUALIFIED","NOT_TESTED","false"
"PS-MATRIX-01837","PS-MAT-POLYIMIDE","PS-MAT-SILICA","DE","CR","T","PS-PAIR-DE-CR","","FAMILY_CLASS_INHERITED","UNQUALIFIED","NOT_TESTED","false"
"PS-MATRIX-01838","PS-MAT-POLYIMIDE","PS-MAT-ZIRCONIA","DE","CR","T","PS-PAIR-DE-CR","","FAMILY_CLASS_INHERITED","UNQUALIFIED","NOT_TESTED","false"
"PS-MATRIX-01839","PS-MAT-POLYIMIDE","PS-MAT-BT_CERAMIC","DE","CR","T","PS-PAIR-DE-CR","","FAMILY_CLASS_INHERITED","UNQUALIFIED","NOT_TESTED","false"
"PS-MATRIX-01840","PS-MAT-POLYIMIDE","PS-MAT-BN_CERAMIC","DE","CR","T","PS-PAIR-DE-CR","","FAMILY_CLASS_INHERITED","UNQUALIFIED","NOT_TESTED","false"
"PS-MATRIX-01841","PS-MAT-POLYIMIDE","PS-MAT-PLA","DE","TP","S","PS-PAIR-DE-TP","","FAMILY_CLASS_INHERITED","UNQUALIFIED","NOT_TESTED","false"
"PS-MATRIX-01842","PS-MAT-POLYIMIDE","PS-MAT-PETG","DE","TP","S","PS-PAIR-DE-TP","","FAMILY_CLASS_INHERITED","UNQUALIFIED","NOT_TESTED","false"
"PS-MATRIX-01843","PS-MAT-POLYIMIDE","PS-MAT-ABS","DE","TP","S","PS-PAIR-DE-TP","","FAMILY_CLASS_INHERITED","UNQUALIFIED","NOT_TESTED","false"
"PS-MATRIX-01844","PS-MAT-POLYIMIDE","PS-MAT-PA12","DE","TP","S","PS-PAIR-DE-TP","","FAMILY_CLASS_INHERITED","UNQUALIFIED","NOT_TESTED","false"
"PS-MATRIX-01845","PS-MAT-POLYIMIDE","PS-MAT-PEEK","DE","TP","S","PS-PAIR-DE-TP","PS-MR-009-BA","ROUTE_SEED_ONLY","UNQUALIFIED","NOT_TESTED","false"
"PS-MATRIX-01846","PS-MAT-POLYIMIDE","PS-MAT-PP","DE","TP","S","PS-PAIR-DE-TP","","FAMILY_CLASS_INHERITED","UNQUALIFIED","NOT_TESTED","false"
"PS-MATRIX-01847","PS-MAT-POLYIMIDE","PS-MAT-ACRYLATE","DE","RS","S","PS-PAIR-DE-RS","","FAMILY_CLASS_INHERITED","UNQUALIFIED","NOT_TESTED","false"
"PS-MATRIX-01848","PS-MAT-POLYIMIDE","PS-MAT-EPOXY","DE","RS","S","PS-PAIR-DE-RS","","FAMILY_CLASS_INHERITED","UNQUALIFIED","NOT_TESTED","false"
"PS-MATRIX-01849","PS-MAT-POLYIMIDE","PS-MAT-SILICONE_RESIN","DE","RS","S","PS-PAIR-DE-RS","","FAMILY_CLASS_INHERITED","UNQUALIFIED","NOT_TESTED","false"
"PS-MATRIX-01850","PS-MAT-POLYIMIDE","PS-MAT-TPU","DE","EL","S","PS-PAIR-DE-EL","","FAMILY_CLASS_INHERITED","UNQUALIFIED","NOT_TESTED","false"
"PS-MATRIX-01851","PS-MAT-POLYIMIDE","PS-MAT-PDMS","DE","EL","S","PS-PAIR-DE-EL","","FAMILY_CLASS_INHERITED","UNQUALIFIED","NOT_TESTED","false"
"PS-MATRIX-01852","PS-MAT-POLYIMIDE","PS-MAT-SILICONE_E","DE","EL","S","PS-PAIR-DE-EL","","FAMILY_CLASS_INHERITED","UNQUALIFIED","NOT_TESTED","false"
"PS-MATRIX-01853","PS-MAT-POLYIMIDE","PS-MAT-HYDROGEL_E","DE","EL","S","PS-PAIR-DE-EL","","FAMILY_CLASS_INHERITED","UNQUALIFIED","NOT_TESTED","false"
"PS-MATRIX-01854","PS-MAT-POLYIMIDE","PS-MAT-AG_INK","DE","CI","S","PS-PAIR-DE-CI","","FAMILY_CLASS_INHERITED","UNQUALIFIED","NOT_TESTED","false"
"PS-MATRIX-01855","PS-MAT-POLYIMIDE","PS-MAT-CU_INK","DE","CI","S","PS-PAIR-DE-CI","","FAMILY_CLASS_INHERITED","UNQUALIFIED","NOT_TESTED","false"
"PS-MATRIX-01856","PS-MAT-POLYIMIDE","PS-MAT-CARBON_INK","DE","CI","S","PS-PAIR-DE-CI","","FAMILY_CLASS_INHERITED","UNQUALIFIED","NOT_TESTED","false"
"PS-MATRIX-01857","PS-MAT-POLYIMIDE","PS-MAT-GRAPHENE_INK","DE","CI","S","PS-PAIR-DE-CI","","FAMILY_CLASS_INHERITED","UNQUALIFIED","NOT_TESTED","false"
"PS-MATRIX-01858","PS-MAT-POLYIMIDE","PS-MAT-PEDOT_PSS","DE","CI","S","PS-PAIR-DE-CI","","FAMILY_CLASS_INHERITED","UNQUALIFIED","NOT_TESTED","false"
"PS-MATRIX-01859","PS-MAT-POLYIMIDE","PS-MAT-DIEL_UV","DE","DE","P","PS-PAIR-DE-DE","","FAMILY_CLASS_INHERITED","UNQUALIFIED","NOT_TESTED","false"
"PS-MATRIX-01860","PS-MAT-POLYIMIDE","PS-MAT-DIEL_EPOXY","DE","DE","P","PS-PAIR-DE-DE","","FAMILY_CLASS_INHERITED","UNQUALIFIED","NOT_TESTED","false"
"PS-MATRIX-01861","PS-MAT-POLYIMIDE","PS-MAT-POLYIMIDE","DE","DE","P","PS-PAIR-DE-DE","","FAMILY_CLASS_INHERITED","UNQUALIFIED","NOT_TESTED","false"
"PS-MATRIX-01862","PS-MAT-POLYIMIDE","PS-MAT-PARylene","DE","DE","P","PS-PAIR-DE-DE","","FAMILY_CLASS_INHERITED","UNQUALIFIED","NOT_TESTED","false"
"PS-MATRIX-01863","PS-MAT-POLYIMIDE","PS-MAT-FERRITE_PASTE","DE","MG","S","PS-PAIR-DE-MG","","FAMILY_CLASS_INHERITED","UNQUALIFIED","NOT_TESTED","false"
"PS-MATRIX-01864","PS-MAT-POLYIMIDE","PS-MAT-NDFEB_BONDED","DE","MG","S","PS-PAIR-DE-MG","","FAMILY_CLASS_INHERITED","UNQUALIFIED","NOT_TESTED","false"
"PS-MATRIX-01865","PS-MAT-POLYIMIDE","PS-MAT-IRON_COMPOSITE","DE","MG","S","PS-PAIR-DE-MG","","FAMILY_CLASS_INHERITED","UNQUALIFIED","NOT_TESTED","false"
"PS-MATRIX-01866","PS-MAT-POLYIMIDE","PS-MAT-OPTICAL_RESIN","DE","OP","S","PS-PAIR-DE-OP","","FAMILY_CLASS_INHERITED","UNQUALIFIED","NOT_TESTED","false"
"PS-MATRIX-01867","PS-MAT-POLYIMIDE","PS-MAT-PMMA","DE","OP","S","PS-PAIR-DE-OP","","FAMILY_CLASS_INHERITED","UNQUALIFIED","NOT_TESTED","false"
"PS-MATRIX-01868","PS-MAT-POLYIMIDE","PS-MAT-FUSED_SILICA","DE","OP","S","PS-PAIR-DE-OP","","FAMILY_CLASS_INHERITED","UNQUALIFIED","NOT_TESTED","false"
"PS-MATRIX-01869","PS-MAT-POLYIMIDE","PS-MAT-PHOSPHOR_FILM","DE","OP","S","PS-PAIR-DE-OP","","FAMILY_CLASS_INHERITED","UNQUALIFIED","NOT_TESTED","false"
"PS-MATRIX-01870","PS-MAT-POLYIMIDE","PS-MAT-PVA_SUPPORT","DE","FL","S","PS-PAIR-DE-FL","","FAMILY_CLASS_INHERITED","UNQUALIFIED","NOT_TESTED","false"
"PS-MATRIX-01871","PS-MAT-POLYIMIDE","PS-MAT-WAX_SUPPORT","DE","FL","S","PS-PAIR-DE-FL","","FAMILY_CLASS_INHERITED","UNQUALIFIED","NOT_TESTED","false"
"PS-MATRIX-01872","PS-MAT-POLYIMIDE","PS-MAT-MICROGEL","DE","FL","S","PS-PAIR-DE-FL","","FAMILY_CLASS_INHERITED","UNQUALIFIED","NOT_TESTED","false"
"PS-MATRIX-01873","PS-MAT-POLYIMIDE","PS-MAT-GAS_CAVITY","DE","FL","S","PS-PAIR-DE-FL","","FAMILY_CLASS_INHERITED","UNQUALIFIED","NOT_TESTED","false"
"PS-MATRIX-01874","PS-MAT-POLYIMIDE","PS-MAT-GRAPHITE_ANODE","DE","EC","T","PS-PAIR-DE-EC","","FAMILY_CLASS_INHERITED","UNQUALIFIED","NOT_TESTED","false"
"PS-MATRIX-01875","PS-MAT-POLYIMIDE","PS-MAT-LFP_CATHODE","DE","EC","T","PS-PAIR-DE-EC","","FAMILY_CLASS_INHERITED","UNQUALIFIED","NOT_TESTED","false"
"PS-MATRIX-01876","PS-MAT-POLYIMIDE","PS-MAT-GEL_ELECTROLYTE","DE","EC","T","PS-PAIR-DE-EC","","FAMILY_CLASS_INHERITED","UNQUALIFIED","NOT_TESTED","false"
"PS-MATRIX-01877","PS-MAT-POLYIMIDE","PS-MAT-CARBON_SUPERCAP","DE","EC","T","PS-PAIR-DE-EC","","FAMILY_CLASS_INHERITED","UNQUALIFIED","NOT_TESTED","false"
"PS-MATRIX-01878","PS-MAT-POLYIMIDE","PS-MAT-SILICON_DIE","DE","SC","M","PS-PAIR-DE-SC","","FAMILY_CLASS_INHERITED","UNQUALIFIED","NOT_TESTED","false"
"PS-MATRIX-01879","PS-MAT-POLYIMIDE","PS-MAT-CAMERA_MODULE","DE","SC","M","PS-PAIR-DE-SC","","FAMILY_CLASS_INHERITED","UNQUALIFIED","NOT_TESTED","false"
"PS-MATRIX-01880","PS-MAT-POLYIMIDE","PS-MAT-LED_PACKAGE","DE","SC","M","PS-PAIR-DE-SC","","FAMILY_CLASS_INHERITED","UNQUALIFIED","NOT_TESTED","false"
"PS-MATRIX-01881","PS-MAT-POLYIMIDE","PS-MAT-RF_IC","DE","SC","M","PS-PAIR-DE-SC","","FAMILY_CLASS_INHERITED","UNQUALIFIED","NOT_TESTED","false"
"PS-MATRIX-01882","PS-MAT-POLYIMIDE","PS-MAT-LFP_MODULE","DE","BT","M","PS-PAIR-DE-BT","","FAMILY_CLASS_INHERITED","UNQUALIFIED","NOT_TESTED","false"
"PS-MATRIX-01883","PS-MAT-POLYIMIDE","PS-MAT-LIION_MODULE","DE","BT","M","PS-PAIR-DE-BT","","FAMILY_CLASS_INHERITED","UNQUALIFIED","NOT_TESTED","false"
"PS-MATRIX-01884","PS-MAT-POLYIMIDE","PS-MAT-CAP_BANK","DE","BT","M","PS-PAIR-DE-BT","","FAMILY_CLASS_INHERITED","UNQUALIFIED","NOT_TESTED","false"
"PS-MATRIX-01885","PS-MAT-POLYIMIDE","PS-MAT-ALGINATE","DE","BV","T","PS-PAIR-DE-BV","","FAMILY_CLASS_INHERITED","UNQUALIFIED","NOT_TESTED","false"
"PS-MATRIX-01886","PS-MAT-POLYIMIDE","PS-MAT-GELATIN","DE","BV","T","PS-PAIR-DE-BV","","FAMILY_CLASS_INHERITED","UNQUALIFIED","NOT_TESTED","false"
"PS-MATRIX-01887","PS-MAT-POLYIMIDE","PS-MAT-COLLAGEN","DE","BV","T","PS-PAIR-DE-BV","","FAMILY_CLASS_INHERITED","UNQUALIFIED","NOT_TESTED","false"
"PS-MATRIX-01888","PS-MAT-POLYIMIDE","PS-MAT-CELL_INK","DE","BV","T","PS-PAIR-DE-BV","","FAMILY_CLASS_INHERITED","UNQUALIFIED","NOT_TESTED","false"
"PS-MATRIX-01889","PS-MAT-PARylene","PS-MAT-CU_OFHC","DE","MT","T","PS-PAIR-DE-MT","","FAMILY_CLASS_INHERITED","UNQUALIFIED","NOT_TESTED","false"
"PS-MATRIX-01890","PS-MAT-PARylene","PS-MAT-AL_6061","DE","MT","T","PS-PAIR-DE-MT","","FAMILY_CLASS_INHERITED","UNQUALIFIED","NOT_TESTED","false"
"PS-MATRIX-01891","PS-MAT-PARylene","PS-MAT-SS_316L","DE","MT","T","PS-PAIR-DE-MT","PS-MR-032-BA","ROUTE_SEED_ONLY","UNQUALIFIED","NOT_TESTED","false"
"PS-MATRIX-01892","PS-MAT-PARylene","PS-MAT-TI_64","DE","MT","T","PS-PAIR-DE-MT","","FAMILY_CLASS_INHERITED","UNQUALIFIED","NOT_TESTED","false"
"PS-MATRIX-01893","PS-MAT-PARylene","PS-MAT-NI_ALLOY","DE","MT","T","PS-PAIR-DE-MT","","FAMILY_CLASS_INHERITED","UNQUALIFIED","NOT_TESTED","false"
"PS-MATRIX-01894","PS-MAT-PARylene","PS-MAT-AG_METAL","DE","MT","T","PS-PAIR-DE-MT","","FAMILY_CLASS_INHERITED","UNQUALIFIED","NOT_TESTED","false"
"PS-MATRIX-01895","PS-MAT-PARylene","PS-MAT-ALUMINA","DE","CR","T","PS-PAIR-DE-CR","","FAMILY_CLASS_INHERITED","UNQUALIFIED","NOT_TESTED","false"
"PS-MATRIX-01896","PS-MAT-PARylene","PS-MAT-SILICA","DE","CR","T","PS-PAIR-DE-CR","","FAMILY_CLASS_INHERITED","UNQUALIFIED","NOT_TESTED","false"
"PS-MATRIX-01897","PS-MAT-PARylene","PS-MAT-ZIRCONIA","DE","CR","T","PS-PAIR-DE-CR","","FAMILY_CLASS_INHERITED","UNQUALIFIED","NOT_TESTED","false"
"PS-MATRIX-01898","PS-MAT-PARylene","PS-MAT-BT_CERAMIC","DE","CR","T","PS-PAIR-DE-CR","","FAMILY_CLASS_INHERITED","UNQUALIFIED","NOT_TESTED","false"
"PS-MATRIX-01899","PS-MAT-PARylene","PS-MAT-BN_CERAMIC","DE","CR","T","PS-PAIR-DE-CR","","FAMILY_CLASS_INHERITED","UNQUALIFIED","NOT_TESTED","false"
"PS-MATRIX-01900","PS-MAT-PARylene","PS-MAT-PLA","DE","TP","S","PS-PAIR-DE-TP","","FAMILY_CLASS_INHERITED","UNQUALIFIED","NOT_TESTED","false"
"PS-MATRIX-01901","PS-MAT-PARylene","PS-MAT-PETG","DE","TP","S","PS-PAIR-DE-TP","","FAMILY_CLASS_INHERITED","UNQUALIFIED","NOT_TESTED","false"
"PS-MATRIX-01902","PS-MAT-PARylene","PS-MAT-ABS","DE","TP","S","PS-PAIR-DE-TP","","FAMILY_CLASS_INHERITED","UNQUALIFIED","NOT_TESTED","false"
"PS-MATRIX-01903","PS-MAT-PARylene","PS-MAT-PA12","DE","TP","S","PS-PAIR-DE-TP","","FAMILY_CLASS_INHERITED","UNQUALIFIED","NOT_TESTED","false"
"PS-MATRIX-01904","PS-MAT-PARylene","PS-MAT-PEEK","DE","TP","S","PS-PAIR-DE-TP","","FAMILY_CLASS_INHERITED","UNQUALIFIED","NOT_TESTED","false"
"PS-MATRIX-01905","PS-MAT-PARylene","PS-MAT-PP","DE","TP","S","PS-PAIR-DE-TP","","FAMILY_CLASS_INHERITED","UNQUALIFIED","NOT_TESTED","false"
"PS-MATRIX-01906","PS-MAT-PARylene","PS-MAT-ACRYLATE","DE","RS","S","PS-PAIR-DE-RS","","FAMILY_CLASS_INHERITED","UNQUALIFIED","NOT_TESTED","false"
"PS-MATRIX-01907","PS-MAT-PARylene","PS-MAT-EPOXY","DE","RS","S","PS-PAIR-DE-RS","","FAMILY_CLASS_INHERITED","UNQUALIFIED","NOT_TESTED","false"
"PS-MATRIX-01908","PS-MAT-PARylene","PS-MAT-SILICONE_RESIN","DE","RS","S","PS-PAIR-DE-RS","","FAMILY_CLASS_INHERITED","UNQUALIFIED","NOT_TESTED","false"
"PS-MATRIX-01909","PS-MAT-PARylene","PS-MAT-TPU","DE","EL","S","PS-PAIR-DE-EL","","FAMILY_CLASS_INHERITED","UNQUALIFIED","NOT_TESTED","false"
"PS-MATRIX-01910","PS-MAT-PARylene","PS-MAT-PDMS","DE","EL","S","PS-PAIR-DE-EL","","FAMILY_CLASS_INHERITED","UNQUALIFIED","NOT_TESTED","false"
"PS-MATRIX-01911","PS-MAT-PARylene","PS-MAT-SILICONE_E","DE","EL","S","PS-PAIR-DE-EL","","FAMILY_CLASS_INHERITED","UNQUALIFIED","NOT_TESTED","false"
"PS-MATRIX-01912","PS-MAT-PARylene","PS-MAT-HYDROGEL_E","DE","EL","S","PS-PAIR-DE-EL","","FAMILY_CLASS_INHERITED","UNQUALIFIED","NOT_TESTED","false"
"PS-MATRIX-01913","PS-MAT-PARylene","PS-MAT-AG_INK","DE","CI","S","PS-PAIR-DE-CI","","FAMILY_CLASS_INHERITED","UNQUALIFIED","NOT_TESTED","false"
"PS-MATRIX-01914","PS-MAT-PARylene","PS-MAT-CU_INK","DE","CI","S","PS-PAIR-DE-CI","","FAMILY_CLASS_INHERITED","UNQUALIFIED","NOT_TESTED","false"
"PS-MATRIX-01915","PS-MAT-PARylene","PS-MAT-CARBON_INK","DE","CI","S","PS-PAIR-DE-CI","","FAMILY_CLASS_INHERITED","UNQUALIFIED","NOT_TESTED","false"
"PS-MATRIX-01916","PS-MAT-PARylene","PS-MAT-GRAPHENE_INK","DE","CI","S","PS-PAIR-DE-CI","","FAMILY_CLASS_INHERITED","UNQUALIFIED","NOT_TESTED","false"
"PS-MATRIX-01917","PS-MAT-PARylene","PS-MAT-PEDOT_PSS","DE","CI","S","PS-PAIR-DE-CI","","FAMILY_CLASS_INHERITED","UNQUALIFIED","NOT_TESTED","false"
"PS-MATRIX-01918","PS-MAT-PARylene","PS-MAT-DIEL_UV","DE","DE","P","PS-PAIR-DE-DE","","FAMILY_CLASS_INHERITED","UNQUALIFIED","NOT_TESTED","false"
"PS-MATRIX-01919","PS-MAT-PARylene","PS-MAT-DIEL_EPOXY","DE","DE","P","PS-PAIR-DE-DE","","FAMILY_CLASS_INHERITED","UNQUALIFIED","NOT_TESTED","false"
"PS-MATRIX-01920","PS-MAT-PARylene","PS-MAT-POLYIMIDE","DE","DE","P","PS-PAIR-DE-DE","","FAMILY_CLASS_INHERITED","UNQUALIFIED","NOT_TESTED","false"
"PS-MATRIX-01921","PS-MAT-PARylene","PS-MAT-PARylene","DE","DE","P","PS-PAIR-DE-DE","","FAMILY_CLASS_INHERITED","UNQUALIFIED","NOT_TESTED","false"
"PS-MATRIX-01922","PS-MAT-PARylene","PS-MAT-FERRITE_PASTE","DE","MG","S","PS-PAIR-DE-MG","","FAMILY_CLASS_INHERITED","UNQUALIFIED","NOT_TESTED","false"
"PS-MATRIX-01923","PS-MAT-PARylene","PS-MAT-NDFEB_BONDED","DE","MG","S","PS-PAIR-DE-MG","","FAMILY_CLASS_INHERITED","UNQUALIFIED","NOT_TESTED","false"
"PS-MATRIX-01924","PS-MAT-PARylene","PS-MAT-IRON_COMPOSITE","DE","MG","S","PS-PAIR-DE-MG","","FAMILY_CLASS_INHERITED","UNQUALIFIED","NOT_TESTED","false"
"PS-MATRIX-01925","PS-MAT-PARylene","PS-MAT-OPTICAL_RESIN","DE","OP","S","PS-PAIR-DE-OP","","FAMILY_CLASS_INHERITED","UNQUALIFIED","NOT_TESTED","false"
"PS-MATRIX-01926","PS-MAT-PARylene","PS-MAT-PMMA","DE","OP","S","PS-PAIR-DE-OP","","FAMILY_CLASS_INHERITED","UNQUALIFIED","NOT_TESTED","false"
"PS-MATRIX-01927","PS-MAT-PARylene","PS-MAT-FUSED_SILICA","DE","OP","S","PS-PAIR-DE-OP","","FAMILY_CLASS_INHERITED","UNQUALIFIED","NOT_TESTED","false"
"PS-MATRIX-01928","PS-MAT-PARylene","PS-MAT-PHOSPHOR_FILM","DE","OP","S","PS-PAIR-DE-OP","","FAMILY_CLASS_INHERITED","UNQUALIFIED","NOT_TESTED","false"
"PS-MATRIX-01929","PS-MAT-PARylene","PS-MAT-PVA_SUPPORT","DE","FL","S","PS-PAIR-DE-FL","","FAMILY_CLASS_INHERITED","UNQUALIFIED","NOT_TESTED","false"
"PS-MATRIX-01930","PS-MAT-PARylene","PS-MAT-WAX_SUPPORT","DE","FL","S","PS-PAIR-DE-FL","","FAMILY_CLASS_INHERITED","UNQUALIFIED","NOT_TESTED","false"
"PS-MATRIX-01931","PS-MAT-PARylene","PS-MAT-MICROGEL","DE","FL","S","PS-PAIR-DE-FL","","FAMILY_CLASS_INHERITED","UNQUALIFIED","NOT_TESTED","false"
"PS-MATRIX-01932","PS-MAT-PARylene","PS-MAT-GAS_CAVITY","DE","FL","S","PS-PAIR-DE-FL","","FAMILY_CLASS_INHERITED","UNQUALIFIED","NOT_TESTED","false"
"PS-MATRIX-01933","PS-MAT-PARylene","PS-MAT-GRAPHITE_ANODE","DE","EC","T","PS-PAIR-DE-EC","","FAMILY_CLASS_INHERITED","UNQUALIFIED","NOT_TESTED","false"
"PS-MATRIX-01934","PS-MAT-PARylene","PS-MAT-LFP_CATHODE","DE","EC","T","PS-PAIR-DE-EC","","FAMILY_CLASS_INHERITED","UNQUALIFIED","NOT_TESTED","false"
"PS-MATRIX-01935","PS-MAT-PARylene","PS-MAT-GEL_ELECTROLYTE","DE","EC","T","PS-PAIR-DE-EC","","FAMILY_CLASS_INHERITED","UNQUALIFIED","NOT_TESTED","false"
"PS-MATRIX-01936","PS-MAT-PARylene","PS-MAT-CARBON_SUPERCAP","DE","EC","T","PS-PAIR-DE-EC","","FAMILY_CLASS_INHERITED","UNQUALIFIED","NOT_TESTED","false"
"PS-MATRIX-01937","PS-MAT-PARylene","PS-MAT-SILICON_DIE","DE","SC","M","PS-PAIR-DE-SC","","FAMILY_CLASS_INHERITED","UNQUALIFIED","NOT_TESTED","false"
"PS-MATRIX-01938","PS-MAT-PARylene","PS-MAT-CAMERA_MODULE","DE","SC","M","PS-PAIR-DE-SC","","FAMILY_CLASS_INHERITED","UNQUALIFIED","NOT_TESTED","false"
"PS-MATRIX-01939","PS-MAT-PARylene","PS-MAT-LED_PACKAGE","DE","SC","M","PS-PAIR-DE-SC","","FAMILY_CLASS_INHERITED","UNQUALIFIED","NOT_TESTED","false"
"PS-MATRIX-01940","PS-MAT-PARylene","PS-MAT-RF_IC","DE","SC","M","PS-PAIR-DE-SC","","FAMILY_CLASS_INHERITED","UNQUALIFIED","NOT_TESTED","false"
"PS-MATRIX-01941","PS-MAT-PARylene","PS-MAT-LFP_MODULE","DE","BT","M","PS-PAIR-DE-BT","","FAMILY_CLASS_INHERITED","UNQUALIFIED","NOT_TESTED","false"
"PS-MATRIX-01942","PS-MAT-PARylene","PS-MAT-LIION_MODULE","DE","BT","M","PS-PAIR-DE-BT","","FAMILY_CLASS_INHERITED","UNQUALIFIED","NOT_TESTED","false"
"PS-MATRIX-01943","PS-MAT-PARylene","PS-MAT-CAP_BANK","DE","BT","M","PS-PAIR-DE-BT","","FAMILY_CLASS_INHERITED","UNQUALIFIED","NOT_TESTED","false"
"PS-MATRIX-01944","PS-MAT-PARylene","PS-MAT-ALGINATE","DE","BV","T","PS-PAIR-DE-BV","","FAMILY_CLASS_INHERITED","UNQUALIFIED","NOT_TESTED","false"
"PS-MATRIX-01945","PS-MAT-PARylene","PS-MAT-GELATIN","DE","BV","T","PS-PAIR-DE-BV","","FAMILY_CLASS_INHERITED","UNQUALIFIED","NOT_TESTED","false"
"PS-MATRIX-01946","PS-MAT-PARylene","PS-MAT-COLLAGEN","DE","BV","T","PS-PAIR-DE-BV","","FAMILY_CLASS_INHERITED","UNQUALIFIED","NOT_TESTED","false"
"PS-MATRIX-01947","PS-MAT-PARylene","PS-MAT-CELL_INK","DE","BV","T","PS-PAIR-DE-BV","","FAMILY_CLASS_INHERITED","UNQUALIFIED","NOT_TESTED","false"
"PS-MATRIX-01948","PS-MAT-FERRITE_PASTE","PS-MAT-CU_OFHC","MG","MT","T","PS-PAIR-MG-MT","","FAMILY_CLASS_INHERITED","UNQUALIFIED","NOT_TESTED","false"
"PS-MATRIX-01949","PS-MAT-FERRITE_PASTE","PS-MAT-AL_6061","MG","MT","T","PS-PAIR-MG-MT","","FAMILY_CLASS_INHERITED","UNQUALIFIED","NOT_TESTED","false"
"PS-MATRIX-01950","PS-MAT-FERRITE_PASTE","PS-MAT-SS_316L","MG","MT","T","PS-PAIR-MG-MT","","FAMILY_CLASS_INHERITED","UNQUALIFIED","NOT_TESTED","false"
"PS-MATRIX-01951","PS-MAT-FERRITE_PASTE","PS-MAT-TI_64","MG","MT","T","PS-PAIR-MG-MT","","FAMILY_CLASS_INHERITED","UNQUALIFIED","NOT_TESTED","false"
"PS-MATRIX-01952","PS-MAT-FERRITE_PASTE","PS-MAT-NI_ALLOY","MG","MT","T","PS-PAIR-MG-MT","","FAMILY_CLASS_INHERITED","UNQUALIFIED","NOT_TESTED","false"
"PS-MATRIX-01953","PS-MAT-FERRITE_PASTE","PS-MAT-AG_METAL","MG","MT","T","PS-PAIR-MG-MT","","FAMILY_CLASS_INHERITED","UNQUALIFIED","NOT_TESTED","false"
"PS-MATRIX-01954","PS-MAT-FERRITE_PASTE","PS-MAT-ALUMINA","MG","CR","T","PS-PAIR-MG-CR","","FAMILY_CLASS_INHERITED","UNQUALIFIED","NOT_TESTED","false"
"PS-MATRIX-01955","PS-MAT-FERRITE_PASTE","PS-MAT-SILICA","MG","CR","T","PS-PAIR-MG-CR","","FAMILY_CLASS_INHERITED","UNQUALIFIED","NOT_TESTED","false"
"PS-MATRIX-01956","PS-MAT-FERRITE_PASTE","PS-MAT-ZIRCONIA","MG","CR","T","PS-PAIR-MG-CR","","FAMILY_CLASS_INHERITED","UNQUALIFIED","NOT_TESTED","false"
"PS-MATRIX-01957","PS-MAT-FERRITE_PASTE","PS-MAT-BT_CERAMIC","MG","CR","T","PS-PAIR-MG-CR","","FAMILY_CLASS_INHERITED","UNQUALIFIED","NOT_TESTED","false"
"PS-MATRIX-01958","PS-MAT-FERRITE_PASTE","PS-MAT-BN_CERAMIC","MG","CR","T","PS-PAIR-MG-CR","","FAMILY_CLASS_INHERITED","UNQUALIFIED","NOT_TESTED","false"
"PS-MATRIX-01959","PS-MAT-FERRITE_PASTE","PS-MAT-PLA","MG","TP","S","PS-PAIR-MG-TP","","FAMILY_CLASS_INHERITED","UNQUALIFIED","NOT_TESTED","false"
"PS-MATRIX-01960","PS-MAT-FERRITE_PASTE","PS-MAT-PETG","MG","TP","S","PS-PAIR-MG-TP","","FAMILY_CLASS_INHERITED","UNQUALIFIED","NOT_TESTED","false"
"PS-MATRIX-01961","PS-MAT-FERRITE_PASTE","PS-MAT-ABS","MG","TP","S","PS-PAIR-MG-TP","","FAMILY_CLASS_INHERITED","UNQUALIFIED","NOT_TESTED","false"
"PS-MATRIX-01962","PS-MAT-FERRITE_PASTE","PS-MAT-PA12","MG","TP","S","PS-PAIR-MG-TP","","FAMILY_CLASS_INHERITED","UNQUALIFIED","NOT_TESTED","false"
"PS-MATRIX-01963","PS-MAT-FERRITE_PASTE","PS-MAT-PEEK","MG","TP","S","PS-PAIR-MG-TP","","FAMILY_CLASS_INHERITED","UNQUALIFIED","NOT_TESTED","false"
"PS-MATRIX-01964","PS-MAT-FERRITE_PASTE","PS-MAT-PP","MG","TP","S","PS-PAIR-MG-TP","","FAMILY_CLASS_INHERITED","UNQUALIFIED","NOT_TESTED","false"
"PS-MATRIX-01965","PS-MAT-FERRITE_PASTE","PS-MAT-ACRYLATE","MG","RS","S","PS-PAIR-MG-RS","","FAMILY_CLASS_INHERITED","UNQUALIFIED","NOT_TESTED","false"
"PS-MATRIX-01966","PS-MAT-FERRITE_PASTE","PS-MAT-EPOXY","MG","RS","S","PS-PAIR-MG-RS","","FAMILY_CLASS_INHERITED","UNQUALIFIED","NOT_TESTED","false"
"PS-MATRIX-01967","PS-MAT-FERRITE_PASTE","PS-MAT-SILICONE_RESIN","MG","RS","S","PS-PAIR-MG-RS","","FAMILY_CLASS_INHERITED","UNQUALIFIED","NOT_TESTED","false"
"PS-MATRIX-01968","PS-MAT-FERRITE_PASTE","PS-MAT-TPU","MG","EL","S","PS-PAIR-MG-EL","PS-MR-011-BA","ROUTE_SEED_ONLY","UNQUALIFIED","NOT_TESTED","false"
"PS-MATRIX-01969","PS-MAT-FERRITE_PASTE","PS-MAT-PDMS","MG","EL","S","PS-PAIR-MG-EL","","FAMILY_CLASS_INHERITED","UNQUALIFIED","NOT_TESTED","false"
"PS-MATRIX-01970","PS-MAT-FERRITE_PASTE","PS-MAT-SILICONE_E","MG","EL","S","PS-PAIR-MG-EL","","FAMILY_CLASS_INHERITED","UNQUALIFIED","NOT_TESTED","false"
"PS-MATRIX-01971","PS-MAT-FERRITE_PASTE","PS-MAT-HYDROGEL_E","MG","EL","S","PS-PAIR-MG-EL","","FAMILY_CLASS_INHERITED","UNQUALIFIED","NOT_TESTED","false"
"PS-MATRIX-01972","PS-MAT-FERRITE_PASTE","PS-MAT-AG_INK","MG","CI","S","PS-PAIR-MG-CI","PS-MR-030-AB","ROUTE_SEED_ONLY","UNQUALIFIED","NOT_TESTED","false"
"PS-MATRIX-01973","PS-MAT-FERRITE_PASTE","PS-MAT-CU_INK","MG","CI","S","PS-PAIR-MG-CI","","FAMILY_CLASS_INHERITED","UNQUALIFIED","NOT_TESTED","false"
"PS-MATRIX-01974","PS-MAT-FERRITE_PASTE","PS-MAT-CARBON_INK","MG","CI","S","PS-PAIR-MG-CI","","FAMILY_CLASS_INHERITED","UNQUALIFIED","NOT_TESTED","false"
"PS-MATRIX-01975","PS-MAT-FERRITE_PASTE","PS-MAT-GRAPHENE_INK","MG","CI","S","PS-PAIR-MG-CI","","FAMILY_CLASS_INHERITED","UNQUALIFIED","NOT_TESTED","false"
"PS-MATRIX-01976","PS-MAT-FERRITE_PASTE","PS-MAT-PEDOT_PSS","MG","CI","S","PS-PAIR-MG-CI","","FAMILY_CLASS_INHERITED","UNQUALIFIED","NOT_TESTED","false"
"PS-MATRIX-01977","PS-MAT-FERRITE_PASTE","PS-MAT-DIEL_UV","MG","DE","S","PS-PAIR-MG-DE","","FAMILY_CLASS_INHERITED","UNQUALIFIED","NOT_TESTED","false"
"PS-MATRIX-01978","PS-MAT-FERRITE_PASTE","PS-MAT-DIEL_EPOXY","MG","DE","S","PS-PAIR-MG-DE","","FAMILY_CLASS_INHERITED","UNQUALIFIED","NOT_TESTED","false"
"PS-MATRIX-01979","PS-MAT-FERRITE_PASTE","PS-MAT-POLYIMIDE","MG","DE","S","PS-PAIR-MG-DE","","FAMILY_CLASS_INHERITED","UNQUALIFIED","NOT_TESTED","false"
"PS-MATRIX-01980","PS-MAT-FERRITE_PASTE","PS-MAT-PARylene","MG","DE","S","PS-PAIR-MG-DE","","FAMILY_CLASS_INHERITED","UNQUALIFIED","NOT_TESTED","false"
"PS-MATRIX-01981","PS-MAT-FERRITE_PASTE","PS-MAT-FERRITE_PASTE","MG","MG","P","PS-PAIR-MG-MG","","FAMILY_CLASS_INHERITED","UNQUALIFIED","NOT_TESTED","false"
"PS-MATRIX-01982","PS-MAT-FERRITE_PASTE","PS-MAT-NDFEB_BONDED","MG","MG","P","PS-PAIR-MG-MG","","FAMILY_CLASS_INHERITED","UNQUALIFIED","NOT_TESTED","false"
"PS-MATRIX-01983","PS-MAT-FERRITE_PASTE","PS-MAT-IRON_COMPOSITE","MG","MG","P","PS-PAIR-MG-MG","","FAMILY_CLASS_INHERITED","UNQUALIFIED","NOT_TESTED","false"
"PS-MATRIX-01984","PS-MAT-FERRITE_PASTE","PS-MAT-OPTICAL_RESIN","MG","OP","T","PS-PAIR-MG-OP","","FAMILY_CLASS_INHERITED","UNQUALIFIED","NOT_TESTED","false"
"PS-MATRIX-01985","PS-MAT-FERRITE_PASTE","PS-MAT-PMMA","MG","OP","T","PS-PAIR-MG-OP","","FAMILY_CLASS_INHERITED","UNQUALIFIED","NOT_TESTED","false"
"PS-MATRIX-01986","PS-MAT-FERRITE_PASTE","PS-MAT-FUSED_SILICA","MG","OP","T","PS-PAIR-MG-OP","","FAMILY_CLASS_INHERITED","UNQUALIFIED","NOT_TESTED","false"
"PS-MATRIX-01987","PS-MAT-FERRITE_PASTE","PS-MAT-PHOSPHOR_FILM","MG","OP","T","PS-PAIR-MG-OP","","FAMILY_CLASS_INHERITED","UNQUALIFIED","NOT_TESTED","false"
"PS-MATRIX-01988","PS-MAT-FERRITE_PASTE","PS-MAT-PVA_SUPPORT","MG","FL","S","PS-PAIR-MG-FL","","FAMILY_CLASS_INHERITED","UNQUALIFIED","NOT_TESTED","false"
"PS-MATRIX-01989","PS-MAT-FERRITE_PASTE","PS-MAT-WAX_SUPPORT","MG","FL","S","PS-PAIR-MG-FL","","FAMILY_CLASS_INHERITED","UNQUALIFIED","NOT_TESTED","false"
"PS-MATRIX-01990","PS-MAT-FERRITE_PASTE","PS-MAT-MICROGEL","MG","FL","S","PS-PAIR-MG-FL","","FAMILY_CLASS_INHERITED","UNQUALIFIED","NOT_TESTED","false"
"PS-MATRIX-01991","PS-MAT-FERRITE_PASTE","PS-MAT-GAS_CAVITY","MG","FL","S","PS-PAIR-MG-FL","","FAMILY_CLASS_INHERITED","UNQUALIFIED","NOT_TESTED","false"
"PS-MATRIX-01992","PS-MAT-FERRITE_PASTE","PS-MAT-GRAPHITE_ANODE","MG","EC","T","PS-PAIR-MG-EC","","FAMILY_CLASS_INHERITED","UNQUALIFIED","NOT_TESTED","false"
"PS-MATRIX-01993","PS-MAT-FERRITE_PASTE","PS-MAT-LFP_CATHODE","MG","EC","T","PS-PAIR-MG-EC","","FAMILY_CLASS_INHERITED","UNQUALIFIED","NOT_TESTED","false"
"PS-MATRIX-01994","PS-MAT-FERRITE_PASTE","PS-MAT-GEL_ELECTROLYTE","MG","EC","T","PS-PAIR-MG-EC","","FAMILY_CLASS_INHERITED","UNQUALIFIED","NOT_TESTED","false"
"PS-MATRIX-01995","PS-MAT-FERRITE_PASTE","PS-MAT-CARBON_SUPERCAP","MG","EC","T","PS-PAIR-MG-EC","","FAMILY_CLASS_INHERITED","UNQUALIFIED","NOT_TESTED","false"
"PS-MATRIX-01996","PS-MAT-FERRITE_PASTE","PS-MAT-SILICON_DIE","MG","SC","M","PS-PAIR-MG-SC","","FAMILY_CLASS_INHERITED","UNQUALIFIED","NOT_TESTED","false"
"PS-MATRIX-01997","PS-MAT-FERRITE_PASTE","PS-MAT-CAMERA_MODULE","MG","SC","M","PS-PAIR-MG-SC","","FAMILY_CLASS_INHERITED","UNQUALIFIED","NOT_TESTED","false"
"PS-MATRIX-01998","PS-MAT-FERRITE_PASTE","PS-MAT-LED_PACKAGE","MG","SC","M","PS-PAIR-MG-SC","","FAMILY_CLASS_INHERITED","UNQUALIFIED","NOT_TESTED","false"
"PS-MATRIX-01999","PS-MAT-FERRITE_PASTE","PS-MAT-RF_IC","MG","SC","M","PS-PAIR-MG-SC","","FAMILY_CLASS_INHERITED","UNQUALIFIED","NOT_TESTED","false"
"PS-MATRIX-02000","PS-MAT-FERRITE_PASTE","PS-MAT-LFP_MODULE","MG","BT","M","PS-PAIR-MG-BT","","FAMILY_CLASS_INHERITED","UNQUALIFIED","NOT_TESTED","false"
"PS-MATRIX-02001","PS-MAT-FERRITE_PASTE","PS-MAT-LIION_MODULE","MG","BT","M","PS-PAIR-MG-BT","","FAMILY_CLASS_INHERITED","UNQUALIFIED","NOT_TESTED","false"
"PS-MATRIX-02002","PS-MAT-FERRITE_PASTE","PS-MAT-CAP_BANK","MG","BT","M","PS-PAIR-MG-BT","","FAMILY_CLASS_INHERITED","UNQUALIFIED","NOT_TESTED","false"
"PS-MATRIX-02003","PS-MAT-FERRITE_PASTE","PS-MAT-ALGINATE","MG","BV","T","PS-PAIR-MG-BV","","FAMILY_CLASS_INHERITED","UNQUALIFIED","NOT_TESTED","false"
"PS-MATRIX-02004","PS-MAT-FERRITE_PASTE","PS-MAT-GELATIN","MG","BV","T","PS-PAIR-MG-BV","","FAMILY_CLASS_INHERITED","UNQUALIFIED","NOT_TESTED","false"
"PS-MATRIX-02005","PS-MAT-FERRITE_PASTE","PS-MAT-COLLAGEN","MG","BV","T","PS-PAIR-MG-BV","","FAMILY_CLASS_INHERITED","UNQUALIFIED","NOT_TESTED","false"
"PS-MATRIX-02006","PS-MAT-FERRITE_PASTE","PS-MAT-CELL_INK","MG","BV","T","PS-PAIR-MG-BV","","FAMILY_CLASS_INHERITED","UNQUALIFIED","NOT_TESTED","false"
"PS-MATRIX-02007","PS-MAT-NDFEB_BONDED","PS-MAT-CU_OFHC","MG","MT","T","PS-PAIR-MG-MT","","FAMILY_CLASS_INHERITED","UNQUALIFIED","NOT_TESTED","false"
"PS-MATRIX-02008","PS-MAT-NDFEB_BONDED","PS-MAT-AL_6061","MG","MT","T","PS-PAIR-MG-MT","","FAMILY_CLASS_INHERITED","UNQUALIFIED","NOT_TESTED","false"
"PS-MATRIX-02009","PS-MAT-NDFEB_BONDED","PS-MAT-SS_316L","MG","MT","T","PS-PAIR-MG-MT","","FAMILY_CLASS_INHERITED","UNQUALIFIED","NOT_TESTED","false"
"PS-MATRIX-02010","PS-MAT-NDFEB_BONDED","PS-MAT-TI_64","MG","MT","T","PS-PAIR-MG-MT","","FAMILY_CLASS_INHERITED","UNQUALIFIED","NOT_TESTED","false"
"PS-MATRIX-02011","PS-MAT-NDFEB_BONDED","PS-MAT-NI_ALLOY","MG","MT","T","PS-PAIR-MG-MT","","FAMILY_CLASS_INHERITED","UNQUALIFIED","NOT_TESTED","false"
"PS-MATRIX-02012","PS-MAT-NDFEB_BONDED","PS-MAT-AG_METAL","MG","MT","T","PS-PAIR-MG-MT","","FAMILY_CLASS_INHERITED","UNQUALIFIED","NOT_TESTED","false"
"PS-MATRIX-02013","PS-MAT-NDFEB_BONDED","PS-MAT-ALUMINA","MG","CR","T","PS-PAIR-MG-CR","","FAMILY_CLASS_INHERITED","UNQUALIFIED","NOT_TESTED","false"
"PS-MATRIX-02014","PS-MAT-NDFEB_BONDED","PS-MAT-SILICA","MG","CR","T","PS-PAIR-MG-CR","","FAMILY_CLASS_INHERITED","UNQUALIFIED","NOT_TESTED","false"
"PS-MATRIX-02015","PS-MAT-NDFEB_BONDED","PS-MAT-ZIRCONIA","MG","CR","T","PS-PAIR-MG-CR","","FAMILY_CLASS_INHERITED","UNQUALIFIED","NOT_TESTED","false"
"PS-MATRIX-02016","PS-MAT-NDFEB_BONDED","PS-MAT-BT_CERAMIC","MG","CR","T","PS-PAIR-MG-CR","","FAMILY_CLASS_INHERITED","UNQUALIFIED","NOT_TESTED","false"
"PS-MATRIX-02017","PS-MAT-NDFEB_BONDED","PS-MAT-BN_CERAMIC","MG","CR","T","PS-PAIR-MG-CR","","FAMILY_CLASS_INHERITED","UNQUALIFIED","NOT_TESTED","false"
"PS-MATRIX-02018","PS-MAT-NDFEB_BONDED","PS-MAT-PLA","MG","TP","S","PS-PAIR-MG-TP","","FAMILY_CLASS_INHERITED","UNQUALIFIED","NOT_TESTED","false"
"PS-MATRIX-02019","PS-MAT-NDFEB_BONDED","PS-MAT-PETG","MG","TP","S","PS-PAIR-MG-TP","","FAMILY_CLASS_INHERITED","UNQUALIFIED","NOT_TESTED","false"
"PS-MATRIX-02020","PS-MAT-NDFEB_BONDED","PS-MAT-ABS","MG","TP","S","PS-PAIR-MG-TP","","FAMILY_CLASS_INHERITED","UNQUALIFIED","NOT_TESTED","false"
"PS-MATRIX-02021","PS-MAT-NDFEB_BONDED","PS-MAT-PA12","MG","TP","S","PS-PAIR-MG-TP","","FAMILY_CLASS_INHERITED","UNQUALIFIED","NOT_TESTED","false"
"PS-MATRIX-02022","PS-MAT-NDFEB_BONDED","PS-MAT-PEEK","MG","TP","S","PS-PAIR-MG-TP","","FAMILY_CLASS_INHERITED","UNQUALIFIED","NOT_TESTED","false"
"PS-MATRIX-02023","PS-MAT-NDFEB_BONDED","PS-MAT-PP","MG","TP","S","PS-PAIR-MG-TP","","FAMILY_CLASS_INHERITED","UNQUALIFIED","NOT_TESTED","false"
"PS-MATRIX-02024","PS-MAT-NDFEB_BONDED","PS-MAT-ACRYLATE","MG","RS","S","PS-PAIR-MG-RS","","FAMILY_CLASS_INHERITED","UNQUALIFIED","NOT_TESTED","false"
"PS-MATRIX-02025","PS-MAT-NDFEB_BONDED","PS-MAT-EPOXY","MG","RS","S","PS-PAIR-MG-RS","","FAMILY_CLASS_INHERITED","UNQUALIFIED","NOT_TESTED","false"
"PS-MATRIX-02026","PS-MAT-NDFEB_BONDED","PS-MAT-SILICONE_RESIN","MG","RS","S","PS-PAIR-MG-RS","","FAMILY_CLASS_INHERITED","UNQUALIFIED","NOT_TESTED","false"
"PS-MATRIX-02027","PS-MAT-NDFEB_BONDED","PS-MAT-TPU","MG","EL","S","PS-PAIR-MG-EL","","FAMILY_CLASS_INHERITED","UNQUALIFIED","NOT_TESTED","false"
"PS-MATRIX-02028","PS-MAT-NDFEB_BONDED","PS-MAT-PDMS","MG","EL","S","PS-PAIR-MG-EL","","FAMILY_CLASS_INHERITED","UNQUALIFIED","NOT_TESTED","false"
"PS-MATRIX-02029","PS-MAT-NDFEB_BONDED","PS-MAT-SILICONE_E","MG","EL","S","PS-PAIR-MG-EL","PS-MR-015-AB","ROUTE_SEED_ONLY","UNQUALIFIED","NOT_TESTED","false"
"PS-MATRIX-02030","PS-MAT-NDFEB_BONDED","PS-MAT-HYDROGEL_E","MG","EL","S","PS-PAIR-MG-EL","","FAMILY_CLASS_INHERITED","UNQUALIFIED","NOT_TESTED","false"
"PS-MATRIX-02031","PS-MAT-NDFEB_BONDED","PS-MAT-AG_INK","MG","CI","S","PS-PAIR-MG-CI","","FAMILY_CLASS_INHERITED","UNQUALIFIED","NOT_TESTED","false"
"PS-MATRIX-02032","PS-MAT-NDFEB_BONDED","PS-MAT-CU_INK","MG","CI","S","PS-PAIR-MG-CI","","FAMILY_CLASS_INHERITED","UNQUALIFIED","NOT_TESTED","false"
"PS-MATRIX-02033","PS-MAT-NDFEB_BONDED","PS-MAT-CARBON_INK","MG","CI","S","PS-PAIR-MG-CI","","FAMILY_CLASS_INHERITED","UNQUALIFIED","NOT_TESTED","false"
"PS-MATRIX-02034","PS-MAT-NDFEB_BONDED","PS-MAT-GRAPHENE_INK","MG","CI","S","PS-PAIR-MG-CI","","FAMILY_CLASS_INHERITED","UNQUALIFIED","NOT_TESTED","false"
"PS-MATRIX-02035","PS-MAT-NDFEB_BONDED","PS-MAT-PEDOT_PSS","MG","CI","S","PS-PAIR-MG-CI","","FAMILY_CLASS_INHERITED","UNQUALIFIED","NOT_TESTED","false"
"PS-MATRIX-02036","PS-MAT-NDFEB_BONDED","PS-MAT-DIEL_UV","MG","DE","S","PS-PAIR-MG-DE","","FAMILY_CLASS_INHERITED","UNQUALIFIED","NOT_TESTED","false"
"PS-MATRIX-02037","PS-MAT-NDFEB_BONDED","PS-MAT-DIEL_EPOXY","MG","DE","S","PS-PAIR-MG-DE","","FAMILY_CLASS_INHERITED","UNQUALIFIED","NOT_TESTED","false"
"PS-MATRIX-02038","PS-MAT-NDFEB_BONDED","PS-MAT-POLYIMIDE","MG","DE","S","PS-PAIR-MG-DE","","FAMILY_CLASS_INHERITED","UNQUALIFIED","NOT_TESTED","false"
"PS-MATRIX-02039","PS-MAT-NDFEB_BONDED","PS-MAT-PARylene","MG","DE","S","PS-PAIR-MG-DE","","FAMILY_CLASS_INHERITED","UNQUALIFIED","NOT_TESTED","false"
"PS-MATRIX-02040","PS-MAT-NDFEB_BONDED","PS-MAT-FERRITE_PASTE","MG","MG","P","PS-PAIR-MG-MG","","FAMILY_CLASS_INHERITED","UNQUALIFIED","NOT_TESTED","false"
"PS-MATRIX-02041","PS-MAT-NDFEB_BONDED","PS-MAT-NDFEB_BONDED","MG","MG","P","PS-PAIR-MG-MG","","FAMILY_CLASS_INHERITED","UNQUALIFIED","NOT_TESTED","false"
"PS-MATRIX-02042","PS-MAT-NDFEB_BONDED","PS-MAT-IRON_COMPOSITE","MG","MG","P","PS-PAIR-MG-MG","","FAMILY_CLASS_INHERITED","UNQUALIFIED","NOT_TESTED","false"
"PS-MATRIX-02043","PS-MAT-NDFEB_BONDED","PS-MAT-OPTICAL_RESIN","MG","OP","T","PS-PAIR-MG-OP","","FAMILY_CLASS_INHERITED","UNQUALIFIED","NOT_TESTED","false"
"PS-MATRIX-02044","PS-MAT-NDFEB_BONDED","PS-MAT-PMMA","MG","OP","T","PS-PAIR-MG-OP","","FAMILY_CLASS_INHERITED","UNQUALIFIED","NOT_TESTED","false"
"PS-MATRIX-02045","PS-MAT-NDFEB_BONDED","PS-MAT-FUSED_SILICA","MG","OP","T","PS-PAIR-MG-OP","","FAMILY_CLASS_INHERITED","UNQUALIFIED","NOT_TESTED","false"
"PS-MATRIX-02046","PS-MAT-NDFEB_BONDED","PS-MAT-PHOSPHOR_FILM","MG","OP","T","PS-PAIR-MG-OP","","FAMILY_CLASS_INHERITED","UNQUALIFIED","NOT_TESTED","false"
"PS-MATRIX-02047","PS-MAT-NDFEB_BONDED","PS-MAT-PVA_SUPPORT","MG","FL","S","PS-PAIR-MG-FL","","FAMILY_CLASS_INHERITED","UNQUALIFIED","NOT_TESTED","false"
"PS-MATRIX-02048","PS-MAT-NDFEB_BONDED","PS-MAT-WAX_SUPPORT","MG","FL","S","PS-PAIR-MG-FL","","FAMILY_CLASS_INHERITED","UNQUALIFIED","NOT_TESTED","false"
"PS-MATRIX-02049","PS-MAT-NDFEB_BONDED","PS-MAT-MICROGEL","MG","FL","S","PS-PAIR-MG-FL","","FAMILY_CLASS_INHERITED","UNQUALIFIED","NOT_TESTED","false"
"PS-MATRIX-02050","PS-MAT-NDFEB_BONDED","PS-MAT-GAS_CAVITY","MG","FL","S","PS-PAIR-MG-FL","","FAMILY_CLASS_INHERITED","UNQUALIFIED","NOT_TESTED","false"
"PS-MATRIX-02051","PS-MAT-NDFEB_BONDED","PS-MAT-GRAPHITE_ANODE","MG","EC","T","PS-PAIR-MG-EC","","FAMILY_CLASS_INHERITED","UNQUALIFIED","NOT_TESTED","false"
"PS-MATRIX-02052","PS-MAT-NDFEB_BONDED","PS-MAT-LFP_CATHODE","MG","EC","T","PS-PAIR-MG-EC","","FAMILY_CLASS_INHERITED","UNQUALIFIED","NOT_TESTED","false"
"PS-MATRIX-02053","PS-MAT-NDFEB_BONDED","PS-MAT-GEL_ELECTROLYTE","MG","EC","T","PS-PAIR-MG-EC","","FAMILY_CLASS_INHERITED","UNQUALIFIED","NOT_TESTED","false"
"PS-MATRIX-02054","PS-MAT-NDFEB_BONDED","PS-MAT-CARBON_SUPERCAP","MG","EC","T","PS-PAIR-MG-EC","","FAMILY_CLASS_INHERITED","UNQUALIFIED","NOT_TESTED","false"
"PS-MATRIX-02055","PS-MAT-NDFEB_BONDED","PS-MAT-SILICON_DIE","MG","SC","M","PS-PAIR-MG-SC","","FAMILY_CLASS_INHERITED","UNQUALIFIED","NOT_TESTED","false"
"PS-MATRIX-02056","PS-MAT-NDFEB_BONDED","PS-MAT-CAMERA_MODULE","MG","SC","M","PS-PAIR-MG-SC","","FAMILY_CLASS_INHERITED","UNQUALIFIED","NOT_TESTED","false"
"PS-MATRIX-02057","PS-MAT-NDFEB_BONDED","PS-MAT-LED_PACKAGE","MG","SC","M","PS-PAIR-MG-SC","","FAMILY_CLASS_INHERITED","UNQUALIFIED","NOT_TESTED","false"
"PS-MATRIX-02058","PS-MAT-NDFEB_BONDED","PS-MAT-RF_IC","MG","SC","M","PS-PAIR-MG-SC","","FAMILY_CLASS_INHERITED","UNQUALIFIED","NOT_TESTED","false"
"PS-MATRIX-02059","PS-MAT-NDFEB_BONDED","PS-MAT-LFP_MODULE","MG","BT","M","PS-PAIR-MG-BT","","FAMILY_CLASS_INHERITED","UNQUALIFIED","NOT_TESTED","false"
"PS-MATRIX-02060","PS-MAT-NDFEB_BONDED","PS-MAT-LIION_MODULE","MG","BT","M","PS-PAIR-MG-BT","","FAMILY_CLASS_INHERITED","UNQUALIFIED","NOT_TESTED","false"
"PS-MATRIX-02061","PS-MAT-NDFEB_BONDED","PS-MAT-CAP_BANK","MG","BT","M","PS-PAIR-MG-BT","","FAMILY_CLASS_INHERITED","UNQUALIFIED","NOT_TESTED","false"
"PS-MATRIX-02062","PS-MAT-NDFEB_BONDED","PS-MAT-ALGINATE","MG","BV","T","PS-PAIR-MG-BV","","FAMILY_CLASS_INHERITED","UNQUALIFIED","NOT_TESTED","false"
"PS-MATRIX-02063","PS-MAT-NDFEB_BONDED","PS-MAT-GELATIN","MG","BV","T","PS-PAIR-MG-BV","","FAMILY_CLASS_INHERITED","UNQUALIFIED","NOT_TESTED","false"
"PS-MATRIX-02064","PS-MAT-NDFEB_BONDED","PS-MAT-COLLAGEN","MG","BV","T","PS-PAIR-MG-BV","","FAMILY_CLASS_INHERITED","UNQUALIFIED","NOT_TESTED","false"
"PS-MATRIX-02065","PS-MAT-NDFEB_BONDED","PS-MAT-CELL_INK","MG","BV","T","PS-PAIR-MG-BV","","FAMILY_CLASS_INHERITED","UNQUALIFIED","NOT_TESTED","false"
"PS-MATRIX-02066","PS-MAT-IRON_COMPOSITE","PS-MAT-CU_OFHC","MG","MT","T","PS-PAIR-MG-MT","PS-MR-014-AB","ROUTE_SEED_ONLY","UNQUALIFIED","NOT_TESTED","false"
"PS-MATRIX-02067","PS-MAT-IRON_COMPOSITE","PS-MAT-AL_6061","MG","MT","T","PS-PAIR-MG-MT","","FAMILY_CLASS_INHERITED","UNQUALIFIED","NOT_TESTED","false"
"PS-MATRIX-02068","PS-MAT-IRON_COMPOSITE","PS-MAT-SS_316L","MG","MT","T","PS-PAIR-MG-MT","","FAMILY_CLASS_INHERITED","UNQUALIFIED","NOT_TESTED","false"
"PS-MATRIX-02069","PS-MAT-IRON_COMPOSITE","PS-MAT-TI_64","MG","MT","T","PS-PAIR-MG-MT","","FAMILY_CLASS_INHERITED","UNQUALIFIED","NOT_TESTED","false"
"PS-MATRIX-02070","PS-MAT-IRON_COMPOSITE","PS-MAT-NI_ALLOY","MG","MT","T","PS-PAIR-MG-MT","","FAMILY_CLASS_INHERITED","UNQUALIFIED","NOT_TESTED","false"
"PS-MATRIX-02071","PS-MAT-IRON_COMPOSITE","PS-MAT-AG_METAL","MG","MT","T","PS-PAIR-MG-MT","","FAMILY_CLASS_INHERITED","UNQUALIFIED","NOT_TESTED","false"
"PS-MATRIX-02072","PS-MAT-IRON_COMPOSITE","PS-MAT-ALUMINA","MG","CR","T","PS-PAIR-MG-CR","","FAMILY_CLASS_INHERITED","UNQUALIFIED","NOT_TESTED","false"
"PS-MATRIX-02073","PS-MAT-IRON_COMPOSITE","PS-MAT-SILICA","MG","CR","T","PS-PAIR-MG-CR","","FAMILY_CLASS_INHERITED","UNQUALIFIED","NOT_TESTED","false"
"PS-MATRIX-02074","PS-MAT-IRON_COMPOSITE","PS-MAT-ZIRCONIA","MG","CR","T","PS-PAIR-MG-CR","","FAMILY_CLASS_INHERITED","UNQUALIFIED","NOT_TESTED","false"
"PS-MATRIX-02075","PS-MAT-IRON_COMPOSITE","PS-MAT-BT_CERAMIC","MG","CR","T","PS-PAIR-MG-CR","","FAMILY_CLASS_INHERITED","UNQUALIFIED","NOT_TESTED","false"
"PS-MATRIX-02076","PS-MAT-IRON_COMPOSITE","PS-MAT-BN_CERAMIC","MG","CR","T","PS-PAIR-MG-CR","","FAMILY_CLASS_INHERITED","UNQUALIFIED","NOT_TESTED","false"
"PS-MATRIX-02077","PS-MAT-IRON_COMPOSITE","PS-MAT-PLA","MG","TP","S","PS-PAIR-MG-TP","","FAMILY_CLASS_INHERITED","UNQUALIFIED","NOT_TESTED","false"
"PS-MATRIX-02078","PS-MAT-IRON_COMPOSITE","PS-MAT-PETG","MG","TP","S","PS-PAIR-MG-TP","","FAMILY_CLASS_INHERITED","UNQUALIFIED","NOT_TESTED","false"
"PS-MATRIX-02079","PS-MAT-IRON_COMPOSITE","PS-MAT-ABS","MG","TP","S","PS-PAIR-MG-TP","","FAMILY_CLASS_INHERITED","UNQUALIFIED","NOT_TESTED","false"
"PS-MATRIX-02080","PS-MAT-IRON_COMPOSITE","PS-MAT-PA12","MG","TP","S","PS-PAIR-MG-TP","","FAMILY_CLASS_INHERITED","UNQUALIFIED","NOT_TESTED","false"
"PS-MATRIX-02081","PS-MAT-IRON_COMPOSITE","PS-MAT-PEEK","MG","TP","S","PS-PAIR-MG-TP","","FAMILY_CLASS_INHERITED","UNQUALIFIED","NOT_TESTED","false"
"PS-MATRIX-02082","PS-MAT-IRON_COMPOSITE","PS-MAT-PP","MG","TP","S","PS-PAIR-MG-TP","","FAMILY_CLASS_INHERITED","UNQUALIFIED","NOT_TESTED","false"
"PS-MATRIX-02083","PS-MAT-IRON_COMPOSITE","PS-MAT-ACRYLATE","MG","RS","S","PS-PAIR-MG-RS","","FAMILY_CLASS_INHERITED","UNQUALIFIED","NOT_TESTED","false"
"PS-MATRIX-02084","PS-MAT-IRON_COMPOSITE","PS-MAT-EPOXY","MG","RS","S","PS-PAIR-MG-RS","","FAMILY_CLASS_INHERITED","UNQUALIFIED","NOT_TESTED","false"
"PS-MATRIX-02085","PS-MAT-IRON_COMPOSITE","PS-MAT-SILICONE_RESIN","MG","RS","S","PS-PAIR-MG-RS","","FAMILY_CLASS_INHERITED","UNQUALIFIED","NOT_TESTED","false"
"PS-MATRIX-02086","PS-MAT-IRON_COMPOSITE","PS-MAT-TPU","MG","EL","S","PS-PAIR-MG-EL","","FAMILY_CLASS_INHERITED","UNQUALIFIED","NOT_TESTED","false"
"PS-MATRIX-02087","PS-MAT-IRON_COMPOSITE","PS-MAT-PDMS","MG","EL","S","PS-PAIR-MG-EL","","FAMILY_CLASS_INHERITED","UNQUALIFIED","NOT_TESTED","false"
"PS-MATRIX-02088","PS-MAT-IRON_COMPOSITE","PS-MAT-SILICONE_E","MG","EL","S","PS-PAIR-MG-EL","","FAMILY_CLASS_INHERITED","UNQUALIFIED","NOT_TESTED","false"
"PS-MATRIX-02089","PS-MAT-IRON_COMPOSITE","PS-MAT-HYDROGEL_E","MG","EL","S","PS-PAIR-MG-EL","","FAMILY_CLASS_INHERITED","UNQUALIFIED","NOT_TESTED","false"
"PS-MATRIX-02090","PS-MAT-IRON_COMPOSITE","PS-MAT-AG_INK","MG","CI","S","PS-PAIR-MG-CI","","FAMILY_CLASS_INHERITED","UNQUALIFIED","NOT_TESTED","false"
"PS-MATRIX-02091","PS-MAT-IRON_COMPOSITE","PS-MAT-CU_INK","MG","CI","S","PS-PAIR-MG-CI","","FAMILY_CLASS_INHERITED","UNQUALIFIED","NOT_TESTED","false"
"PS-MATRIX-02092","PS-MAT-IRON_COMPOSITE","PS-MAT-CARBON_INK","MG","CI","S","PS-PAIR-MG-CI","","FAMILY_CLASS_INHERITED","UNQUALIFIED","NOT_TESTED","false"
"PS-MATRIX-02093","PS-MAT-IRON_COMPOSITE","PS-MAT-GRAPHENE_INK","MG","CI","S","PS-PAIR-MG-CI","","FAMILY_CLASS_INHERITED","UNQUALIFIED","NOT_TESTED","false"
"PS-MATRIX-02094","PS-MAT-IRON_COMPOSITE","PS-MAT-PEDOT_PSS","MG","CI","S","PS-PAIR-MG-CI","","FAMILY_CLASS_INHERITED","UNQUALIFIED","NOT_TESTED","false"
"PS-MATRIX-02095","PS-MAT-IRON_COMPOSITE","PS-MAT-DIEL_UV","MG","DE","S","PS-PAIR-MG-DE","","FAMILY_CLASS_INHERITED","UNQUALIFIED","NOT_TESTED","false"
"PS-MATRIX-02096","PS-MAT-IRON_COMPOSITE","PS-MAT-DIEL_EPOXY","MG","DE","S","PS-PAIR-MG-DE","","FAMILY_CLASS_INHERITED","UNQUALIFIED","NOT_TESTED","false"
"PS-MATRIX-02097","PS-MAT-IRON_COMPOSITE","PS-MAT-POLYIMIDE","MG","DE","S","PS-PAIR-MG-DE","","FAMILY_CLASS_INHERITED","UNQUALIFIED","NOT_TESTED","false"
"PS-MATRIX-02098","PS-MAT-IRON_COMPOSITE","PS-MAT-PARylene","MG","DE","S","PS-PAIR-MG-DE","","FAMILY_CLASS_INHERITED","UNQUALIFIED","NOT_TESTED","false"
"PS-MATRIX-02099","PS-MAT-IRON_COMPOSITE","PS-MAT-FERRITE_PASTE","MG","MG","P","PS-PAIR-MG-MG","","FAMILY_CLASS_INHERITED","UNQUALIFIED","NOT_TESTED","false"
"PS-MATRIX-02100","PS-MAT-IRON_COMPOSITE","PS-MAT-NDFEB_BONDED","MG","MG","P","PS-PAIR-MG-MG","","FAMILY_CLASS_INHERITED","UNQUALIFIED","NOT_TESTED","false"
"PS-MATRIX-02101","PS-MAT-IRON_COMPOSITE","PS-MAT-IRON_COMPOSITE","MG","MG","P","PS-PAIR-MG-MG","","FAMILY_CLASS_INHERITED","UNQUALIFIED","NOT_TESTED","false"
"PS-MATRIX-02102","PS-MAT-IRON_COMPOSITE","PS-MAT-OPTICAL_RESIN","MG","OP","T","PS-PAIR-MG-OP","","FAMILY_CLASS_INHERITED","UNQUALIFIED","NOT_TESTED","false"
"PS-MATRIX-02103","PS-MAT-IRON_COMPOSITE","PS-MAT-PMMA","MG","OP","T","PS-PAIR-MG-OP","","FAMILY_CLASS_INHERITED","UNQUALIFIED","NOT_TESTED","false"
"PS-MATRIX-02104","PS-MAT-IRON_COMPOSITE","PS-MAT-FUSED_SILICA","MG","OP","T","PS-PAIR-MG-OP","","FAMILY_CLASS_INHERITED","UNQUALIFIED","NOT_TESTED","false"
"PS-MATRIX-02105","PS-MAT-IRON_COMPOSITE","PS-MAT-PHOSPHOR_FILM","MG","OP","T","PS-PAIR-MG-OP","","FAMILY_CLASS_INHERITED","UNQUALIFIED","NOT_TESTED","false"
"PS-MATRIX-02106","PS-MAT-IRON_COMPOSITE","PS-MAT-PVA_SUPPORT","MG","FL","S","PS-PAIR-MG-FL","","FAMILY_CLASS_INHERITED","UNQUALIFIED","NOT_TESTED","false"
"PS-MATRIX-02107","PS-MAT-IRON_COMPOSITE","PS-MAT-WAX_SUPPORT","MG","FL","S","PS-PAIR-MG-FL","","FAMILY_CLASS_INHERITED","UNQUALIFIED","NOT_TESTED","false"
"PS-MATRIX-02108","PS-MAT-IRON_COMPOSITE","PS-MAT-MICROGEL","MG","FL","S","PS-PAIR-MG-FL","","FAMILY_CLASS_INHERITED","UNQUALIFIED","NOT_TESTED","false"
"PS-MATRIX-02109","PS-MAT-IRON_COMPOSITE","PS-MAT-GAS_CAVITY","MG","FL","S","PS-PAIR-MG-FL","","FAMILY_CLASS_INHERITED","UNQUALIFIED","NOT_TESTED","false"
"PS-MATRIX-02110","PS-MAT-IRON_COMPOSITE","PS-MAT-GRAPHITE_ANODE","MG","EC","T","PS-PAIR-MG-EC","","FAMILY_CLASS_INHERITED","UNQUALIFIED","NOT_TESTED","false"
"PS-MATRIX-02111","PS-MAT-IRON_COMPOSITE","PS-MAT-LFP_CATHODE","MG","EC","T","PS-PAIR-MG-EC","","FAMILY_CLASS_INHERITED","UNQUALIFIED","NOT_TESTED","false"
"PS-MATRIX-02112","PS-MAT-IRON_COMPOSITE","PS-MAT-GEL_ELECTROLYTE","MG","EC","T","PS-PAIR-MG-EC","","FAMILY_CLASS_INHERITED","UNQUALIFIED","NOT_TESTED","false"
"PS-MATRIX-02113","PS-MAT-IRON_COMPOSITE","PS-MAT-CARBON_SUPERCAP","MG","EC","T","PS-PAIR-MG-EC","","FAMILY_CLASS_INHERITED","UNQUALIFIED","NOT_TESTED","false"
"PS-MATRIX-02114","PS-MAT-IRON_COMPOSITE","PS-MAT-SILICON_DIE","MG","SC","M","PS-PAIR-MG-SC","","FAMILY_CLASS_INHERITED","UNQUALIFIED","NOT_TESTED","false"
"PS-MATRIX-02115","PS-MAT-IRON_COMPOSITE","PS-MAT-CAMERA_MODULE","MG","SC","M","PS-PAIR-MG-SC","","FAMILY_CLASS_INHERITED","UNQUALIFIED","NOT_TESTED","false"
"PS-MATRIX-02116","PS-MAT-IRON_COMPOSITE","PS-MAT-LED_PACKAGE","MG","SC","M","PS-PAIR-MG-SC","","FAMILY_CLASS_INHERITED","UNQUALIFIED","NOT_TESTED","false"
"PS-MATRIX-02117","PS-MAT-IRON_COMPOSITE","PS-MAT-RF_IC","MG","SC","M","PS-PAIR-MG-SC","","FAMILY_CLASS_INHERITED","UNQUALIFIED","NOT_TESTED","false"
"PS-MATRIX-02118","PS-MAT-IRON_COMPOSITE","PS-MAT-LFP_MODULE","MG","BT","M","PS-PAIR-MG-BT","","FAMILY_CLASS_INHERITED","UNQUALIFIED","NOT_TESTED","false"
"PS-MATRIX-02119","PS-MAT-IRON_COMPOSITE","PS-MAT-LIION_MODULE","MG","BT","M","PS-PAIR-MG-BT","","FAMILY_CLASS_INHERITED","UNQUALIFIED","NOT_TESTED","false"
"PS-MATRIX-02120","PS-MAT-IRON_COMPOSITE","PS-MAT-CAP_BANK","MG","BT","M","PS-PAIR-MG-BT","","FAMILY_CLASS_INHERITED","UNQUALIFIED","NOT_TESTED","false"
"PS-MATRIX-02121","PS-MAT-IRON_COMPOSITE","PS-MAT-ALGINATE","MG","BV","T","PS-PAIR-MG-BV","","FAMILY_CLASS_INHERITED","UNQUALIFIED","NOT_TESTED","false"
"PS-MATRIX-02122","PS-MAT-IRON_COMPOSITE","PS-MAT-GELATIN","MG","BV","T","PS-PAIR-MG-BV","","FAMILY_CLASS_INHERITED","UNQUALIFIED","NOT_TESTED","false"
"PS-MATRIX-02123","PS-MAT-IRON_COMPOSITE","PS-MAT-COLLAGEN","MG","BV","T","PS-PAIR-MG-BV","","FAMILY_CLASS_INHERITED","UNQUALIFIED","NOT_TESTED","false"
"PS-MATRIX-02124","PS-MAT-IRON_COMPOSITE","PS-MAT-CELL_INK","MG","BV","T","PS-PAIR-MG-BV","","FAMILY_CLASS_INHERITED","UNQUALIFIED","NOT_TESTED","false"
"PS-MATRIX-02125","PS-MAT-OPTICAL_RESIN","PS-MAT-CU_OFHC","OP","MT","T","PS-PAIR-OP-MT","","FAMILY_CLASS_INHERITED","UNQUALIFIED","NOT_TESTED","false"
"PS-MATRIX-02126","PS-MAT-OPTICAL_RESIN","PS-MAT-AL_6061","OP","MT","T","PS-PAIR-OP-MT","","FAMILY_CLASS_INHERITED","UNQUALIFIED","NOT_TESTED","false"
"PS-MATRIX-02127","PS-MAT-OPTICAL_RESIN","PS-MAT-SS_316L","OP","MT","T","PS-PAIR-OP-MT","","FAMILY_CLASS_INHERITED","UNQUALIFIED","NOT_TESTED","false"
"PS-MATRIX-02128","PS-MAT-OPTICAL_RESIN","PS-MAT-TI_64","OP","MT","T","PS-PAIR-OP-MT","","FAMILY_CLASS_INHERITED","UNQUALIFIED","NOT_TESTED","false"
"PS-MATRIX-02129","PS-MAT-OPTICAL_RESIN","PS-MAT-NI_ALLOY","OP","MT","T","PS-PAIR-OP-MT","","FAMILY_CLASS_INHERITED","UNQUALIFIED","NOT_TESTED","false"
"PS-MATRIX-02130","PS-MAT-OPTICAL_RESIN","PS-MAT-AG_METAL","OP","MT","T","PS-PAIR-OP-MT","","FAMILY_CLASS_INHERITED","UNQUALIFIED","NOT_TESTED","false"
"PS-MATRIX-02131","PS-MAT-OPTICAL_RESIN","PS-MAT-ALUMINA","OP","CR","T","PS-PAIR-OP-CR","","FAMILY_CLASS_INHERITED","UNQUALIFIED","NOT_TESTED","false"
"PS-MATRIX-02132","PS-MAT-OPTICAL_RESIN","PS-MAT-SILICA","OP","CR","T","PS-PAIR-OP-CR","PS-MR-005-BA","ROUTE_SEED_ONLY","UNQUALIFIED","NOT_TESTED","false"
"PS-MATRIX-02133","PS-MAT-OPTICAL_RESIN","PS-MAT-ZIRCONIA","OP","CR","T","PS-PAIR-OP-CR","","FAMILY_CLASS_INHERITED","UNQUALIFIED","NOT_TESTED","false"
"PS-MATRIX-02134","PS-MAT-OPTICAL_RESIN","PS-MAT-BT_CERAMIC","OP","CR","T","PS-PAIR-OP-CR","","FAMILY_CLASS_INHERITED","UNQUALIFIED","NOT_TESTED","false"
"PS-MATRIX-02135","PS-MAT-OPTICAL_RESIN","PS-MAT-BN_CERAMIC","OP","CR","T","PS-PAIR-OP-CR","","FAMILY_CLASS_INHERITED","UNQUALIFIED","NOT_TESTED","false"
"PS-MATRIX-02136","PS-MAT-OPTICAL_RESIN","PS-MAT-PLA","OP","TP","T","PS-PAIR-OP-TP","","FAMILY_CLASS_INHERITED","UNQUALIFIED","NOT_TESTED","false"
"PS-MATRIX-02137","PS-MAT-OPTICAL_RESIN","PS-MAT-PETG","OP","TP","T","PS-PAIR-OP-TP","","FAMILY_CLASS_INHERITED","UNQUALIFIED","NOT_TESTED","false"
"PS-MATRIX-02138","PS-MAT-OPTICAL_RESIN","PS-MAT-ABS","OP","TP","T","PS-PAIR-OP-TP","","FAMILY_CLASS_INHERITED","UNQUALIFIED","NOT_TESTED","false"
"PS-MATRIX-02139","PS-MAT-OPTICAL_RESIN","PS-MAT-PA12","OP","TP","T","PS-PAIR-OP-TP","","FAMILY_CLASS_INHERITED","UNQUALIFIED","NOT_TESTED","false"
"PS-MATRIX-02140","PS-MAT-OPTICAL_RESIN","PS-MAT-PEEK","OP","TP","T","PS-PAIR-OP-TP","","FAMILY_CLASS_INHERITED","UNQUALIFIED","NOT_TESTED","false"
"PS-MATRIX-02141","PS-MAT-OPTICAL_RESIN","PS-MAT-PP","OP","TP","T","PS-PAIR-OP-TP","","FAMILY_CLASS_INHERITED","UNQUALIFIED","NOT_TESTED","false"
"PS-MATRIX-02142","PS-MAT-OPTICAL_RESIN","PS-MAT-ACRYLATE","OP","RS","S","PS-PAIR-OP-RS","","FAMILY_CLASS_INHERITED","UNQUALIFIED","NOT_TESTED","false"
"PS-MATRIX-02143","PS-MAT-OPTICAL_RESIN","PS-MAT-EPOXY","OP","RS","S","PS-PAIR-OP-RS","","FAMILY_CLASS_INHERITED","UNQUALIFIED","NOT_TESTED","false"
"PS-MATRIX-02144","PS-MAT-OPTICAL_RESIN","PS-MAT-SILICONE_RESIN","OP","RS","S","PS-PAIR-OP-RS","","FAMILY_CLASS_INHERITED","UNQUALIFIED","NOT_TESTED","false"
"PS-MATRIX-02145","PS-MAT-OPTICAL_RESIN","PS-MAT-TPU","OP","EL","T","PS-PAIR-OP-EL","","FAMILY_CLASS_INHERITED","UNQUALIFIED","NOT_TESTED","false"
"PS-MATRIX-02146","PS-MAT-OPTICAL_RESIN","PS-MAT-PDMS","OP","EL","T","PS-PAIR-OP-EL","","FAMILY_CLASS_INHERITED","UNQUALIFIED","NOT_TESTED","false"
"PS-MATRIX-02147","PS-MAT-OPTICAL_RESIN","PS-MAT-SILICONE_E","OP","EL","T","PS-PAIR-OP-EL","","FAMILY_CLASS_INHERITED","UNQUALIFIED","NOT_TESTED","false"
"PS-MATRIX-02148","PS-MAT-OPTICAL_RESIN","PS-MAT-HYDROGEL_E","OP","EL","T","PS-PAIR-OP-EL","","FAMILY_CLASS_INHERITED","UNQUALIFIED","NOT_TESTED","false"
"PS-MATRIX-02149","PS-MAT-OPTICAL_RESIN","PS-MAT-AG_INK","OP","CI","S","PS-PAIR-OP-CI","","FAMILY_CLASS_INHERITED","UNQUALIFIED","NOT_TESTED","false"
"PS-MATRIX-02150","PS-MAT-OPTICAL_RESIN","PS-MAT-CU_INK","OP","CI","S","PS-PAIR-OP-CI","","FAMILY_CLASS_INHERITED","UNQUALIFIED","NOT_TESTED","false"
"PS-MATRIX-02151","PS-MAT-OPTICAL_RESIN","PS-MAT-CARBON_INK","OP","CI","S","PS-PAIR-OP-CI","","FAMILY_CLASS_INHERITED","UNQUALIFIED","NOT_TESTED","false"
"PS-MATRIX-02152","PS-MAT-OPTICAL_RESIN","PS-MAT-GRAPHENE_INK","OP","CI","S","PS-PAIR-OP-CI","","FAMILY_CLASS_INHERITED","UNQUALIFIED","NOT_TESTED","false"
"PS-MATRIX-02153","PS-MAT-OPTICAL_RESIN","PS-MAT-PEDOT_PSS","OP","CI","S","PS-PAIR-OP-CI","","FAMILY_CLASS_INHERITED","UNQUALIFIED","NOT_TESTED","false"
"PS-MATRIX-02154","PS-MAT-OPTICAL_RESIN","PS-MAT-DIEL_UV","OP","DE","S","PS-PAIR-OP-DE","","FAMILY_CLASS_INHERITED","UNQUALIFIED","NOT_TESTED","false"
"PS-MATRIX-02155","PS-MAT-OPTICAL_RESIN","PS-MAT-DIEL_EPOXY","OP","DE","S","PS-PAIR-OP-DE","","FAMILY_CLASS_INHERITED","UNQUALIFIED","NOT_TESTED","false"
"PS-MATRIX-02156","PS-MAT-OPTICAL_RESIN","PS-MAT-POLYIMIDE","OP","DE","S","PS-PAIR-OP-DE","","FAMILY_CLASS_INHERITED","UNQUALIFIED","NOT_TESTED","false"
"PS-MATRIX-02157","PS-MAT-OPTICAL_RESIN","PS-MAT-PARylene","OP","DE","S","PS-PAIR-OP-DE","","FAMILY_CLASS_INHERITED","UNQUALIFIED","NOT_TESTED","false"
"PS-MATRIX-02158","PS-MAT-OPTICAL_RESIN","PS-MAT-FERRITE_PASTE","OP","MG","T","PS-PAIR-OP-MG","","FAMILY_CLASS_INHERITED","UNQUALIFIED","NOT_TESTED","false"
"PS-MATRIX-02159","PS-MAT-OPTICAL_RESIN","PS-MAT-NDFEB_BONDED","OP","MG","T","PS-PAIR-OP-MG","","FAMILY_CLASS_INHERITED","UNQUALIFIED","NOT_TESTED","false"
"PS-MATRIX-02160","PS-MAT-OPTICAL_RESIN","PS-MAT-IRON_COMPOSITE","OP","MG","T","PS-PAIR-OP-MG","","FAMILY_CLASS_INHERITED","UNQUALIFIED","NOT_TESTED","false"
"PS-MATRIX-02161","PS-MAT-OPTICAL_RESIN","PS-MAT-OPTICAL_RESIN","OP","OP","P","PS-PAIR-OP-OP","","FAMILY_CLASS_INHERITED","UNQUALIFIED","NOT_TESTED","false"
"PS-MATRIX-02162","PS-MAT-OPTICAL_RESIN","PS-MAT-PMMA","OP","OP","P","PS-PAIR-OP-OP","","FAMILY_CLASS_INHERITED","UNQUALIFIED","NOT_TESTED","false"
"PS-MATRIX-02163","PS-MAT-OPTICAL_RESIN","PS-MAT-FUSED_SILICA","OP","OP","P","PS-PAIR-OP-OP","","FAMILY_CLASS_INHERITED","UNQUALIFIED","NOT_TESTED","false"
"PS-MATRIX-02164","PS-MAT-OPTICAL_RESIN","PS-MAT-PHOSPHOR_FILM","OP","OP","P","PS-PAIR-OP-OP","PS-MR-029-AB","ROUTE_SEED_ONLY","UNQUALIFIED","NOT_TESTED","false"
"PS-MATRIX-02165","PS-MAT-OPTICAL_RESIN","PS-MAT-PVA_SUPPORT","OP","FL","T","PS-PAIR-OP-FL","","FAMILY_CLASS_INHERITED","UNQUALIFIED","NOT_TESTED","false"
"PS-MATRIX-02166","PS-MAT-OPTICAL_RESIN","PS-MAT-WAX_SUPPORT","OP","FL","T","PS-PAIR-OP-FL","","FAMILY_CLASS_INHERITED","UNQUALIFIED","NOT_TESTED","false"
"PS-MATRIX-02167","PS-MAT-OPTICAL_RESIN","PS-MAT-MICROGEL","OP","FL","T","PS-PAIR-OP-FL","","FAMILY_CLASS_INHERITED","UNQUALIFIED","NOT_TESTED","false"
"PS-MATRIX-02168","PS-MAT-OPTICAL_RESIN","PS-MAT-GAS_CAVITY","OP","FL","T","PS-PAIR-OP-FL","","FAMILY_CLASS_INHERITED","UNQUALIFIED","NOT_TESTED","false"
"PS-MATRIX-02169","PS-MAT-OPTICAL_RESIN","PS-MAT-GRAPHITE_ANODE","OP","EC","T","PS-PAIR-OP-EC","","FAMILY_CLASS_INHERITED","UNQUALIFIED","NOT_TESTED","false"
"PS-MATRIX-02170","PS-MAT-OPTICAL_RESIN","PS-MAT-LFP_CATHODE","OP","EC","T","PS-PAIR-OP-EC","","FAMILY_CLASS_INHERITED","UNQUALIFIED","NOT_TESTED","false"
"PS-MATRIX-02171","PS-MAT-OPTICAL_RESIN","PS-MAT-GEL_ELECTROLYTE","OP","EC","T","PS-PAIR-OP-EC","","FAMILY_CLASS_INHERITED","UNQUALIFIED","NOT_TESTED","false"
"PS-MATRIX-02172","PS-MAT-OPTICAL_RESIN","PS-MAT-CARBON_SUPERCAP","OP","EC","T","PS-PAIR-OP-EC","","FAMILY_CLASS_INHERITED","UNQUALIFIED","NOT_TESTED","false"
"PS-MATRIX-02173","PS-MAT-OPTICAL_RESIN","PS-MAT-SILICON_DIE","OP","SC","M","PS-PAIR-OP-SC","","FAMILY_CLASS_INHERITED","UNQUALIFIED","NOT_TESTED","false"
"PS-MATRIX-02174","PS-MAT-OPTICAL_RESIN","PS-MAT-CAMERA_MODULE","OP","SC","M","PS-PAIR-OP-SC","","FAMILY_CLASS_INHERITED","UNQUALIFIED","NOT_TESTED","false"
"PS-MATRIX-02175","PS-MAT-OPTICAL_RESIN","PS-MAT-LED_PACKAGE","OP","SC","M","PS-PAIR-OP-SC","PS-MR-016-AB","ROUTE_SEED_ONLY","UNQUALIFIED","NOT_TESTED","false"
"PS-MATRIX-02176","PS-MAT-OPTICAL_RESIN","PS-MAT-RF_IC","OP","SC","M","PS-PAIR-OP-SC","","FAMILY_CLASS_INHERITED","UNQUALIFIED","NOT_TESTED","false"
"PS-MATRIX-02177","PS-MAT-OPTICAL_RESIN","PS-MAT-LFP_MODULE","OP","BT","M","PS-PAIR-OP-BT","","FAMILY_CLASS_INHERITED","UNQUALIFIED","NOT_TESTED","false"
"PS-MATRIX-02178","PS-MAT-OPTICAL_RESIN","PS-MAT-LIION_MODULE","OP","BT","M","PS-PAIR-OP-BT","","FAMILY_CLASS_INHERITED","UNQUALIFIED","NOT_TESTED","false"
"PS-MATRIX-02179","PS-MAT-OPTICAL_RESIN","PS-MAT-CAP_BANK","OP","BT","M","PS-PAIR-OP-BT","","FAMILY_CLASS_INHERITED","UNQUALIFIED","NOT_TESTED","false"
"PS-MATRIX-02180","PS-MAT-OPTICAL_RESIN","PS-MAT-ALGINATE","OP","BV","T","PS-PAIR-OP-BV","","FAMILY_CLASS_INHERITED","UNQUALIFIED","NOT_TESTED","false"
"PS-MATRIX-02181","PS-MAT-OPTICAL_RESIN","PS-MAT-GELATIN","OP","BV","T","PS-PAIR-OP-BV","","FAMILY_CLASS_INHERITED","UNQUALIFIED","NOT_TESTED","false"
"PS-MATRIX-02182","PS-MAT-OPTICAL_RESIN","PS-MAT-COLLAGEN","OP","BV","T","PS-PAIR-OP-BV","","FAMILY_CLASS_INHERITED","UNQUALIFIED","NOT_TESTED","false"
"PS-MATRIX-02183","PS-MAT-OPTICAL_RESIN","PS-MAT-CELL_INK","OP","BV","T","PS-PAIR-OP-BV","","FAMILY_CLASS_INHERITED","UNQUALIFIED","NOT_TESTED","false"
"PS-MATRIX-02184","PS-MAT-PMMA","PS-MAT-CU_OFHC","OP","MT","T","PS-PAIR-OP-MT","","FAMILY_CLASS_INHERITED","UNQUALIFIED","NOT_TESTED","false"
"PS-MATRIX-02185","PS-MAT-PMMA","PS-MAT-AL_6061","OP","MT","T","PS-PAIR-OP-MT","","FAMILY_CLASS_INHERITED","UNQUALIFIED","NOT_TESTED","false"
"PS-MATRIX-02186","PS-MAT-PMMA","PS-MAT-SS_316L","OP","MT","T","PS-PAIR-OP-MT","","FAMILY_CLASS_INHERITED","UNQUALIFIED","NOT_TESTED","false"
"PS-MATRIX-02187","PS-MAT-PMMA","PS-MAT-TI_64","OP","MT","T","PS-PAIR-OP-MT","","FAMILY_CLASS_INHERITED","UNQUALIFIED","NOT_TESTED","false"
"PS-MATRIX-02188","PS-MAT-PMMA","PS-MAT-NI_ALLOY","OP","MT","T","PS-PAIR-OP-MT","","FAMILY_CLASS_INHERITED","UNQUALIFIED","NOT_TESTED","false"
"PS-MATRIX-02189","PS-MAT-PMMA","PS-MAT-AG_METAL","OP","MT","T","PS-PAIR-OP-MT","","FAMILY_CLASS_INHERITED","UNQUALIFIED","NOT_TESTED","false"
"PS-MATRIX-02190","PS-MAT-PMMA","PS-MAT-ALUMINA","OP","CR","T","PS-PAIR-OP-CR","","FAMILY_CLASS_INHERITED","UNQUALIFIED","NOT_TESTED","false"
"PS-MATRIX-02191","PS-MAT-PMMA","PS-MAT-SILICA","OP","CR","T","PS-PAIR-OP-CR","","FAMILY_CLASS_INHERITED","UNQUALIFIED","NOT_TESTED","false"
"PS-MATRIX-02192","PS-MAT-PMMA","PS-MAT-ZIRCONIA","OP","CR","T","PS-PAIR-OP-CR","","FAMILY_CLASS_INHERITED","UNQUALIFIED","NOT_TESTED","false"
"PS-MATRIX-02193","PS-MAT-PMMA","PS-MAT-BT_CERAMIC","OP","CR","T","PS-PAIR-OP-CR","","FAMILY_CLASS_INHERITED","UNQUALIFIED","NOT_TESTED","false"
"PS-MATRIX-02194","PS-MAT-PMMA","PS-MAT-BN_CERAMIC","OP","CR","T","PS-PAIR-OP-CR","","FAMILY_CLASS_INHERITED","UNQUALIFIED","NOT_TESTED","false"
"PS-MATRIX-02195","PS-MAT-PMMA","PS-MAT-PLA","OP","TP","T","PS-PAIR-OP-TP","","FAMILY_CLASS_INHERITED","UNQUALIFIED","NOT_TESTED","false"
"PS-MATRIX-02196","PS-MAT-PMMA","PS-MAT-PETG","OP","TP","T","PS-PAIR-OP-TP","","FAMILY_CLASS_INHERITED","UNQUALIFIED","NOT_TESTED","false"
"PS-MATRIX-02197","PS-MAT-PMMA","PS-MAT-ABS","OP","TP","T","PS-PAIR-OP-TP","","FAMILY_CLASS_INHERITED","UNQUALIFIED","NOT_TESTED","false"
"PS-MATRIX-02198","PS-MAT-PMMA","PS-MAT-PA12","OP","TP","T","PS-PAIR-OP-TP","","FAMILY_CLASS_INHERITED","UNQUALIFIED","NOT_TESTED","false"
"PS-MATRIX-02199","PS-MAT-PMMA","PS-MAT-PEEK","OP","TP","T","PS-PAIR-OP-TP","","FAMILY_CLASS_INHERITED","UNQUALIFIED","NOT_TESTED","false"
"PS-MATRIX-02200","PS-MAT-PMMA","PS-MAT-PP","OP","TP","T","PS-PAIR-OP-TP","","FAMILY_CLASS_INHERITED","UNQUALIFIED","NOT_TESTED","false"
"PS-MATRIX-02201","PS-MAT-PMMA","PS-MAT-ACRYLATE","OP","RS","S","PS-PAIR-OP-RS","","FAMILY_CLASS_INHERITED","UNQUALIFIED","NOT_TESTED","false"
"PS-MATRIX-02202","PS-MAT-PMMA","PS-MAT-EPOXY","OP","RS","S","PS-PAIR-OP-RS","","FAMILY_CLASS_INHERITED","UNQUALIFIED","NOT_TESTED","false"
"PS-MATRIX-02203","PS-MAT-PMMA","PS-MAT-SILICONE_RESIN","OP","RS","S","PS-PAIR-OP-RS","","FAMILY_CLASS_INHERITED","UNQUALIFIED","NOT_TESTED","false"
"PS-MATRIX-02204","PS-MAT-PMMA","PS-MAT-TPU","OP","EL","T","PS-PAIR-OP-EL","","FAMILY_CLASS_INHERITED","UNQUALIFIED","NOT_TESTED","false"
"PS-MATRIX-02205","PS-MAT-PMMA","PS-MAT-PDMS","OP","EL","T","PS-PAIR-OP-EL","","FAMILY_CLASS_INHERITED","UNQUALIFIED","NOT_TESTED","false"
"PS-MATRIX-02206","PS-MAT-PMMA","PS-MAT-SILICONE_E","OP","EL","T","PS-PAIR-OP-EL","","FAMILY_CLASS_INHERITED","UNQUALIFIED","NOT_TESTED","false"
"PS-MATRIX-02207","PS-MAT-PMMA","PS-MAT-HYDROGEL_E","OP","EL","T","PS-PAIR-OP-EL","","FAMILY_CLASS_INHERITED","UNQUALIFIED","NOT_TESTED","false"
"PS-MATRIX-02208","PS-MAT-PMMA","PS-MAT-AG_INK","OP","CI","S","PS-PAIR-OP-CI","","FAMILY_CLASS_INHERITED","UNQUALIFIED","NOT_TESTED","false"
"PS-MATRIX-02209","PS-MAT-PMMA","PS-MAT-CU_INK","OP","CI","S","PS-PAIR-OP-CI","","FAMILY_CLASS_INHERITED","UNQUALIFIED","NOT_TESTED","false"
"PS-MATRIX-02210","PS-MAT-PMMA","PS-MAT-CARBON_INK","OP","CI","S","PS-PAIR-OP-CI","","FAMILY_CLASS_INHERITED","UNQUALIFIED","NOT_TESTED","false"
"PS-MATRIX-02211","PS-MAT-PMMA","PS-MAT-GRAPHENE_INK","OP","CI","S","PS-PAIR-OP-CI","","FAMILY_CLASS_INHERITED","UNQUALIFIED","NOT_TESTED","false"
"PS-MATRIX-02212","PS-MAT-PMMA","PS-MAT-PEDOT_PSS","OP","CI","S","PS-PAIR-OP-CI","","FAMILY_CLASS_INHERITED","UNQUALIFIED","NOT_TESTED","false"
"PS-MATRIX-02213","PS-MAT-PMMA","PS-MAT-DIEL_UV","OP","DE","S","PS-PAIR-OP-DE","","FAMILY_CLASS_INHERITED","UNQUALIFIED","NOT_TESTED","false"
"PS-MATRIX-02214","PS-MAT-PMMA","PS-MAT-DIEL_EPOXY","OP","DE","S","PS-PAIR-OP-DE","","FAMILY_CLASS_INHERITED","UNQUALIFIED","NOT_TESTED","false"
"PS-MATRIX-02215","PS-MAT-PMMA","PS-MAT-POLYIMIDE","OP","DE","S","PS-PAIR-OP-DE","","FAMILY_CLASS_INHERITED","UNQUALIFIED","NOT_TESTED","false"
"PS-MATRIX-02216","PS-MAT-PMMA","PS-MAT-PARylene","OP","DE","S","PS-PAIR-OP-DE","","FAMILY_CLASS_INHERITED","UNQUALIFIED","NOT_TESTED","false"
"PS-MATRIX-02217","PS-MAT-PMMA","PS-MAT-FERRITE_PASTE","OP","MG","T","PS-PAIR-OP-MG","","FAMILY_CLASS_INHERITED","UNQUALIFIED","NOT_TESTED","false"
"PS-MATRIX-02218","PS-MAT-PMMA","PS-MAT-NDFEB_BONDED","OP","MG","T","PS-PAIR-OP-MG","","FAMILY_CLASS_INHERITED","UNQUALIFIED","NOT_TESTED","false"
"PS-MATRIX-02219","PS-MAT-PMMA","PS-MAT-IRON_COMPOSITE","OP","MG","T","PS-PAIR-OP-MG","","FAMILY_CLASS_INHERITED","UNQUALIFIED","NOT_TESTED","false"
"PS-MATRIX-02220","PS-MAT-PMMA","PS-MAT-OPTICAL_RESIN","OP","OP","P","PS-PAIR-OP-OP","","FAMILY_CLASS_INHERITED","UNQUALIFIED","NOT_TESTED","false"
"PS-MATRIX-02221","PS-MAT-PMMA","PS-MAT-PMMA","OP","OP","P","PS-PAIR-OP-OP","","FAMILY_CLASS_INHERITED","UNQUALIFIED","NOT_TESTED","false"
"PS-MATRIX-02222","PS-MAT-PMMA","PS-MAT-FUSED_SILICA","OP","OP","P","PS-PAIR-OP-OP","","FAMILY_CLASS_INHERITED","UNQUALIFIED","NOT_TESTED","false"
"PS-MATRIX-02223","PS-MAT-PMMA","PS-MAT-PHOSPHOR_FILM","OP","OP","P","PS-PAIR-OP-OP","","FAMILY_CLASS_INHERITED","UNQUALIFIED","NOT_TESTED","false"
"PS-MATRIX-02224","PS-MAT-PMMA","PS-MAT-PVA_SUPPORT","OP","FL","T","PS-PAIR-OP-FL","","FAMILY_CLASS_INHERITED","UNQUALIFIED","NOT_TESTED","false"
"PS-MATRIX-02225","PS-MAT-PMMA","PS-MAT-WAX_SUPPORT","OP","FL","T","PS-PAIR-OP-FL","","FAMILY_CLASS_INHERITED","UNQUALIFIED","NOT_TESTED","false"
"PS-MATRIX-02226","PS-MAT-PMMA","PS-MAT-MICROGEL","OP","FL","T","PS-PAIR-OP-FL","","FAMILY_CLASS_INHERITED","UNQUALIFIED","NOT_TESTED","false"
"PS-MATRIX-02227","PS-MAT-PMMA","PS-MAT-GAS_CAVITY","OP","FL","T","PS-PAIR-OP-FL","","FAMILY_CLASS_INHERITED","UNQUALIFIED","NOT_TESTED","false"
"PS-MATRIX-02228","PS-MAT-PMMA","PS-MAT-GRAPHITE_ANODE","OP","EC","T","PS-PAIR-OP-EC","","FAMILY_CLASS_INHERITED","UNQUALIFIED","NOT_TESTED","false"
"PS-MATRIX-02229","PS-MAT-PMMA","PS-MAT-LFP_CATHODE","OP","EC","T","PS-PAIR-OP-EC","","FAMILY_CLASS_INHERITED","UNQUALIFIED","NOT_TESTED","false"
"PS-MATRIX-02230","PS-MAT-PMMA","PS-MAT-GEL_ELECTROLYTE","OP","EC","T","PS-PAIR-OP-EC","","FAMILY_CLASS_INHERITED","UNQUALIFIED","NOT_TESTED","false"
"PS-MATRIX-02231","PS-MAT-PMMA","PS-MAT-CARBON_SUPERCAP","OP","EC","T","PS-PAIR-OP-EC","","FAMILY_CLASS_INHERITED","UNQUALIFIED","NOT_TESTED","false"
"PS-MATRIX-02232","PS-MAT-PMMA","PS-MAT-SILICON_DIE","OP","SC","M","PS-PAIR-OP-SC","","FAMILY_CLASS_INHERITED","UNQUALIFIED","NOT_TESTED","false"
"PS-MATRIX-02233","PS-MAT-PMMA","PS-MAT-CAMERA_MODULE","OP","SC","M","PS-PAIR-OP-SC","","FAMILY_CLASS_INHERITED","UNQUALIFIED","NOT_TESTED","false"
"PS-MATRIX-02234","PS-MAT-PMMA","PS-MAT-LED_PACKAGE","OP","SC","M","PS-PAIR-OP-SC","","FAMILY_CLASS_INHERITED","UNQUALIFIED","NOT_TESTED","false"
"PS-MATRIX-02235","PS-MAT-PMMA","PS-MAT-RF_IC","OP","SC","M","PS-PAIR-OP-SC","","FAMILY_CLASS_INHERITED","UNQUALIFIED","NOT_TESTED","false"
"PS-MATRIX-02236","PS-MAT-PMMA","PS-MAT-LFP_MODULE","OP","BT","M","PS-PAIR-OP-BT","","FAMILY_CLASS_INHERITED","UNQUALIFIED","NOT_TESTED","false"
"PS-MATRIX-02237","PS-MAT-PMMA","PS-MAT-LIION_MODULE","OP","BT","M","PS-PAIR-OP-BT","","FAMILY_CLASS_INHERITED","UNQUALIFIED","NOT_TESTED","false"
"PS-MATRIX-02238","PS-MAT-PMMA","PS-MAT-CAP_BANK","OP","BT","M","PS-PAIR-OP-BT","","FAMILY_CLASS_INHERITED","UNQUALIFIED","NOT_TESTED","false"
"PS-MATRIX-02239","PS-MAT-PMMA","PS-MAT-ALGINATE","OP","BV","T","PS-PAIR-OP-BV","","FAMILY_CLASS_INHERITED","UNQUALIFIED","NOT_TESTED","false"
"PS-MATRIX-02240","PS-MAT-PMMA","PS-MAT-GELATIN","OP","BV","T","PS-PAIR-OP-BV","","FAMILY_CLASS_INHERITED","UNQUALIFIED","NOT_TESTED","false"
"PS-MATRIX-02241","PS-MAT-PMMA","PS-MAT-COLLAGEN","OP","BV","T","PS-PAIR-OP-BV","","FAMILY_CLASS_INHERITED","UNQUALIFIED","NOT_TESTED","false"
"PS-MATRIX-02242","PS-MAT-PMMA","PS-MAT-CELL_INK","OP","BV","T","PS-PAIR-OP-BV","","FAMILY_CLASS_INHERITED","UNQUALIFIED","NOT_TESTED","false"
"PS-MATRIX-02243","PS-MAT-FUSED_SILICA","PS-MAT-CU_OFHC","OP","MT","T","PS-PAIR-OP-MT","","FAMILY_CLASS_INHERITED","UNQUALIFIED","NOT_TESTED","false"
"PS-MATRIX-02244","PS-MAT-FUSED_SILICA","PS-MAT-AL_6061","OP","MT","T","PS-PAIR-OP-MT","","FAMILY_CLASS_INHERITED","UNQUALIFIED","NOT_TESTED","false"
"PS-MATRIX-02245","PS-MAT-FUSED_SILICA","PS-MAT-SS_316L","OP","MT","T","PS-PAIR-OP-MT","","FAMILY_CLASS_INHERITED","UNQUALIFIED","NOT_TESTED","false"
"PS-MATRIX-02246","PS-MAT-FUSED_SILICA","PS-MAT-TI_64","OP","MT","T","PS-PAIR-OP-MT","","FAMILY_CLASS_INHERITED","UNQUALIFIED","NOT_TESTED","false"
"PS-MATRIX-02247","PS-MAT-FUSED_SILICA","PS-MAT-NI_ALLOY","OP","MT","T","PS-PAIR-OP-MT","","FAMILY_CLASS_INHERITED","UNQUALIFIED","NOT_TESTED","false"
"PS-MATRIX-02248","PS-MAT-FUSED_SILICA","PS-MAT-AG_METAL","OP","MT","T","PS-PAIR-OP-MT","","FAMILY_CLASS_INHERITED","UNQUALIFIED","NOT_TESTED","false"
"PS-MATRIX-02249","PS-MAT-FUSED_SILICA","PS-MAT-ALUMINA","OP","CR","T","PS-PAIR-OP-CR","","FAMILY_CLASS_INHERITED","UNQUALIFIED","NOT_TESTED","false"
"PS-MATRIX-02250","PS-MAT-FUSED_SILICA","PS-MAT-SILICA","OP","CR","T","PS-PAIR-OP-CR","","FAMILY_CLASS_INHERITED","UNQUALIFIED","NOT_TESTED","false"
"PS-MATRIX-02251","PS-MAT-FUSED_SILICA","PS-MAT-ZIRCONIA","OP","CR","T","PS-PAIR-OP-CR","","FAMILY_CLASS_INHERITED","UNQUALIFIED","NOT_TESTED","false"
"PS-MATRIX-02252","PS-MAT-FUSED_SILICA","PS-MAT-BT_CERAMIC","OP","CR","T","PS-PAIR-OP-CR","","FAMILY_CLASS_INHERITED","UNQUALIFIED","NOT_TESTED","false"
"PS-MATRIX-02253","PS-MAT-FUSED_SILICA","PS-MAT-BN_CERAMIC","OP","CR","T","PS-PAIR-OP-CR","","FAMILY_CLASS_INHERITED","UNQUALIFIED","NOT_TESTED","false"
"PS-MATRIX-02254","PS-MAT-FUSED_SILICA","PS-MAT-PLA","OP","TP","T","PS-PAIR-OP-TP","","FAMILY_CLASS_INHERITED","UNQUALIFIED","NOT_TESTED","false"
"PS-MATRIX-02255","PS-MAT-FUSED_SILICA","PS-MAT-PETG","OP","TP","T","PS-PAIR-OP-TP","","FAMILY_CLASS_INHERITED","UNQUALIFIED","NOT_TESTED","false"
"PS-MATRIX-02256","PS-MAT-FUSED_SILICA","PS-MAT-ABS","OP","TP","T","PS-PAIR-OP-TP","","FAMILY_CLASS_INHERITED","UNQUALIFIED","NOT_TESTED","false"
"PS-MATRIX-02257","PS-MAT-FUSED_SILICA","PS-MAT-PA12","OP","TP","T","PS-PAIR-OP-TP","","FAMILY_CLASS_INHERITED","UNQUALIFIED","NOT_TESTED","false"
"PS-MATRIX-02258","PS-MAT-FUSED_SILICA","PS-MAT-PEEK","OP","TP","T","PS-PAIR-OP-TP","","FAMILY_CLASS_INHERITED","UNQUALIFIED","NOT_TESTED","false"
"PS-MATRIX-02259","PS-MAT-FUSED_SILICA","PS-MAT-PP","OP","TP","T","PS-PAIR-OP-TP","","FAMILY_CLASS_INHERITED","UNQUALIFIED","NOT_TESTED","false"
"PS-MATRIX-02260","PS-MAT-FUSED_SILICA","PS-MAT-ACRYLATE","OP","RS","S","PS-PAIR-OP-RS","","FAMILY_CLASS_INHERITED","UNQUALIFIED","NOT_TESTED","false"
"PS-MATRIX-02261","PS-MAT-FUSED_SILICA","PS-MAT-EPOXY","OP","RS","S","PS-PAIR-OP-RS","","FAMILY_CLASS_INHERITED","UNQUALIFIED","NOT_TESTED","false"
"PS-MATRIX-02262","PS-MAT-FUSED_SILICA","PS-MAT-SILICONE_RESIN","OP","RS","S","PS-PAIR-OP-RS","","FAMILY_CLASS_INHERITED","UNQUALIFIED","NOT_TESTED","false"
"PS-MATRIX-02263","PS-MAT-FUSED_SILICA","PS-MAT-TPU","OP","EL","T","PS-PAIR-OP-EL","","FAMILY_CLASS_INHERITED","UNQUALIFIED","NOT_TESTED","false"
"PS-MATRIX-02264","PS-MAT-FUSED_SILICA","PS-MAT-PDMS","OP","EL","T","PS-PAIR-OP-EL","","FAMILY_CLASS_INHERITED","UNQUALIFIED","NOT_TESTED","false"
"PS-MATRIX-02265","PS-MAT-FUSED_SILICA","PS-MAT-SILICONE_E","OP","EL","T","PS-PAIR-OP-EL","","FAMILY_CLASS_INHERITED","UNQUALIFIED","NOT_TESTED","false"
"PS-MATRIX-02266","PS-MAT-FUSED_SILICA","PS-MAT-HYDROGEL_E","OP","EL","T","PS-PAIR-OP-EL","","FAMILY_CLASS_INHERITED","UNQUALIFIED","NOT_TESTED","false"
"PS-MATRIX-02267","PS-MAT-FUSED_SILICA","PS-MAT-AG_INK","OP","CI","S","PS-PAIR-OP-CI","","FAMILY_CLASS_INHERITED","UNQUALIFIED","NOT_TESTED","false"
"PS-MATRIX-02268","PS-MAT-FUSED_SILICA","PS-MAT-CU_INK","OP","CI","S","PS-PAIR-OP-CI","","FAMILY_CLASS_INHERITED","UNQUALIFIED","NOT_TESTED","false"
"PS-MATRIX-02269","PS-MAT-FUSED_SILICA","PS-MAT-CARBON_INK","OP","CI","S","PS-PAIR-OP-CI","","FAMILY_CLASS_INHERITED","UNQUALIFIED","NOT_TESTED","false"
"PS-MATRIX-02270","PS-MAT-FUSED_SILICA","PS-MAT-GRAPHENE_INK","OP","CI","S","PS-PAIR-OP-CI","","FAMILY_CLASS_INHERITED","UNQUALIFIED","NOT_TESTED","false"
"PS-MATRIX-02271","PS-MAT-FUSED_SILICA","PS-MAT-PEDOT_PSS","OP","CI","S","PS-PAIR-OP-CI","","FAMILY_CLASS_INHERITED","UNQUALIFIED","NOT_TESTED","false"
"PS-MATRIX-02272","PS-MAT-FUSED_SILICA","PS-MAT-DIEL_UV","OP","DE","S","PS-PAIR-OP-DE","","FAMILY_CLASS_INHERITED","UNQUALIFIED","NOT_TESTED","false"
"PS-MATRIX-02273","PS-MAT-FUSED_SILICA","PS-MAT-DIEL_EPOXY","OP","DE","S","PS-PAIR-OP-DE","","FAMILY_CLASS_INHERITED","UNQUALIFIED","NOT_TESTED","false"
"PS-MATRIX-02274","PS-MAT-FUSED_SILICA","PS-MAT-POLYIMIDE","OP","DE","S","PS-PAIR-OP-DE","","FAMILY_CLASS_INHERITED","UNQUALIFIED","NOT_TESTED","false"
"PS-MATRIX-02275","PS-MAT-FUSED_SILICA","PS-MAT-PARylene","OP","DE","S","PS-PAIR-OP-DE","","FAMILY_CLASS_INHERITED","UNQUALIFIED","NOT_TESTED","false"
"PS-MATRIX-02276","PS-MAT-FUSED_SILICA","PS-MAT-FERRITE_PASTE","OP","MG","T","PS-PAIR-OP-MG","","FAMILY_CLASS_INHERITED","UNQUALIFIED","NOT_TESTED","false"
"PS-MATRIX-02277","PS-MAT-FUSED_SILICA","PS-MAT-NDFEB_BONDED","OP","MG","T","PS-PAIR-OP-MG","","FAMILY_CLASS_INHERITED","UNQUALIFIED","NOT_TESTED","false"
"PS-MATRIX-02278","PS-MAT-FUSED_SILICA","PS-MAT-IRON_COMPOSITE","OP","MG","T","PS-PAIR-OP-MG","","FAMILY_CLASS_INHERITED","UNQUALIFIED","NOT_TESTED","false"
"PS-MATRIX-02279","PS-MAT-FUSED_SILICA","PS-MAT-OPTICAL_RESIN","OP","OP","P","PS-PAIR-OP-OP","","FAMILY_CLASS_INHERITED","UNQUALIFIED","NOT_TESTED","false"
"PS-MATRIX-02280","PS-MAT-FUSED_SILICA","PS-MAT-PMMA","OP","OP","P","PS-PAIR-OP-OP","","FAMILY_CLASS_INHERITED","UNQUALIFIED","NOT_TESTED","false"
"PS-MATRIX-02281","PS-MAT-FUSED_SILICA","PS-MAT-FUSED_SILICA","OP","OP","P","PS-PAIR-OP-OP","","FAMILY_CLASS_INHERITED","UNQUALIFIED","NOT_TESTED","false"
"PS-MATRIX-02282","PS-MAT-FUSED_SILICA","PS-MAT-PHOSPHOR_FILM","OP","OP","P","PS-PAIR-OP-OP","","FAMILY_CLASS_INHERITED","UNQUALIFIED","NOT_TESTED","false"
"PS-MATRIX-02283","PS-MAT-FUSED_SILICA","PS-MAT-PVA_SUPPORT","OP","FL","T","PS-PAIR-OP-FL","","FAMILY_CLASS_INHERITED","UNQUALIFIED","NOT_TESTED","false"
"PS-MATRIX-02284","PS-MAT-FUSED_SILICA","PS-MAT-WAX_SUPPORT","OP","FL","T","PS-PAIR-OP-FL","","FAMILY_CLASS_INHERITED","UNQUALIFIED","NOT_TESTED","false"
"PS-MATRIX-02285","PS-MAT-FUSED_SILICA","PS-MAT-MICROGEL","OP","FL","T","PS-PAIR-OP-FL","","FAMILY_CLASS_INHERITED","UNQUALIFIED","NOT_TESTED","false"
"PS-MATRIX-02286","PS-MAT-FUSED_SILICA","PS-MAT-GAS_CAVITY","OP","FL","T","PS-PAIR-OP-FL","","FAMILY_CLASS_INHERITED","UNQUALIFIED","NOT_TESTED","false"
"PS-MATRIX-02287","PS-MAT-FUSED_SILICA","PS-MAT-GRAPHITE_ANODE","OP","EC","T","PS-PAIR-OP-EC","","FAMILY_CLASS_INHERITED","UNQUALIFIED","NOT_TESTED","false"
"PS-MATRIX-02288","PS-MAT-FUSED_SILICA","PS-MAT-LFP_CATHODE","OP","EC","T","PS-PAIR-OP-EC","","FAMILY_CLASS_INHERITED","UNQUALIFIED","NOT_TESTED","false"
"PS-MATRIX-02289","PS-MAT-FUSED_SILICA","PS-MAT-GEL_ELECTROLYTE","OP","EC","T","PS-PAIR-OP-EC","","FAMILY_CLASS_INHERITED","UNQUALIFIED","NOT_TESTED","false"
"PS-MATRIX-02290","PS-MAT-FUSED_SILICA","PS-MAT-CARBON_SUPERCAP","OP","EC","T","PS-PAIR-OP-EC","","FAMILY_CLASS_INHERITED","UNQUALIFIED","NOT_TESTED","false"
"PS-MATRIX-02291","PS-MAT-FUSED_SILICA","PS-MAT-SILICON_DIE","OP","SC","M","PS-PAIR-OP-SC","","FAMILY_CLASS_INHERITED","UNQUALIFIED","NOT_TESTED","false"
"PS-MATRIX-02292","PS-MAT-FUSED_SILICA","PS-MAT-CAMERA_MODULE","OP","SC","M","PS-PAIR-OP-SC","","FAMILY_CLASS_INHERITED","UNQUALIFIED","NOT_TESTED","false"
"PS-MATRIX-02293","PS-MAT-FUSED_SILICA","PS-MAT-LED_PACKAGE","OP","SC","M","PS-PAIR-OP-SC","","FAMILY_CLASS_INHERITED","UNQUALIFIED","NOT_TESTED","false"
"PS-MATRIX-02294","PS-MAT-FUSED_SILICA","PS-MAT-RF_IC","OP","SC","M","PS-PAIR-OP-SC","PS-MR-033-AB","ROUTE_SEED_ONLY","UNQUALIFIED","NOT_TESTED","false"
"PS-MATRIX-02295","PS-MAT-FUSED_SILICA","PS-MAT-LFP_MODULE","OP","BT","M","PS-PAIR-OP-BT","","FAMILY_CLASS_INHERITED","UNQUALIFIED","NOT_TESTED","false"
"PS-MATRIX-02296","PS-MAT-FUSED_SILICA","PS-MAT-LIION_MODULE","OP","BT","M","PS-PAIR-OP-BT","","FAMILY_CLASS_INHERITED","UNQUALIFIED","NOT_TESTED","false"
"PS-MATRIX-02297","PS-MAT-FUSED_SILICA","PS-MAT-CAP_BANK","OP","BT","M","PS-PAIR-OP-BT","","FAMILY_CLASS_INHERITED","UNQUALIFIED","NOT_TESTED","false"
"PS-MATRIX-02298","PS-MAT-FUSED_SILICA","PS-MAT-ALGINATE","OP","BV","T","PS-PAIR-OP-BV","","FAMILY_CLASS_INHERITED","UNQUALIFIED","NOT_TESTED","false"
"PS-MATRIX-02299","PS-MAT-FUSED_SILICA","PS-MAT-GELATIN","OP","BV","T","PS-PAIR-OP-BV","","FAMILY_CLASS_INHERITED","UNQUALIFIED","NOT_TESTED","false"
"PS-MATRIX-02300","PS-MAT-FUSED_SILICA","PS-MAT-COLLAGEN","OP","BV","T","PS-PAIR-OP-BV","","FAMILY_CLASS_INHERITED","UNQUALIFIED","NOT_TESTED","false"
"PS-MATRIX-02301","PS-MAT-FUSED_SILICA","PS-MAT-CELL_INK","OP","BV","T","PS-PAIR-OP-BV","","FAMILY_CLASS_INHERITED","UNQUALIFIED","NOT_TESTED","false"
"PS-MATRIX-02302","PS-MAT-PHOSPHOR_FILM","PS-MAT-CU_OFHC","OP","MT","T","PS-PAIR-OP-MT","","FAMILY_CLASS_INHERITED","UNQUALIFIED","NOT_TESTED","false"
"PS-MATRIX-02303","PS-MAT-PHOSPHOR_FILM","PS-MAT-AL_6061","OP","MT","T","PS-PAIR-OP-MT","","FAMILY_CLASS_INHERITED","UNQUALIFIED","NOT_TESTED","false"
"PS-MATRIX-02304","PS-MAT-PHOSPHOR_FILM","PS-MAT-SS_316L","OP","MT","T","PS-PAIR-OP-MT","","FAMILY_CLASS_INHERITED","UNQUALIFIED","NOT_TESTED","false"
"PS-MATRIX-02305","PS-MAT-PHOSPHOR_FILM","PS-MAT-TI_64","OP","MT","T","PS-PAIR-OP-MT","","FAMILY_CLASS_INHERITED","UNQUALIFIED","NOT_TESTED","false"
"PS-MATRIX-02306","PS-MAT-PHOSPHOR_FILM","PS-MAT-NI_ALLOY","OP","MT","T","PS-PAIR-OP-MT","","FAMILY_CLASS_INHERITED","UNQUALIFIED","NOT_TESTED","false"
"PS-MATRIX-02307","PS-MAT-PHOSPHOR_FILM","PS-MAT-AG_METAL","OP","MT","T","PS-PAIR-OP-MT","","FAMILY_CLASS_INHERITED","UNQUALIFIED","NOT_TESTED","false"
"PS-MATRIX-02308","PS-MAT-PHOSPHOR_FILM","PS-MAT-ALUMINA","OP","CR","T","PS-PAIR-OP-CR","","FAMILY_CLASS_INHERITED","UNQUALIFIED","NOT_TESTED","false"
"PS-MATRIX-02309","PS-MAT-PHOSPHOR_FILM","PS-MAT-SILICA","OP","CR","T","PS-PAIR-OP-CR","","FAMILY_CLASS_INHERITED","UNQUALIFIED","NOT_TESTED","false"
"PS-MATRIX-02310","PS-MAT-PHOSPHOR_FILM","PS-MAT-ZIRCONIA","OP","CR","T","PS-PAIR-OP-CR","","FAMILY_CLASS_INHERITED","UNQUALIFIED","NOT_TESTED","false"
"PS-MATRIX-02311","PS-MAT-PHOSPHOR_FILM","PS-MAT-BT_CERAMIC","OP","CR","T","PS-PAIR-OP-CR","","FAMILY_CLASS_INHERITED","UNQUALIFIED","NOT_TESTED","false"
"PS-MATRIX-02312","PS-MAT-PHOSPHOR_FILM","PS-MAT-BN_CERAMIC","OP","CR","T","PS-PAIR-OP-CR","","FAMILY_CLASS_INHERITED","UNQUALIFIED","NOT_TESTED","false"
"PS-MATRIX-02313","PS-MAT-PHOSPHOR_FILM","PS-MAT-PLA","OP","TP","T","PS-PAIR-OP-TP","","FAMILY_CLASS_INHERITED","UNQUALIFIED","NOT_TESTED","false"
"PS-MATRIX-02314","PS-MAT-PHOSPHOR_FILM","PS-MAT-PETG","OP","TP","T","PS-PAIR-OP-TP","","FAMILY_CLASS_INHERITED","UNQUALIFIED","NOT_TESTED","false"
"PS-MATRIX-02315","PS-MAT-PHOSPHOR_FILM","PS-MAT-ABS","OP","TP","T","PS-PAIR-OP-TP","","FAMILY_CLASS_INHERITED","UNQUALIFIED","NOT_TESTED","false"
"PS-MATRIX-02316","PS-MAT-PHOSPHOR_FILM","PS-MAT-PA12","OP","TP","T","PS-PAIR-OP-TP","","FAMILY_CLASS_INHERITED","UNQUALIFIED","NOT_TESTED","false"
"PS-MATRIX-02317","PS-MAT-PHOSPHOR_FILM","PS-MAT-PEEK","OP","TP","T","PS-PAIR-OP-TP","","FAMILY_CLASS_INHERITED","UNQUALIFIED","NOT_TESTED","false"
"PS-MATRIX-02318","PS-MAT-PHOSPHOR_FILM","PS-MAT-PP","OP","TP","T","PS-PAIR-OP-TP","","FAMILY_CLASS_INHERITED","UNQUALIFIED","NOT_TESTED","false"
"PS-MATRIX-02319","PS-MAT-PHOSPHOR_FILM","PS-MAT-ACRYLATE","OP","RS","S","PS-PAIR-OP-RS","","FAMILY_CLASS_INHERITED","UNQUALIFIED","NOT_TESTED","false"
"PS-MATRIX-02320","PS-MAT-PHOSPHOR_FILM","PS-MAT-EPOXY","OP","RS","S","PS-PAIR-OP-RS","","FAMILY_CLASS_INHERITED","UNQUALIFIED","NOT_TESTED","false"
"PS-MATRIX-02321","PS-MAT-PHOSPHOR_FILM","PS-MAT-SILICONE_RESIN","OP","RS","S","PS-PAIR-OP-RS","","FAMILY_CLASS_INHERITED","UNQUALIFIED","NOT_TESTED","false"
"PS-MATRIX-02322","PS-MAT-PHOSPHOR_FILM","PS-MAT-TPU","OP","EL","T","PS-PAIR-OP-EL","","FAMILY_CLASS_INHERITED","UNQUALIFIED","NOT_TESTED","false"
"PS-MATRIX-02323","PS-MAT-PHOSPHOR_FILM","PS-MAT-PDMS","OP","EL","T","PS-PAIR-OP-EL","","FAMILY_CLASS_INHERITED","UNQUALIFIED","NOT_TESTED","false"
"PS-MATRIX-02324","PS-MAT-PHOSPHOR_FILM","PS-MAT-SILICONE_E","OP","EL","T","PS-PAIR-OP-EL","","FAMILY_CLASS_INHERITED","UNQUALIFIED","NOT_TESTED","false"
"PS-MATRIX-02325","PS-MAT-PHOSPHOR_FILM","PS-MAT-HYDROGEL_E","OP","EL","T","PS-PAIR-OP-EL","","FAMILY_CLASS_INHERITED","UNQUALIFIED","NOT_TESTED","false"
"PS-MATRIX-02326","PS-MAT-PHOSPHOR_FILM","PS-MAT-AG_INK","OP","CI","S","PS-PAIR-OP-CI","","FAMILY_CLASS_INHERITED","UNQUALIFIED","NOT_TESTED","false"
"PS-MATRIX-02327","PS-MAT-PHOSPHOR_FILM","PS-MAT-CU_INK","OP","CI","S","PS-PAIR-OP-CI","","FAMILY_CLASS_INHERITED","UNQUALIFIED","NOT_TESTED","false"
"PS-MATRIX-02328","PS-MAT-PHOSPHOR_FILM","PS-MAT-CARBON_INK","OP","CI","S","PS-PAIR-OP-CI","","FAMILY_CLASS_INHERITED","UNQUALIFIED","NOT_TESTED","false"
"PS-MATRIX-02329","PS-MAT-PHOSPHOR_FILM","PS-MAT-GRAPHENE_INK","OP","CI","S","PS-PAIR-OP-CI","","FAMILY_CLASS_INHERITED","UNQUALIFIED","NOT_TESTED","false"
"PS-MATRIX-02330","PS-MAT-PHOSPHOR_FILM","PS-MAT-PEDOT_PSS","OP","CI","S","PS-PAIR-OP-CI","","FAMILY_CLASS_INHERITED","UNQUALIFIED","NOT_TESTED","false"
"PS-MATRIX-02331","PS-MAT-PHOSPHOR_FILM","PS-MAT-DIEL_UV","OP","DE","S","PS-PAIR-OP-DE","","FAMILY_CLASS_INHERITED","UNQUALIFIED","NOT_TESTED","false"
"PS-MATRIX-02332","PS-MAT-PHOSPHOR_FILM","PS-MAT-DIEL_EPOXY","OP","DE","S","PS-PAIR-OP-DE","","FAMILY_CLASS_INHERITED","UNQUALIFIED","NOT_TESTED","false"
"PS-MATRIX-02333","PS-MAT-PHOSPHOR_FILM","PS-MAT-POLYIMIDE","OP","DE","S","PS-PAIR-OP-DE","","FAMILY_CLASS_INHERITED","UNQUALIFIED","NOT_TESTED","false"
"PS-MATRIX-02334","PS-MAT-PHOSPHOR_FILM","PS-MAT-PARylene","OP","DE","S","PS-PAIR-OP-DE","","FAMILY_CLASS_INHERITED","UNQUALIFIED","NOT_TESTED","false"
"PS-MATRIX-02335","PS-MAT-PHOSPHOR_FILM","PS-MAT-FERRITE_PASTE","OP","MG","T","PS-PAIR-OP-MG","","FAMILY_CLASS_INHERITED","UNQUALIFIED","NOT_TESTED","false"
"PS-MATRIX-02336","PS-MAT-PHOSPHOR_FILM","PS-MAT-NDFEB_BONDED","OP","MG","T","PS-PAIR-OP-MG","","FAMILY_CLASS_INHERITED","UNQUALIFIED","NOT_TESTED","false"
"PS-MATRIX-02337","PS-MAT-PHOSPHOR_FILM","PS-MAT-IRON_COMPOSITE","OP","MG","T","PS-PAIR-OP-MG","","FAMILY_CLASS_INHERITED","UNQUALIFIED","NOT_TESTED","false"
"PS-MATRIX-02338","PS-MAT-PHOSPHOR_FILM","PS-MAT-OPTICAL_RESIN","OP","OP","P","PS-PAIR-OP-OP","PS-MR-029-BA","ROUTE_SEED_ONLY","UNQUALIFIED","NOT_TESTED","false"
"PS-MATRIX-02339","PS-MAT-PHOSPHOR_FILM","PS-MAT-PMMA","OP","OP","P","PS-PAIR-OP-OP","","FAMILY_CLASS_INHERITED","UNQUALIFIED","NOT_TESTED","false"
"PS-MATRIX-02340","PS-MAT-PHOSPHOR_FILM","PS-MAT-FUSED_SILICA","OP","OP","P","PS-PAIR-OP-OP","","FAMILY_CLASS_INHERITED","UNQUALIFIED","NOT_TESTED","false"
"PS-MATRIX-02341","PS-MAT-PHOSPHOR_FILM","PS-MAT-PHOSPHOR_FILM","OP","OP","P","PS-PAIR-OP-OP","","FAMILY_CLASS_INHERITED","UNQUALIFIED","NOT_TESTED","false"
"PS-MATRIX-02342","PS-MAT-PHOSPHOR_FILM","PS-MAT-PVA_SUPPORT","OP","FL","T","PS-PAIR-OP-FL","","FAMILY_CLASS_INHERITED","UNQUALIFIED","NOT_TESTED","false"
"PS-MATRIX-02343","PS-MAT-PHOSPHOR_FILM","PS-MAT-WAX_SUPPORT","OP","FL","T","PS-PAIR-OP-FL","","FAMILY_CLASS_INHERITED","UNQUALIFIED","NOT_TESTED","false"
"PS-MATRIX-02344","PS-MAT-PHOSPHOR_FILM","PS-MAT-MICROGEL","OP","FL","T","PS-PAIR-OP-FL","","FAMILY_CLASS_INHERITED","UNQUALIFIED","NOT_TESTED","false"
"PS-MATRIX-02345","PS-MAT-PHOSPHOR_FILM","PS-MAT-GAS_CAVITY","OP","FL","T","PS-PAIR-OP-FL","","FAMILY_CLASS_INHERITED","UNQUALIFIED","NOT_TESTED","false"
"PS-MATRIX-02346","PS-MAT-PHOSPHOR_FILM","PS-MAT-GRAPHITE_ANODE","OP","EC","T","PS-PAIR-OP-EC","","FAMILY_CLASS_INHERITED","UNQUALIFIED","NOT_TESTED","false"
"PS-MATRIX-02347","PS-MAT-PHOSPHOR_FILM","PS-MAT-LFP_CATHODE","OP","EC","T","PS-PAIR-OP-EC","","FAMILY_CLASS_INHERITED","UNQUALIFIED","NOT_TESTED","false"
"PS-MATRIX-02348","PS-MAT-PHOSPHOR_FILM","PS-MAT-GEL_ELECTROLYTE","OP","EC","T","PS-PAIR-OP-EC","","FAMILY_CLASS_INHERITED","UNQUALIFIED","NOT_TESTED","false"
"PS-MATRIX-02349","PS-MAT-PHOSPHOR_FILM","PS-MAT-CARBON_SUPERCAP","OP","EC","T","PS-PAIR-OP-EC","","FAMILY_CLASS_INHERITED","UNQUALIFIED","NOT_TESTED","false"
"PS-MATRIX-02350","PS-MAT-PHOSPHOR_FILM","PS-MAT-SILICON_DIE","OP","SC","M","PS-PAIR-OP-SC","","FAMILY_CLASS_INHERITED","UNQUALIFIED","NOT_TESTED","false"
"PS-MATRIX-02351","PS-MAT-PHOSPHOR_FILM","PS-MAT-CAMERA_MODULE","OP","SC","M","PS-PAIR-OP-SC","","FAMILY_CLASS_INHERITED","UNQUALIFIED","NOT_TESTED","false"
"PS-MATRIX-02352","PS-MAT-PHOSPHOR_FILM","PS-MAT-LED_PACKAGE","OP","SC","M","PS-PAIR-OP-SC","","FAMILY_CLASS_INHERITED","UNQUALIFIED","NOT_TESTED","false"
"PS-MATRIX-02353","PS-MAT-PHOSPHOR_FILM","PS-MAT-RF_IC","OP","SC","M","PS-PAIR-OP-SC","","FAMILY_CLASS_INHERITED","UNQUALIFIED","NOT_TESTED","false"
"PS-MATRIX-02354","PS-MAT-PHOSPHOR_FILM","PS-MAT-LFP_MODULE","OP","BT","M","PS-PAIR-OP-BT","","FAMILY_CLASS_INHERITED","UNQUALIFIED","NOT_TESTED","false"
"PS-MATRIX-02355","PS-MAT-PHOSPHOR_FILM","PS-MAT-LIION_MODULE","OP","BT","M","PS-PAIR-OP-BT","","FAMILY_CLASS_INHERITED","UNQUALIFIED","NOT_TESTED","false"
"PS-MATRIX-02356","PS-MAT-PHOSPHOR_FILM","PS-MAT-CAP_BANK","OP","BT","M","PS-PAIR-OP-BT","","FAMILY_CLASS_INHERITED","UNQUALIFIED","NOT_TESTED","false"
"PS-MATRIX-02357","PS-MAT-PHOSPHOR_FILM","PS-MAT-ALGINATE","OP","BV","T","PS-PAIR-OP-BV","","FAMILY_CLASS_INHERITED","UNQUALIFIED","NOT_TESTED","false"
"PS-MATRIX-02358","PS-MAT-PHOSPHOR_FILM","PS-MAT-GELATIN","OP","BV","T","PS-PAIR-OP-BV","","FAMILY_CLASS_INHERITED","UNQUALIFIED","NOT_TESTED","false"
"PS-MATRIX-02359","PS-MAT-PHOSPHOR_FILM","PS-MAT-COLLAGEN","OP","BV","T","PS-PAIR-OP-BV","","FAMILY_CLASS_INHERITED","UNQUALIFIED","NOT_TESTED","false"
"PS-MATRIX-02360","PS-MAT-PHOSPHOR_FILM","PS-MAT-CELL_INK","OP","BV","T","PS-PAIR-OP-BV","","FAMILY_CLASS_INHERITED","UNQUALIFIED","NOT_TESTED","false"
"PS-MATRIX-02361","PS-MAT-PVA_SUPPORT","PS-MAT-CU_OFHC","FL","MT","T","PS-PAIR-FL-MT","","FAMILY_CLASS_INHERITED","UNQUALIFIED","NOT_TESTED","false"
"PS-MATRIX-02362","PS-MAT-PVA_SUPPORT","PS-MAT-AL_6061","FL","MT","T","PS-PAIR-FL-MT","","FAMILY_CLASS_INHERITED","UNQUALIFIED","NOT_TESTED","false"
"PS-MATRIX-02363","PS-MAT-PVA_SUPPORT","PS-MAT-SS_316L","FL","MT","T","PS-PAIR-FL-MT","","FAMILY_CLASS_INHERITED","UNQUALIFIED","NOT_TESTED","false"
"PS-MATRIX-02364","PS-MAT-PVA_SUPPORT","PS-MAT-TI_64","FL","MT","T","PS-PAIR-FL-MT","","FAMILY_CLASS_INHERITED","UNQUALIFIED","NOT_TESTED","false"
"PS-MATRIX-02365","PS-MAT-PVA_SUPPORT","PS-MAT-NI_ALLOY","FL","MT","T","PS-PAIR-FL-MT","","FAMILY_CLASS_INHERITED","UNQUALIFIED","NOT_TESTED","false"
"PS-MATRIX-02366","PS-MAT-PVA_SUPPORT","PS-MAT-AG_METAL","FL","MT","T","PS-PAIR-FL-MT","","FAMILY_CLASS_INHERITED","UNQUALIFIED","NOT_TESTED","false"
"PS-MATRIX-02367","PS-MAT-PVA_SUPPORT","PS-MAT-ALUMINA","FL","CR","T","PS-PAIR-FL-CR","","FAMILY_CLASS_INHERITED","UNQUALIFIED","NOT_TESTED","false"
"PS-MATRIX-02368","PS-MAT-PVA_SUPPORT","PS-MAT-SILICA","FL","CR","T","PS-PAIR-FL-CR","","FAMILY_CLASS_INHERITED","UNQUALIFIED","NOT_TESTED","false"
"PS-MATRIX-02369","PS-MAT-PVA_SUPPORT","PS-MAT-ZIRCONIA","FL","CR","T","PS-PAIR-FL-CR","","FAMILY_CLASS_INHERITED","UNQUALIFIED","NOT_TESTED","false"
"PS-MATRIX-02370","PS-MAT-PVA_SUPPORT","PS-MAT-BT_CERAMIC","FL","CR","T","PS-PAIR-FL-CR","","FAMILY_CLASS_INHERITED","UNQUALIFIED","NOT_TESTED","false"
"PS-MATRIX-02371","PS-MAT-PVA_SUPPORT","PS-MAT-BN_CERAMIC","FL","CR","T","PS-PAIR-FL-CR","","FAMILY_CLASS_INHERITED","UNQUALIFIED","NOT_TESTED","false"
"PS-MATRIX-02372","PS-MAT-PVA_SUPPORT","PS-MAT-PLA","FL","TP","S","PS-PAIR-FL-TP","","FAMILY_CLASS_INHERITED","UNQUALIFIED","NOT_TESTED","false"
"PS-MATRIX-02373","PS-MAT-PVA_SUPPORT","PS-MAT-PETG","FL","TP","S","PS-PAIR-FL-TP","PS-MR-017-AB","ROUTE_SEED_ONLY","UNQUALIFIED","NOT_TESTED","false"
"PS-MATRIX-02374","PS-MAT-PVA_SUPPORT","PS-MAT-ABS","FL","TP","S","PS-PAIR-FL-TP","","FAMILY_CLASS_INHERITED","UNQUALIFIED","NOT_TESTED","false"
"PS-MATRIX-02375","PS-MAT-PVA_SUPPORT","PS-MAT-PA12","FL","TP","S","PS-PAIR-FL-TP","","FAMILY_CLASS_INHERITED","UNQUALIFIED","NOT_TESTED","false"
"PS-MATRIX-02376","PS-MAT-PVA_SUPPORT","PS-MAT-PEEK","FL","TP","S","PS-PAIR-FL-TP","","FAMILY_CLASS_INHERITED","UNQUALIFIED","NOT_TESTED","false"
"PS-MATRIX-02377","PS-MAT-PVA_SUPPORT","PS-MAT-PP","FL","TP","S","PS-PAIR-FL-TP","","FAMILY_CLASS_INHERITED","UNQUALIFIED","NOT_TESTED","false"
"PS-MATRIX-02378","PS-MAT-PVA_SUPPORT","PS-MAT-ACRYLATE","FL","RS","S","PS-PAIR-FL-RS","","FAMILY_CLASS_INHERITED","UNQUALIFIED","NOT_TESTED","false"
"PS-MATRIX-02379","PS-MAT-PVA_SUPPORT","PS-MAT-EPOXY","FL","RS","S","PS-PAIR-FL-RS","","FAMILY_CLASS_INHERITED","UNQUALIFIED","NOT_TESTED","false"
"PS-MATRIX-02380","PS-MAT-PVA_SUPPORT","PS-MAT-SILICONE_RESIN","FL","RS","S","PS-PAIR-FL-RS","","FAMILY_CLASS_INHERITED","UNQUALIFIED","NOT_TESTED","false"
"PS-MATRIX-02381","PS-MAT-PVA_SUPPORT","PS-MAT-TPU","FL","EL","S","PS-PAIR-FL-EL","","FAMILY_CLASS_INHERITED","UNQUALIFIED","NOT_TESTED","false"
"PS-MATRIX-02382","PS-MAT-PVA_SUPPORT","PS-MAT-PDMS","FL","EL","S","PS-PAIR-FL-EL","","FAMILY_CLASS_INHERITED","UNQUALIFIED","NOT_TESTED","false"
"PS-MATRIX-02383","PS-MAT-PVA_SUPPORT","PS-MAT-SILICONE_E","FL","EL","S","PS-PAIR-FL-EL","","FAMILY_CLASS_INHERITED","UNQUALIFIED","NOT_TESTED","false"
"PS-MATRIX-02384","PS-MAT-PVA_SUPPORT","PS-MAT-HYDROGEL_E","FL","EL","S","PS-PAIR-FL-EL","","FAMILY_CLASS_INHERITED","UNQUALIFIED","NOT_TESTED","false"
"PS-MATRIX-02385","PS-MAT-PVA_SUPPORT","PS-MAT-AG_INK","FL","CI","S","PS-PAIR-FL-CI","","FAMILY_CLASS_INHERITED","UNQUALIFIED","NOT_TESTED","false"
"PS-MATRIX-02386","PS-MAT-PVA_SUPPORT","PS-MAT-CU_INK","FL","CI","S","PS-PAIR-FL-CI","","FAMILY_CLASS_INHERITED","UNQUALIFIED","NOT_TESTED","false"
"PS-MATRIX-02387","PS-MAT-PVA_SUPPORT","PS-MAT-CARBON_INK","FL","CI","S","PS-PAIR-FL-CI","","FAMILY_CLASS_INHERITED","UNQUALIFIED","NOT_TESTED","false"
"PS-MATRIX-02388","PS-MAT-PVA_SUPPORT","PS-MAT-GRAPHENE_INK","FL","CI","S","PS-PAIR-FL-CI","","FAMILY_CLASS_INHERITED","UNQUALIFIED","NOT_TESTED","false"
"PS-MATRIX-02389","PS-MAT-PVA_SUPPORT","PS-MAT-PEDOT_PSS","FL","CI","S","PS-PAIR-FL-CI","","FAMILY_CLASS_INHERITED","UNQUALIFIED","NOT_TESTED","false"
"PS-MATRIX-02390","PS-MAT-PVA_SUPPORT","PS-MAT-DIEL_UV","FL","DE","S","PS-PAIR-FL-DE","","FAMILY_CLASS_INHERITED","UNQUALIFIED","NOT_TESTED","false"
"PS-MATRIX-02391","PS-MAT-PVA_SUPPORT","PS-MAT-DIEL_EPOXY","FL","DE","S","PS-PAIR-FL-DE","","FAMILY_CLASS_INHERITED","UNQUALIFIED","NOT_TESTED","false"
"PS-MATRIX-02392","PS-MAT-PVA_SUPPORT","PS-MAT-POLYIMIDE","FL","DE","S","PS-PAIR-FL-DE","","FAMILY_CLASS_INHERITED","UNQUALIFIED","NOT_TESTED","false"
"PS-MATRIX-02393","PS-MAT-PVA_SUPPORT","PS-MAT-PARylene","FL","DE","S","PS-PAIR-FL-DE","","FAMILY_CLASS_INHERITED","UNQUALIFIED","NOT_TESTED","false"
"PS-MATRIX-02394","PS-MAT-PVA_SUPPORT","PS-MAT-FERRITE_PASTE","FL","MG","S","PS-PAIR-FL-MG","","FAMILY_CLASS_INHERITED","UNQUALIFIED","NOT_TESTED","false"
"PS-MATRIX-02395","PS-MAT-PVA_SUPPORT","PS-MAT-NDFEB_BONDED","FL","MG","S","PS-PAIR-FL-MG","","FAMILY_CLASS_INHERITED","UNQUALIFIED","NOT_TESTED","false"
"PS-MATRIX-02396","PS-MAT-PVA_SUPPORT","PS-MAT-IRON_COMPOSITE","FL","MG","S","PS-PAIR-FL-MG","","FAMILY_CLASS_INHERITED","UNQUALIFIED","NOT_TESTED","false"
"PS-MATRIX-02397","PS-MAT-PVA_SUPPORT","PS-MAT-OPTICAL_RESIN","FL","OP","T","PS-PAIR-FL-OP","","FAMILY_CLASS_INHERITED","UNQUALIFIED","NOT_TESTED","false"
"PS-MATRIX-02398","PS-MAT-PVA_SUPPORT","PS-MAT-PMMA","FL","OP","T","PS-PAIR-FL-OP","","FAMILY_CLASS_INHERITED","UNQUALIFIED","NOT_TESTED","false"
"PS-MATRIX-02399","PS-MAT-PVA_SUPPORT","PS-MAT-FUSED_SILICA","FL","OP","T","PS-PAIR-FL-OP","","FAMILY_CLASS_INHERITED","UNQUALIFIED","NOT_TESTED","false"
"PS-MATRIX-02400","PS-MAT-PVA_SUPPORT","PS-MAT-PHOSPHOR_FILM","FL","OP","T","PS-PAIR-FL-OP","","FAMILY_CLASS_INHERITED","UNQUALIFIED","NOT_TESTED","false"
"PS-MATRIX-02401","PS-MAT-PVA_SUPPORT","PS-MAT-PVA_SUPPORT","FL","FL","P","PS-PAIR-FL-FL","","FAMILY_CLASS_INHERITED","UNQUALIFIED","NOT_TESTED","false"
"PS-MATRIX-02402","PS-MAT-PVA_SUPPORT","PS-MAT-WAX_SUPPORT","FL","FL","P","PS-PAIR-FL-FL","","FAMILY_CLASS_INHERITED","UNQUALIFIED","NOT_TESTED","false"
"PS-MATRIX-02403","PS-MAT-PVA_SUPPORT","PS-MAT-MICROGEL","FL","FL","P","PS-PAIR-FL-FL","","FAMILY_CLASS_INHERITED","UNQUALIFIED","NOT_TESTED","false"
"PS-MATRIX-02404","PS-MAT-PVA_SUPPORT","PS-MAT-GAS_CAVITY","FL","FL","P","PS-PAIR-FL-FL","","FAMILY_CLASS_INHERITED","UNQUALIFIED","NOT_TESTED","false"
"PS-MATRIX-02405","PS-MAT-PVA_SUPPORT","PS-MAT-GRAPHITE_ANODE","FL","EC","T","PS-PAIR-FL-EC","","FAMILY_CLASS_INHERITED","UNQUALIFIED","NOT_TESTED","false"
"PS-MATRIX-02406","PS-MAT-PVA_SUPPORT","PS-MAT-LFP_CATHODE","FL","EC","T","PS-PAIR-FL-EC","","FAMILY_CLASS_INHERITED","UNQUALIFIED","NOT_TESTED","false"
"PS-MATRIX-02407","PS-MAT-PVA_SUPPORT","PS-MAT-GEL_ELECTROLYTE","FL","EC","T","PS-PAIR-FL-EC","","FAMILY_CLASS_INHERITED","UNQUALIFIED","NOT_TESTED","false"
"PS-MATRIX-02408","PS-MAT-PVA_SUPPORT","PS-MAT-CARBON_SUPERCAP","FL","EC","T","PS-PAIR-FL-EC","","FAMILY_CLASS_INHERITED","UNQUALIFIED","NOT_TESTED","false"
"PS-MATRIX-02409","PS-MAT-PVA_SUPPORT","PS-MAT-SILICON_DIE","FL","SC","M","PS-PAIR-FL-SC","","FAMILY_CLASS_INHERITED","UNQUALIFIED","NOT_TESTED","false"
"PS-MATRIX-02410","PS-MAT-PVA_SUPPORT","PS-MAT-CAMERA_MODULE","FL","SC","M","PS-PAIR-FL-SC","","FAMILY_CLASS_INHERITED","UNQUALIFIED","NOT_TESTED","false"
"PS-MATRIX-02411","PS-MAT-PVA_SUPPORT","PS-MAT-LED_PACKAGE","FL","SC","M","PS-PAIR-FL-SC","","FAMILY_CLASS_INHERITED","UNQUALIFIED","NOT_TESTED","false"
"PS-MATRIX-02412","PS-MAT-PVA_SUPPORT","PS-MAT-RF_IC","FL","SC","M","PS-PAIR-FL-SC","","FAMILY_CLASS_INHERITED","UNQUALIFIED","NOT_TESTED","false"
"PS-MATRIX-02413","PS-MAT-PVA_SUPPORT","PS-MAT-LFP_MODULE","FL","BT","M","PS-PAIR-FL-BT","","FAMILY_CLASS_INHERITED","UNQUALIFIED","NOT_TESTED","false"
"PS-MATRIX-02414","PS-MAT-PVA_SUPPORT","PS-MAT-LIION_MODULE","FL","BT","M","PS-PAIR-FL-BT","","FAMILY_CLASS_INHERITED","UNQUALIFIED","NOT_TESTED","false"
"PS-MATRIX-02415","PS-MAT-PVA_SUPPORT","PS-MAT-CAP_BANK","FL","BT","M","PS-PAIR-FL-BT","","FAMILY_CLASS_INHERITED","UNQUALIFIED","NOT_TESTED","false"
"PS-MATRIX-02416","PS-MAT-PVA_SUPPORT","PS-MAT-ALGINATE","FL","BV","T","PS-PAIR-FL-BV","","FAMILY_CLASS_INHERITED","UNQUALIFIED","NOT_TESTED","false"
"PS-MATRIX-02417","PS-MAT-PVA_SUPPORT","PS-MAT-GELATIN","FL","BV","T","PS-PAIR-FL-BV","","FAMILY_CLASS_INHERITED","UNQUALIFIED","NOT_TESTED","false"
"PS-MATRIX-02418","PS-MAT-PVA_SUPPORT","PS-MAT-COLLAGEN","FL","BV","T","PS-PAIR-FL-BV","","FAMILY_CLASS_INHERITED","UNQUALIFIED","NOT_TESTED","false"
"PS-MATRIX-02419","PS-MAT-PVA_SUPPORT","PS-MAT-CELL_INK","FL","BV","T","PS-PAIR-FL-BV","","FAMILY_CLASS_INHERITED","UNQUALIFIED","NOT_TESTED","false"
"PS-MATRIX-02420","PS-MAT-WAX_SUPPORT","PS-MAT-CU_OFHC","FL","MT","T","PS-PAIR-FL-MT","","FAMILY_CLASS_INHERITED","UNQUALIFIED","NOT_TESTED","false"
"PS-MATRIX-02421","PS-MAT-WAX_SUPPORT","PS-MAT-AL_6061","FL","MT","T","PS-PAIR-FL-MT","","FAMILY_CLASS_INHERITED","UNQUALIFIED","NOT_TESTED","false"
"PS-MATRIX-02422","PS-MAT-WAX_SUPPORT","PS-MAT-SS_316L","FL","MT","T","PS-PAIR-FL-MT","","FAMILY_CLASS_INHERITED","UNQUALIFIED","NOT_TESTED","false"
"PS-MATRIX-02423","PS-MAT-WAX_SUPPORT","PS-MAT-TI_64","FL","MT","T","PS-PAIR-FL-MT","","FAMILY_CLASS_INHERITED","UNQUALIFIED","NOT_TESTED","false"
"PS-MATRIX-02424","PS-MAT-WAX_SUPPORT","PS-MAT-NI_ALLOY","FL","MT","T","PS-PAIR-FL-MT","","FAMILY_CLASS_INHERITED","UNQUALIFIED","NOT_TESTED","false"
"PS-MATRIX-02425","PS-MAT-WAX_SUPPORT","PS-MAT-AG_METAL","FL","MT","T","PS-PAIR-FL-MT","","FAMILY_CLASS_INHERITED","UNQUALIFIED","NOT_TESTED","false"
"PS-MATRIX-02426","PS-MAT-WAX_SUPPORT","PS-MAT-ALUMINA","FL","CR","T","PS-PAIR-FL-CR","","FAMILY_CLASS_INHERITED","UNQUALIFIED","NOT_TESTED","false"
"PS-MATRIX-02427","PS-MAT-WAX_SUPPORT","PS-MAT-SILICA","FL","CR","T","PS-PAIR-FL-CR","","FAMILY_CLASS_INHERITED","UNQUALIFIED","NOT_TESTED","false"
"PS-MATRIX-02428","PS-MAT-WAX_SUPPORT","PS-MAT-ZIRCONIA","FL","CR","T","PS-PAIR-FL-CR","","FAMILY_CLASS_INHERITED","UNQUALIFIED","NOT_TESTED","false"
"PS-MATRIX-02429","PS-MAT-WAX_SUPPORT","PS-MAT-BT_CERAMIC","FL","CR","T","PS-PAIR-FL-CR","","FAMILY_CLASS_INHERITED","UNQUALIFIED","NOT_TESTED","false"
"PS-MATRIX-02430","PS-MAT-WAX_SUPPORT","PS-MAT-BN_CERAMIC","FL","CR","T","PS-PAIR-FL-CR","","FAMILY_CLASS_INHERITED","UNQUALIFIED","NOT_TESTED","false"
"PS-MATRIX-02431","PS-MAT-WAX_SUPPORT","PS-MAT-PLA","FL","TP","S","PS-PAIR-FL-TP","","FAMILY_CLASS_INHERITED","UNQUALIFIED","NOT_TESTED","false"
"PS-MATRIX-02432","PS-MAT-WAX_SUPPORT","PS-MAT-PETG","FL","TP","S","PS-PAIR-FL-TP","","FAMILY_CLASS_INHERITED","UNQUALIFIED","NOT_TESTED","false"
"PS-MATRIX-02433","PS-MAT-WAX_SUPPORT","PS-MAT-ABS","FL","TP","S","PS-PAIR-FL-TP","PS-MR-031-BA","ROUTE_SEED_ONLY","UNQUALIFIED","NOT_TESTED","false"
"PS-MATRIX-02434","PS-MAT-WAX_SUPPORT","PS-MAT-PA12","FL","TP","S","PS-PAIR-FL-TP","","FAMILY_CLASS_INHERITED","UNQUALIFIED","NOT_TESTED","false"
"PS-MATRIX-02435","PS-MAT-WAX_SUPPORT","PS-MAT-PEEK","FL","TP","S","PS-PAIR-FL-TP","","FAMILY_CLASS_INHERITED","UNQUALIFIED","NOT_TESTED","false"
"PS-MATRIX-02436","PS-MAT-WAX_SUPPORT","PS-MAT-PP","FL","TP","S","PS-PAIR-FL-TP","","FAMILY_CLASS_INHERITED","UNQUALIFIED","NOT_TESTED","false"
"PS-MATRIX-02437","PS-MAT-WAX_SUPPORT","PS-MAT-ACRYLATE","FL","RS","S","PS-PAIR-FL-RS","","FAMILY_CLASS_INHERITED","UNQUALIFIED","NOT_TESTED","false"
"PS-MATRIX-02438","PS-MAT-WAX_SUPPORT","PS-MAT-EPOXY","FL","RS","S","PS-PAIR-FL-RS","PS-MR-018-AB","ROUTE_SEED_ONLY","UNQUALIFIED","NOT_TESTED","false"
"PS-MATRIX-02439","PS-MAT-WAX_SUPPORT","PS-MAT-SILICONE_RESIN","FL","RS","S","PS-PAIR-FL-RS","","FAMILY_CLASS_INHERITED","UNQUALIFIED","NOT_TESTED","false"
"PS-MATRIX-02440","PS-MAT-WAX_SUPPORT","PS-MAT-TPU","FL","EL","S","PS-PAIR-FL-EL","","FAMILY_CLASS_INHERITED","UNQUALIFIED","NOT_TESTED","false"
"PS-MATRIX-02441","PS-MAT-WAX_SUPPORT","PS-MAT-PDMS","FL","EL","S","PS-PAIR-FL-EL","","FAMILY_CLASS_INHERITED","UNQUALIFIED","NOT_TESTED","false"
"PS-MATRIX-02442","PS-MAT-WAX_SUPPORT","PS-MAT-SILICONE_E","FL","EL","S","PS-PAIR-FL-EL","","FAMILY_CLASS_INHERITED","UNQUALIFIED","NOT_TESTED","false"
"PS-MATRIX-02443","PS-MAT-WAX_SUPPORT","PS-MAT-HYDROGEL_E","FL","EL","S","PS-PAIR-FL-EL","","FAMILY_CLASS_INHERITED","UNQUALIFIED","NOT_TESTED","false"
"PS-MATRIX-02444","PS-MAT-WAX_SUPPORT","PS-MAT-AG_INK","FL","CI","S","PS-PAIR-FL-CI","","FAMILY_CLASS_INHERITED","UNQUALIFIED","NOT_TESTED","false"
"PS-MATRIX-02445","PS-MAT-WAX_SUPPORT","PS-MAT-CU_INK","FL","CI","S","PS-PAIR-FL-CI","","FAMILY_CLASS_INHERITED","UNQUALIFIED","NOT_TESTED","false"
"PS-MATRIX-02446","PS-MAT-WAX_SUPPORT","PS-MAT-CARBON_INK","FL","CI","S","PS-PAIR-FL-CI","","FAMILY_CLASS_INHERITED","UNQUALIFIED","NOT_TESTED","false"
"PS-MATRIX-02447","PS-MAT-WAX_SUPPORT","PS-MAT-GRAPHENE_INK","FL","CI","S","PS-PAIR-FL-CI","","FAMILY_CLASS_INHERITED","UNQUALIFIED","NOT_TESTED","false"
"PS-MATRIX-02448","PS-MAT-WAX_SUPPORT","PS-MAT-PEDOT_PSS","FL","CI","S","PS-PAIR-FL-CI","","FAMILY_CLASS_INHERITED","UNQUALIFIED","NOT_TESTED","false"
"PS-MATRIX-02449","PS-MAT-WAX_SUPPORT","PS-MAT-DIEL_UV","FL","DE","S","PS-PAIR-FL-DE","","FAMILY_CLASS_INHERITED","UNQUALIFIED","NOT_TESTED","false"
"PS-MATRIX-02450","PS-MAT-WAX_SUPPORT","PS-MAT-DIEL_EPOXY","FL","DE","S","PS-PAIR-FL-DE","","FAMILY_CLASS_INHERITED","UNQUALIFIED","NOT_TESTED","false"
"PS-MATRIX-02451","PS-MAT-WAX_SUPPORT","PS-MAT-POLYIMIDE","FL","DE","S","PS-PAIR-FL-DE","","FAMILY_CLASS_INHERITED","UNQUALIFIED","NOT_TESTED","false"
"PS-MATRIX-02452","PS-MAT-WAX_SUPPORT","PS-MAT-PARylene","FL","DE","S","PS-PAIR-FL-DE","","FAMILY_CLASS_INHERITED","UNQUALIFIED","NOT_TESTED","false"
"PS-MATRIX-02453","PS-MAT-WAX_SUPPORT","PS-MAT-FERRITE_PASTE","FL","MG","S","PS-PAIR-FL-MG","","FAMILY_CLASS_INHERITED","UNQUALIFIED","NOT_TESTED","false"
"PS-MATRIX-02454","PS-MAT-WAX_SUPPORT","PS-MAT-NDFEB_BONDED","FL","MG","S","PS-PAIR-FL-MG","","FAMILY_CLASS_INHERITED","UNQUALIFIED","NOT_TESTED","false"
"PS-MATRIX-02455","PS-MAT-WAX_SUPPORT","PS-MAT-IRON_COMPOSITE","FL","MG","S","PS-PAIR-FL-MG","","FAMILY_CLASS_INHERITED","UNQUALIFIED","NOT_TESTED","false"
"PS-MATRIX-02456","PS-MAT-WAX_SUPPORT","PS-MAT-OPTICAL_RESIN","FL","OP","T","PS-PAIR-FL-OP","","FAMILY_CLASS_INHERITED","UNQUALIFIED","NOT_TESTED","false"
"PS-MATRIX-02457","PS-MAT-WAX_SUPPORT","PS-MAT-PMMA","FL","OP","T","PS-PAIR-FL-OP","","FAMILY_CLASS_INHERITED","UNQUALIFIED","NOT_TESTED","false"
"PS-MATRIX-02458","PS-MAT-WAX_SUPPORT","PS-MAT-FUSED_SILICA","FL","OP","T","PS-PAIR-FL-OP","","FAMILY_CLASS_INHERITED","UNQUALIFIED","NOT_TESTED","false"
"PS-MATRIX-02459","PS-MAT-WAX_SUPPORT","PS-MAT-PHOSPHOR_FILM","FL","OP","T","PS-PAIR-FL-OP","","FAMILY_CLASS_INHERITED","UNQUALIFIED","NOT_TESTED","false"
"PS-MATRIX-02460","PS-MAT-WAX_SUPPORT","PS-MAT-PVA_SUPPORT","FL","FL","P","PS-PAIR-FL-FL","","FAMILY_CLASS_INHERITED","UNQUALIFIED","NOT_TESTED","false"
"PS-MATRIX-02461","PS-MAT-WAX_SUPPORT","PS-MAT-WAX_SUPPORT","FL","FL","P","PS-PAIR-FL-FL","","FAMILY_CLASS_INHERITED","UNQUALIFIED","NOT_TESTED","false"
"PS-MATRIX-02462","PS-MAT-WAX_SUPPORT","PS-MAT-MICROGEL","FL","FL","P","PS-PAIR-FL-FL","","FAMILY_CLASS_INHERITED","UNQUALIFIED","NOT_TESTED","false"
"PS-MATRIX-02463","PS-MAT-WAX_SUPPORT","PS-MAT-GAS_CAVITY","FL","FL","P","PS-PAIR-FL-FL","","FAMILY_CLASS_INHERITED","UNQUALIFIED","NOT_TESTED","false"
"PS-MATRIX-02464","PS-MAT-WAX_SUPPORT","PS-MAT-GRAPHITE_ANODE","FL","EC","T","PS-PAIR-FL-EC","","FAMILY_CLASS_INHERITED","UNQUALIFIED","NOT_TESTED","false"
"PS-MATRIX-02465","PS-MAT-WAX_SUPPORT","PS-MAT-LFP_CATHODE","FL","EC","T","PS-PAIR-FL-EC","","FAMILY_CLASS_INHERITED","UNQUALIFIED","NOT_TESTED","false"
"PS-MATRIX-02466","PS-MAT-WAX_SUPPORT","PS-MAT-GEL_ELECTROLYTE","FL","EC","T","PS-PAIR-FL-EC","","FAMILY_CLASS_INHERITED","UNQUALIFIED","NOT_TESTED","false"
"PS-MATRIX-02467","PS-MAT-WAX_SUPPORT","PS-MAT-CARBON_SUPERCAP","FL","EC","T","PS-PAIR-FL-EC","","FAMILY_CLASS_INHERITED","UNQUALIFIED","NOT_TESTED","false"
"PS-MATRIX-02468","PS-MAT-WAX_SUPPORT","PS-MAT-SILICON_DIE","FL","SC","M","PS-PAIR-FL-SC","","FAMILY_CLASS_INHERITED","UNQUALIFIED","NOT_TESTED","false"
"PS-MATRIX-02469","PS-MAT-WAX_SUPPORT","PS-MAT-CAMERA_MODULE","FL","SC","M","PS-PAIR-FL-SC","","FAMILY_CLASS_INHERITED","UNQUALIFIED","NOT_TESTED","false"
"PS-MATRIX-02470","PS-MAT-WAX_SUPPORT","PS-MAT-LED_PACKAGE","FL","SC","M","PS-PAIR-FL-SC","","FAMILY_CLASS_INHERITED","UNQUALIFIED","NOT_TESTED","false"
"PS-MATRIX-02471","PS-MAT-WAX_SUPPORT","PS-MAT-RF_IC","FL","SC","M","PS-PAIR-FL-SC","","FAMILY_CLASS_INHERITED","UNQUALIFIED","NOT_TESTED","false"
"PS-MATRIX-02472","PS-MAT-WAX_SUPPORT","PS-MAT-LFP_MODULE","FL","BT","M","PS-PAIR-FL-BT","","FAMILY_CLASS_INHERITED","UNQUALIFIED","NOT_TESTED","false"
"PS-MATRIX-02473","PS-MAT-WAX_SUPPORT","PS-MAT-LIION_MODULE","FL","BT","M","PS-PAIR-FL-BT","","FAMILY_CLASS_INHERITED","UNQUALIFIED","NOT_TESTED","false"
"PS-MATRIX-02474","PS-MAT-WAX_SUPPORT","PS-MAT-CAP_BANK","FL","BT","M","PS-PAIR-FL-BT","","FAMILY_CLASS_INHERITED","UNQUALIFIED","NOT_TESTED","false"
"PS-MATRIX-02475","PS-MAT-WAX_SUPPORT","PS-MAT-ALGINATE","FL","BV","T","PS-PAIR-FL-BV","","FAMILY_CLASS_INHERITED","UNQUALIFIED","NOT_TESTED","false"
"PS-MATRIX-02476","PS-MAT-WAX_SUPPORT","PS-MAT-GELATIN","FL","BV","T","PS-PAIR-FL-BV","","FAMILY_CLASS_INHERITED","UNQUALIFIED","NOT_TESTED","false"
"PS-MATRIX-02477","PS-MAT-WAX_SUPPORT","PS-MAT-COLLAGEN","FL","BV","T","PS-PAIR-FL-BV","","FAMILY_CLASS_INHERITED","UNQUALIFIED","NOT_TESTED","false"
"PS-MATRIX-02478","PS-MAT-WAX_SUPPORT","PS-MAT-CELL_INK","FL","BV","T","PS-PAIR-FL-BV","","FAMILY_CLASS_INHERITED","UNQUALIFIED","NOT_TESTED","false"
"PS-MATRIX-02479","PS-MAT-MICROGEL","PS-MAT-CU_OFHC","FL","MT","T","PS-PAIR-FL-MT","","FAMILY_CLASS_INHERITED","UNQUALIFIED","NOT_TESTED","false"
"PS-MATRIX-02480","PS-MAT-MICROGEL","PS-MAT-AL_6061","FL","MT","T","PS-PAIR-FL-MT","","FAMILY_CLASS_INHERITED","UNQUALIFIED","NOT_TESTED","false"
"PS-MATRIX-02481","PS-MAT-MICROGEL","PS-MAT-SS_316L","FL","MT","T","PS-PAIR-FL-MT","","FAMILY_CLASS_INHERITED","UNQUALIFIED","NOT_TESTED","false"
"PS-MATRIX-02482","PS-MAT-MICROGEL","PS-MAT-TI_64","FL","MT","T","PS-PAIR-FL-MT","","FAMILY_CLASS_INHERITED","UNQUALIFIED","NOT_TESTED","false"
"PS-MATRIX-02483","PS-MAT-MICROGEL","PS-MAT-NI_ALLOY","FL","MT","T","PS-PAIR-FL-MT","","FAMILY_CLASS_INHERITED","UNQUALIFIED","NOT_TESTED","false"
"PS-MATRIX-02484","PS-MAT-MICROGEL","PS-MAT-AG_METAL","FL","MT","T","PS-PAIR-FL-MT","","FAMILY_CLASS_INHERITED","UNQUALIFIED","NOT_TESTED","false"
"PS-MATRIX-02485","PS-MAT-MICROGEL","PS-MAT-ALUMINA","FL","CR","T","PS-PAIR-FL-CR","","FAMILY_CLASS_INHERITED","UNQUALIFIED","NOT_TESTED","false"
"PS-MATRIX-02486","PS-MAT-MICROGEL","PS-MAT-SILICA","FL","CR","T","PS-PAIR-FL-CR","","FAMILY_CLASS_INHERITED","UNQUALIFIED","NOT_TESTED","false"
"PS-MATRIX-02487","PS-MAT-MICROGEL","PS-MAT-ZIRCONIA","FL","CR","T","PS-PAIR-FL-CR","","FAMILY_CLASS_INHERITED","UNQUALIFIED","NOT_TESTED","false"
"PS-MATRIX-02488","PS-MAT-MICROGEL","PS-MAT-BT_CERAMIC","FL","CR","T","PS-PAIR-FL-CR","","FAMILY_CLASS_INHERITED","UNQUALIFIED","NOT_TESTED","false"
"PS-MATRIX-02489","PS-MAT-MICROGEL","PS-MAT-BN_CERAMIC","FL","CR","T","PS-PAIR-FL-CR","","FAMILY_CLASS_INHERITED","UNQUALIFIED","NOT_TESTED","false"
"PS-MATRIX-02490","PS-MAT-MICROGEL","PS-MAT-PLA","FL","TP","S","PS-PAIR-FL-TP","","FAMILY_CLASS_INHERITED","UNQUALIFIED","NOT_TESTED","false"
"PS-MATRIX-02491","PS-MAT-MICROGEL","PS-MAT-PETG","FL","TP","S","PS-PAIR-FL-TP","","FAMILY_CLASS_INHERITED","UNQUALIFIED","NOT_TESTED","false"
"PS-MATRIX-02492","PS-MAT-MICROGEL","PS-MAT-ABS","FL","TP","S","PS-PAIR-FL-TP","","FAMILY_CLASS_INHERITED","UNQUALIFIED","NOT_TESTED","false"
"PS-MATRIX-02493","PS-MAT-MICROGEL","PS-MAT-PA12","FL","TP","S","PS-PAIR-FL-TP","","FAMILY_CLASS_INHERITED","UNQUALIFIED","NOT_TESTED","false"
"PS-MATRIX-02494","PS-MAT-MICROGEL","PS-MAT-PEEK","FL","TP","S","PS-PAIR-FL-TP","","FAMILY_CLASS_INHERITED","UNQUALIFIED","NOT_TESTED","false"
"PS-MATRIX-02495","PS-MAT-MICROGEL","PS-MAT-PP","FL","TP","S","PS-PAIR-FL-TP","","FAMILY_CLASS_INHERITED","UNQUALIFIED","NOT_TESTED","false"
"PS-MATRIX-02496","PS-MAT-MICROGEL","PS-MAT-ACRYLATE","FL","RS","S","PS-PAIR-FL-RS","","FAMILY_CLASS_INHERITED","UNQUALIFIED","NOT_TESTED","false"
"PS-MATRIX-02497","PS-MAT-MICROGEL","PS-MAT-EPOXY","FL","RS","S","PS-PAIR-FL-RS","","FAMILY_CLASS_INHERITED","UNQUALIFIED","NOT_TESTED","false"
"PS-MATRIX-02498","PS-MAT-MICROGEL","PS-MAT-SILICONE_RESIN","FL","RS","S","PS-PAIR-FL-RS","","FAMILY_CLASS_INHERITED","UNQUALIFIED","NOT_TESTED","false"
"PS-MATRIX-02499","PS-MAT-MICROGEL","PS-MAT-TPU","FL","EL","S","PS-PAIR-FL-EL","","FAMILY_CLASS_INHERITED","UNQUALIFIED","NOT_TESTED","false"
"PS-MATRIX-02500","PS-MAT-MICROGEL","PS-MAT-PDMS","FL","EL","S","PS-PAIR-FL-EL","","FAMILY_CLASS_INHERITED","UNQUALIFIED","NOT_TESTED","false"
"PS-MATRIX-02501","PS-MAT-MICROGEL","PS-MAT-SILICONE_E","FL","EL","S","PS-PAIR-FL-EL","","FAMILY_CLASS_INHERITED","UNQUALIFIED","NOT_TESTED","false"
"PS-MATRIX-02502","PS-MAT-MICROGEL","PS-MAT-HYDROGEL_E","FL","EL","S","PS-PAIR-FL-EL","","FAMILY_CLASS_INHERITED","UNQUALIFIED","NOT_TESTED","false"
"PS-MATRIX-02503","PS-MAT-MICROGEL","PS-MAT-AG_INK","FL","CI","S","PS-PAIR-FL-CI","","FAMILY_CLASS_INHERITED","UNQUALIFIED","NOT_TESTED","false"
"PS-MATRIX-02504","PS-MAT-MICROGEL","PS-MAT-CU_INK","FL","CI","S","PS-PAIR-FL-CI","","FAMILY_CLASS_INHERITED","UNQUALIFIED","NOT_TESTED","false"
"PS-MATRIX-02505","PS-MAT-MICROGEL","PS-MAT-CARBON_INK","FL","CI","S","PS-PAIR-FL-CI","","FAMILY_CLASS_INHERITED","UNQUALIFIED","NOT_TESTED","false"
"PS-MATRIX-02506","PS-MAT-MICROGEL","PS-MAT-GRAPHENE_INK","FL","CI","S","PS-PAIR-FL-CI","","FAMILY_CLASS_INHERITED","UNQUALIFIED","NOT_TESTED","false"
"PS-MATRIX-02507","PS-MAT-MICROGEL","PS-MAT-PEDOT_PSS","FL","CI","S","PS-PAIR-FL-CI","","FAMILY_CLASS_INHERITED","UNQUALIFIED","NOT_TESTED","false"
"PS-MATRIX-02508","PS-MAT-MICROGEL","PS-MAT-DIEL_UV","FL","DE","S","PS-PAIR-FL-DE","","FAMILY_CLASS_INHERITED","UNQUALIFIED","NOT_TESTED","false"
"PS-MATRIX-02509","PS-MAT-MICROGEL","PS-MAT-DIEL_EPOXY","FL","DE","S","PS-PAIR-FL-DE","","FAMILY_CLASS_INHERITED","UNQUALIFIED","NOT_TESTED","false"
"PS-MATRIX-02510","PS-MAT-MICROGEL","PS-MAT-POLYIMIDE","FL","DE","S","PS-PAIR-FL-DE","","FAMILY_CLASS_INHERITED","UNQUALIFIED","NOT_TESTED","false"
"PS-MATRIX-02511","PS-MAT-MICROGEL","PS-MAT-PARylene","FL","DE","S","PS-PAIR-FL-DE","","FAMILY_CLASS_INHERITED","UNQUALIFIED","NOT_TESTED","false"
"PS-MATRIX-02512","PS-MAT-MICROGEL","PS-MAT-FERRITE_PASTE","FL","MG","S","PS-PAIR-FL-MG","","FAMILY_CLASS_INHERITED","UNQUALIFIED","NOT_TESTED","false"
"PS-MATRIX-02513","PS-MAT-MICROGEL","PS-MAT-NDFEB_BONDED","FL","MG","S","PS-PAIR-FL-MG","","FAMILY_CLASS_INHERITED","UNQUALIFIED","NOT_TESTED","false"
"PS-MATRIX-02514","PS-MAT-MICROGEL","PS-MAT-IRON_COMPOSITE","FL","MG","S","PS-PAIR-FL-MG","","FAMILY_CLASS_INHERITED","UNQUALIFIED","NOT_TESTED","false"
"PS-MATRIX-02515","PS-MAT-MICROGEL","PS-MAT-OPTICAL_RESIN","FL","OP","T","PS-PAIR-FL-OP","","FAMILY_CLASS_INHERITED","UNQUALIFIED","NOT_TESTED","false"
"PS-MATRIX-02516","PS-MAT-MICROGEL","PS-MAT-PMMA","FL","OP","T","PS-PAIR-FL-OP","","FAMILY_CLASS_INHERITED","UNQUALIFIED","NOT_TESTED","false"
"PS-MATRIX-02517","PS-MAT-MICROGEL","PS-MAT-FUSED_SILICA","FL","OP","T","PS-PAIR-FL-OP","","FAMILY_CLASS_INHERITED","UNQUALIFIED","NOT_TESTED","false"
"PS-MATRIX-02518","PS-MAT-MICROGEL","PS-MAT-PHOSPHOR_FILM","FL","OP","T","PS-PAIR-FL-OP","","FAMILY_CLASS_INHERITED","UNQUALIFIED","NOT_TESTED","false"
"PS-MATRIX-02519","PS-MAT-MICROGEL","PS-MAT-PVA_SUPPORT","FL","FL","P","PS-PAIR-FL-FL","","FAMILY_CLASS_INHERITED","UNQUALIFIED","NOT_TESTED","false"
"PS-MATRIX-02520","PS-MAT-MICROGEL","PS-MAT-WAX_SUPPORT","FL","FL","P","PS-PAIR-FL-FL","","FAMILY_CLASS_INHERITED","UNQUALIFIED","NOT_TESTED","false"
"PS-MATRIX-02521","PS-MAT-MICROGEL","PS-MAT-MICROGEL","FL","FL","P","PS-PAIR-FL-FL","","FAMILY_CLASS_INHERITED","UNQUALIFIED","NOT_TESTED","false"
"PS-MATRIX-02522","PS-MAT-MICROGEL","PS-MAT-GAS_CAVITY","FL","FL","P","PS-PAIR-FL-FL","","FAMILY_CLASS_INHERITED","UNQUALIFIED","NOT_TESTED","false"
"PS-MATRIX-02523","PS-MAT-MICROGEL","PS-MAT-GRAPHITE_ANODE","FL","EC","T","PS-PAIR-FL-EC","","FAMILY_CLASS_INHERITED","UNQUALIFIED","NOT_TESTED","false"
"PS-MATRIX-02524","PS-MAT-MICROGEL","PS-MAT-LFP_CATHODE","FL","EC","T","PS-PAIR-FL-EC","","FAMILY_CLASS_INHERITED","UNQUALIFIED","NOT_TESTED","false"
"PS-MATRIX-02525","PS-MAT-MICROGEL","PS-MAT-GEL_ELECTROLYTE","FL","EC","T","PS-PAIR-FL-EC","","FAMILY_CLASS_INHERITED","UNQUALIFIED","NOT_TESTED","false"
"PS-MATRIX-02526","PS-MAT-MICROGEL","PS-MAT-CARBON_SUPERCAP","FL","EC","T","PS-PAIR-FL-EC","","FAMILY_CLASS_INHERITED","UNQUALIFIED","NOT_TESTED","false"
"PS-MATRIX-02527","PS-MAT-MICROGEL","PS-MAT-SILICON_DIE","FL","SC","M","PS-PAIR-FL-SC","","FAMILY_CLASS_INHERITED","UNQUALIFIED","NOT_TESTED","false"
"PS-MATRIX-02528","PS-MAT-MICROGEL","PS-MAT-CAMERA_MODULE","FL","SC","M","PS-PAIR-FL-SC","","FAMILY_CLASS_INHERITED","UNQUALIFIED","NOT_TESTED","false"
"PS-MATRIX-02529","PS-MAT-MICROGEL","PS-MAT-LED_PACKAGE","FL","SC","M","PS-PAIR-FL-SC","","FAMILY_CLASS_INHERITED","UNQUALIFIED","NOT_TESTED","false"
"PS-MATRIX-02530","PS-MAT-MICROGEL","PS-MAT-RF_IC","FL","SC","M","PS-PAIR-FL-SC","","FAMILY_CLASS_INHERITED","UNQUALIFIED","NOT_TESTED","false"
"PS-MATRIX-02531","PS-MAT-MICROGEL","PS-MAT-LFP_MODULE","FL","BT","M","PS-PAIR-FL-BT","","FAMILY_CLASS_INHERITED","UNQUALIFIED","NOT_TESTED","false"
"PS-MATRIX-02532","PS-MAT-MICROGEL","PS-MAT-LIION_MODULE","FL","BT","M","PS-PAIR-FL-BT","","FAMILY_CLASS_INHERITED","UNQUALIFIED","NOT_TESTED","false"
"PS-MATRIX-02533","PS-MAT-MICROGEL","PS-MAT-CAP_BANK","FL","BT","M","PS-PAIR-FL-BT","","FAMILY_CLASS_INHERITED","UNQUALIFIED","NOT_TESTED","false"
"PS-MATRIX-02534","PS-MAT-MICROGEL","PS-MAT-ALGINATE","FL","BV","T","PS-PAIR-FL-BV","","FAMILY_CLASS_INHERITED","UNQUALIFIED","NOT_TESTED","false"
"PS-MATRIX-02535","PS-MAT-MICROGEL","PS-MAT-GELATIN","FL","BV","T","PS-PAIR-FL-BV","","FAMILY_CLASS_INHERITED","UNQUALIFIED","NOT_TESTED","false"
"PS-MATRIX-02536","PS-MAT-MICROGEL","PS-MAT-COLLAGEN","FL","BV","T","PS-PAIR-FL-BV","","FAMILY_CLASS_INHERITED","UNQUALIFIED","NOT_TESTED","false"
"PS-MATRIX-02537","PS-MAT-MICROGEL","PS-MAT-CELL_INK","FL","BV","T","PS-PAIR-FL-BV","","FAMILY_CLASS_INHERITED","UNQUALIFIED","NOT_TESTED","false"
"PS-MATRIX-02538","PS-MAT-GAS_CAVITY","PS-MAT-CU_OFHC","FL","MT","T","PS-PAIR-FL-MT","","FAMILY_CLASS_INHERITED","UNQUALIFIED","NOT_TESTED","false"
"PS-MATRIX-02539","PS-MAT-GAS_CAVITY","PS-MAT-AL_6061","FL","MT","T","PS-PAIR-FL-MT","","FAMILY_CLASS_INHERITED","UNQUALIFIED","NOT_TESTED","false"
"PS-MATRIX-02540","PS-MAT-GAS_CAVITY","PS-MAT-SS_316L","FL","MT","T","PS-PAIR-FL-MT","","FAMILY_CLASS_INHERITED","UNQUALIFIED","NOT_TESTED","false"
"PS-MATRIX-02541","PS-MAT-GAS_CAVITY","PS-MAT-TI_64","FL","MT","T","PS-PAIR-FL-MT","","FAMILY_CLASS_INHERITED","UNQUALIFIED","NOT_TESTED","false"
"PS-MATRIX-02542","PS-MAT-GAS_CAVITY","PS-MAT-NI_ALLOY","FL","MT","T","PS-PAIR-FL-MT","","FAMILY_CLASS_INHERITED","UNQUALIFIED","NOT_TESTED","false"
"PS-MATRIX-02543","PS-MAT-GAS_CAVITY","PS-MAT-AG_METAL","FL","MT","T","PS-PAIR-FL-MT","","FAMILY_CLASS_INHERITED","UNQUALIFIED","NOT_TESTED","false"
"PS-MATRIX-02544","PS-MAT-GAS_CAVITY","PS-MAT-ALUMINA","FL","CR","T","PS-PAIR-FL-CR","","FAMILY_CLASS_INHERITED","UNQUALIFIED","NOT_TESTED","false"
"PS-MATRIX-02545","PS-MAT-GAS_CAVITY","PS-MAT-SILICA","FL","CR","T","PS-PAIR-FL-CR","","FAMILY_CLASS_INHERITED","UNQUALIFIED","NOT_TESTED","false"
"PS-MATRIX-02546","PS-MAT-GAS_CAVITY","PS-MAT-ZIRCONIA","FL","CR","T","PS-PAIR-FL-CR","","FAMILY_CLASS_INHERITED","UNQUALIFIED","NOT_TESTED","false"
"PS-MATRIX-02547","PS-MAT-GAS_CAVITY","PS-MAT-BT_CERAMIC","FL","CR","T","PS-PAIR-FL-CR","","FAMILY_CLASS_INHERITED","UNQUALIFIED","NOT_TESTED","false"
"PS-MATRIX-02548","PS-MAT-GAS_CAVITY","PS-MAT-BN_CERAMIC","FL","CR","T","PS-PAIR-FL-CR","","FAMILY_CLASS_INHERITED","UNQUALIFIED","NOT_TESTED","false"
"PS-MATRIX-02549","PS-MAT-GAS_CAVITY","PS-MAT-PLA","FL","TP","S","PS-PAIR-FL-TP","","FAMILY_CLASS_INHERITED","UNQUALIFIED","NOT_TESTED","false"
"PS-MATRIX-02550","PS-MAT-GAS_CAVITY","PS-MAT-PETG","FL","TP","S","PS-PAIR-FL-TP","","FAMILY_CLASS_INHERITED","UNQUALIFIED","NOT_TESTED","false"
"PS-MATRIX-02551","PS-MAT-GAS_CAVITY","PS-MAT-ABS","FL","TP","S","PS-PAIR-FL-TP","","FAMILY_CLASS_INHERITED","UNQUALIFIED","NOT_TESTED","false"
"PS-MATRIX-02552","PS-MAT-GAS_CAVITY","PS-MAT-PA12","FL","TP","S","PS-PAIR-FL-TP","","FAMILY_CLASS_INHERITED","UNQUALIFIED","NOT_TESTED","false"
"PS-MATRIX-02553","PS-MAT-GAS_CAVITY","PS-MAT-PEEK","FL","TP","S","PS-PAIR-FL-TP","","FAMILY_CLASS_INHERITED","UNQUALIFIED","NOT_TESTED","false"
"PS-MATRIX-02554","PS-MAT-GAS_CAVITY","PS-MAT-PP","FL","TP","S","PS-PAIR-FL-TP","","FAMILY_CLASS_INHERITED","UNQUALIFIED","NOT_TESTED","false"
"PS-MATRIX-02555","PS-MAT-GAS_CAVITY","PS-MAT-ACRYLATE","FL","RS","S","PS-PAIR-FL-RS","","FAMILY_CLASS_INHERITED","UNQUALIFIED","NOT_TESTED","false"
"PS-MATRIX-02556","PS-MAT-GAS_CAVITY","PS-MAT-EPOXY","FL","RS","S","PS-PAIR-FL-RS","","FAMILY_CLASS_INHERITED","UNQUALIFIED","NOT_TESTED","false"
"PS-MATRIX-02557","PS-MAT-GAS_CAVITY","PS-MAT-SILICONE_RESIN","FL","RS","S","PS-PAIR-FL-RS","","FAMILY_CLASS_INHERITED","UNQUALIFIED","NOT_TESTED","false"
"PS-MATRIX-02558","PS-MAT-GAS_CAVITY","PS-MAT-TPU","FL","EL","S","PS-PAIR-FL-EL","","FAMILY_CLASS_INHERITED","UNQUALIFIED","NOT_TESTED","false"
"PS-MATRIX-02559","PS-MAT-GAS_CAVITY","PS-MAT-PDMS","FL","EL","S","PS-PAIR-FL-EL","","FAMILY_CLASS_INHERITED","UNQUALIFIED","NOT_TESTED","false"
"PS-MATRIX-02560","PS-MAT-GAS_CAVITY","PS-MAT-SILICONE_E","FL","EL","S","PS-PAIR-FL-EL","","FAMILY_CLASS_INHERITED","UNQUALIFIED","NOT_TESTED","false"
"PS-MATRIX-02561","PS-MAT-GAS_CAVITY","PS-MAT-HYDROGEL_E","FL","EL","S","PS-PAIR-FL-EL","","FAMILY_CLASS_INHERITED","UNQUALIFIED","NOT_TESTED","false"
"PS-MATRIX-02562","PS-MAT-GAS_CAVITY","PS-MAT-AG_INK","FL","CI","S","PS-PAIR-FL-CI","","FAMILY_CLASS_INHERITED","UNQUALIFIED","NOT_TESTED","false"
"PS-MATRIX-02563","PS-MAT-GAS_CAVITY","PS-MAT-CU_INK","FL","CI","S","PS-PAIR-FL-CI","","FAMILY_CLASS_INHERITED","UNQUALIFIED","NOT_TESTED","false"
"PS-MATRIX-02564","PS-MAT-GAS_CAVITY","PS-MAT-CARBON_INK","FL","CI","S","PS-PAIR-FL-CI","","FAMILY_CLASS_INHERITED","UNQUALIFIED","NOT_TESTED","false"
"PS-MATRIX-02565","PS-MAT-GAS_CAVITY","PS-MAT-GRAPHENE_INK","FL","CI","S","PS-PAIR-FL-CI","","FAMILY_CLASS_INHERITED","UNQUALIFIED","NOT_TESTED","false"
"PS-MATRIX-02566","PS-MAT-GAS_CAVITY","PS-MAT-PEDOT_PSS","FL","CI","S","PS-PAIR-FL-CI","","FAMILY_CLASS_INHERITED","UNQUALIFIED","NOT_TESTED","false"
"PS-MATRIX-02567","PS-MAT-GAS_CAVITY","PS-MAT-DIEL_UV","FL","DE","S","PS-PAIR-FL-DE","","FAMILY_CLASS_INHERITED","UNQUALIFIED","NOT_TESTED","false"
"PS-MATRIX-02568","PS-MAT-GAS_CAVITY","PS-MAT-DIEL_EPOXY","FL","DE","S","PS-PAIR-FL-DE","","FAMILY_CLASS_INHERITED","UNQUALIFIED","NOT_TESTED","false"
"PS-MATRIX-02569","PS-MAT-GAS_CAVITY","PS-MAT-POLYIMIDE","FL","DE","S","PS-PAIR-FL-DE","","FAMILY_CLASS_INHERITED","UNQUALIFIED","NOT_TESTED","false"
"PS-MATRIX-02570","PS-MAT-GAS_CAVITY","PS-MAT-PARylene","FL","DE","S","PS-PAIR-FL-DE","","FAMILY_CLASS_INHERITED","UNQUALIFIED","NOT_TESTED","false"
"PS-MATRIX-02571","PS-MAT-GAS_CAVITY","PS-MAT-FERRITE_PASTE","FL","MG","S","PS-PAIR-FL-MG","","FAMILY_CLASS_INHERITED","UNQUALIFIED","NOT_TESTED","false"
"PS-MATRIX-02572","PS-MAT-GAS_CAVITY","PS-MAT-NDFEB_BONDED","FL","MG","S","PS-PAIR-FL-MG","","FAMILY_CLASS_INHERITED","UNQUALIFIED","NOT_TESTED","false"
"PS-MATRIX-02573","PS-MAT-GAS_CAVITY","PS-MAT-IRON_COMPOSITE","FL","MG","S","PS-PAIR-FL-MG","","FAMILY_CLASS_INHERITED","UNQUALIFIED","NOT_TESTED","false"
"PS-MATRIX-02574","PS-MAT-GAS_CAVITY","PS-MAT-OPTICAL_RESIN","FL","OP","T","PS-PAIR-FL-OP","","FAMILY_CLASS_INHERITED","UNQUALIFIED","NOT_TESTED","false"
"PS-MATRIX-02575","PS-MAT-GAS_CAVITY","PS-MAT-PMMA","FL","OP","T","PS-PAIR-FL-OP","","FAMILY_CLASS_INHERITED","UNQUALIFIED","NOT_TESTED","false"
"PS-MATRIX-02576","PS-MAT-GAS_CAVITY","PS-MAT-FUSED_SILICA","FL","OP","T","PS-PAIR-FL-OP","","FAMILY_CLASS_INHERITED","UNQUALIFIED","NOT_TESTED","false"
"PS-MATRIX-02577","PS-MAT-GAS_CAVITY","PS-MAT-PHOSPHOR_FILM","FL","OP","T","PS-PAIR-FL-OP","","FAMILY_CLASS_INHERITED","UNQUALIFIED","NOT_TESTED","false"
"PS-MATRIX-02578","PS-MAT-GAS_CAVITY","PS-MAT-PVA_SUPPORT","FL","FL","P","PS-PAIR-FL-FL","","FAMILY_CLASS_INHERITED","UNQUALIFIED","NOT_TESTED","false"
"PS-MATRIX-02579","PS-MAT-GAS_CAVITY","PS-MAT-WAX_SUPPORT","FL","FL","P","PS-PAIR-FL-FL","","FAMILY_CLASS_INHERITED","UNQUALIFIED","NOT_TESTED","false"
"PS-MATRIX-02580","PS-MAT-GAS_CAVITY","PS-MAT-MICROGEL","FL","FL","P","PS-PAIR-FL-FL","","FAMILY_CLASS_INHERITED","UNQUALIFIED","NOT_TESTED","false"
"PS-MATRIX-02581","PS-MAT-GAS_CAVITY","PS-MAT-GAS_CAVITY","FL","FL","P","PS-PAIR-FL-FL","","FAMILY_CLASS_INHERITED","UNQUALIFIED","NOT_TESTED","false"
"PS-MATRIX-02582","PS-MAT-GAS_CAVITY","PS-MAT-GRAPHITE_ANODE","FL","EC","T","PS-PAIR-FL-EC","","FAMILY_CLASS_INHERITED","UNQUALIFIED","NOT_TESTED","false"
"PS-MATRIX-02583","PS-MAT-GAS_CAVITY","PS-MAT-LFP_CATHODE","FL","EC","T","PS-PAIR-FL-EC","","FAMILY_CLASS_INHERITED","UNQUALIFIED","NOT_TESTED","false"
"PS-MATRIX-02584","PS-MAT-GAS_CAVITY","PS-MAT-GEL_ELECTROLYTE","FL","EC","T","PS-PAIR-FL-EC","","FAMILY_CLASS_INHERITED","UNQUALIFIED","NOT_TESTED","false"
"PS-MATRIX-02585","PS-MAT-GAS_CAVITY","PS-MAT-CARBON_SUPERCAP","FL","EC","T","PS-PAIR-FL-EC","","FAMILY_CLASS_INHERITED","UNQUALIFIED","NOT_TESTED","false"
"PS-MATRIX-02586","PS-MAT-GAS_CAVITY","PS-MAT-SILICON_DIE","FL","SC","M","PS-PAIR-FL-SC","","FAMILY_CLASS_INHERITED","UNQUALIFIED","NOT_TESTED","false"
"PS-MATRIX-02587","PS-MAT-GAS_CAVITY","PS-MAT-CAMERA_MODULE","FL","SC","M","PS-PAIR-FL-SC","","FAMILY_CLASS_INHERITED","UNQUALIFIED","NOT_TESTED","false"
"PS-MATRIX-02588","PS-MAT-GAS_CAVITY","PS-MAT-LED_PACKAGE","FL","SC","M","PS-PAIR-FL-SC","","FAMILY_CLASS_INHERITED","UNQUALIFIED","NOT_TESTED","false"
"PS-MATRIX-02589","PS-MAT-GAS_CAVITY","PS-MAT-RF_IC","FL","SC","M","PS-PAIR-FL-SC","","FAMILY_CLASS_INHERITED","UNQUALIFIED","NOT_TESTED","false"
"PS-MATRIX-02590","PS-MAT-GAS_CAVITY","PS-MAT-LFP_MODULE","FL","BT","M","PS-PAIR-FL-BT","","FAMILY_CLASS_INHERITED","UNQUALIFIED","NOT_TESTED","false"
"PS-MATRIX-02591","PS-MAT-GAS_CAVITY","PS-MAT-LIION_MODULE","FL","BT","M","PS-PAIR-FL-BT","","FAMILY_CLASS_INHERITED","UNQUALIFIED","NOT_TESTED","false"
"PS-MATRIX-02592","PS-MAT-GAS_CAVITY","PS-MAT-CAP_BANK","FL","BT","M","PS-PAIR-FL-BT","","FAMILY_CLASS_INHERITED","UNQUALIFIED","NOT_TESTED","false"
"PS-MATRIX-02593","PS-MAT-GAS_CAVITY","PS-MAT-ALGINATE","FL","BV","T","PS-PAIR-FL-BV","","FAMILY_CLASS_INHERITED","UNQUALIFIED","NOT_TESTED","false"
"PS-MATRIX-02594","PS-MAT-GAS_CAVITY","PS-MAT-GELATIN","FL","BV","T","PS-PAIR-FL-BV","","FAMILY_CLASS_INHERITED","UNQUALIFIED","NOT_TESTED","false"
"PS-MATRIX-02595","PS-MAT-GAS_CAVITY","PS-MAT-COLLAGEN","FL","BV","T","PS-PAIR-FL-BV","","FAMILY_CLASS_INHERITED","UNQUALIFIED","NOT_TESTED","false"
"PS-MATRIX-02596","PS-MAT-GAS_CAVITY","PS-MAT-CELL_INK","FL","BV","T","PS-PAIR-FL-BV","","FAMILY_CLASS_INHERITED","UNQUALIFIED","NOT_TESTED","false"
"PS-MATRIX-02597","PS-MAT-GRAPHITE_ANODE","PS-MAT-CU_OFHC","EC","MT","R","PS-PAIR-EC-MT","","FAMILY_CLASS_INHERITED","UNQUALIFIED","NOT_TESTED","false"
"PS-MATRIX-02598","PS-MAT-GRAPHITE_ANODE","PS-MAT-AL_6061","EC","MT","R","PS-PAIR-EC-MT","","FAMILY_CLASS_INHERITED","UNQUALIFIED","NOT_TESTED","false"
"PS-MATRIX-02599","PS-MAT-GRAPHITE_ANODE","PS-MAT-SS_316L","EC","MT","R","PS-PAIR-EC-MT","","FAMILY_CLASS_INHERITED","UNQUALIFIED","NOT_TESTED","false"
"PS-MATRIX-02600","PS-MAT-GRAPHITE_ANODE","PS-MAT-TI_64","EC","MT","R","PS-PAIR-EC-MT","","FAMILY_CLASS_INHERITED","UNQUALIFIED","NOT_TESTED","false"
"PS-MATRIX-02601","PS-MAT-GRAPHITE_ANODE","PS-MAT-NI_ALLOY","EC","MT","R","PS-PAIR-EC-MT","","FAMILY_CLASS_INHERITED","UNQUALIFIED","NOT_TESTED","false"
"PS-MATRIX-02602","PS-MAT-GRAPHITE_ANODE","PS-MAT-AG_METAL","EC","MT","R","PS-PAIR-EC-MT","","FAMILY_CLASS_INHERITED","UNQUALIFIED","NOT_TESTED","false"
"PS-MATRIX-02603","PS-MAT-GRAPHITE_ANODE","PS-MAT-ALUMINA","EC","CR","R","PS-PAIR-EC-CR","","FAMILY_CLASS_INHERITED","UNQUALIFIED","NOT_TESTED","false"
"PS-MATRIX-02604","PS-MAT-GRAPHITE_ANODE","PS-MAT-SILICA","EC","CR","R","PS-PAIR-EC-CR","","FAMILY_CLASS_INHERITED","UNQUALIFIED","NOT_TESTED","false"
"PS-MATRIX-02605","PS-MAT-GRAPHITE_ANODE","PS-MAT-ZIRCONIA","EC","CR","R","PS-PAIR-EC-CR","","FAMILY_CLASS_INHERITED","UNQUALIFIED","NOT_TESTED","false"
"PS-MATRIX-02606","PS-MAT-GRAPHITE_ANODE","PS-MAT-BT_CERAMIC","EC","CR","R","PS-PAIR-EC-CR","","FAMILY_CLASS_INHERITED","UNQUALIFIED","NOT_TESTED","false"
"PS-MATRIX-02607","PS-MAT-GRAPHITE_ANODE","PS-MAT-BN_CERAMIC","EC","CR","R","PS-PAIR-EC-CR","","FAMILY_CLASS_INHERITED","UNQUALIFIED","NOT_TESTED","false"
"PS-MATRIX-02608","PS-MAT-GRAPHITE_ANODE","PS-MAT-PLA","EC","TP","T","PS-PAIR-EC-TP","","FAMILY_CLASS_INHERITED","UNQUALIFIED","NOT_TESTED","false"
"PS-MATRIX-02609","PS-MAT-GRAPHITE_ANODE","PS-MAT-PETG","EC","TP","T","PS-PAIR-EC-TP","","FAMILY_CLASS_INHERITED","UNQUALIFIED","NOT_TESTED","false"
"PS-MATRIX-02610","PS-MAT-GRAPHITE_ANODE","PS-MAT-ABS","EC","TP","T","PS-PAIR-EC-TP","","FAMILY_CLASS_INHERITED","UNQUALIFIED","NOT_TESTED","false"
"PS-MATRIX-02611","PS-MAT-GRAPHITE_ANODE","PS-MAT-PA12","EC","TP","T","PS-PAIR-EC-TP","","FAMILY_CLASS_INHERITED","UNQUALIFIED","NOT_TESTED","false"
"PS-MATRIX-02612","PS-MAT-GRAPHITE_ANODE","PS-MAT-PEEK","EC","TP","T","PS-PAIR-EC-TP","","FAMILY_CLASS_INHERITED","UNQUALIFIED","NOT_TESTED","false"
"PS-MATRIX-02613","PS-MAT-GRAPHITE_ANODE","PS-MAT-PP","EC","TP","T","PS-PAIR-EC-TP","","FAMILY_CLASS_INHERITED","UNQUALIFIED","NOT_TESTED","false"
"PS-MATRIX-02614","PS-MAT-GRAPHITE_ANODE","PS-MAT-ACRYLATE","EC","RS","T","PS-PAIR-EC-RS","","FAMILY_CLASS_INHERITED","UNQUALIFIED","NOT_TESTED","false"
"PS-MATRIX-02615","PS-MAT-GRAPHITE_ANODE","PS-MAT-EPOXY","EC","RS","T","PS-PAIR-EC-RS","","FAMILY_CLASS_INHERITED","UNQUALIFIED","NOT_TESTED","false"
"PS-MATRIX-02616","PS-MAT-GRAPHITE_ANODE","PS-MAT-SILICONE_RESIN","EC","RS","T","PS-PAIR-EC-RS","","FAMILY_CLASS_INHERITED","UNQUALIFIED","NOT_TESTED","false"
"PS-MATRIX-02617","PS-MAT-GRAPHITE_ANODE","PS-MAT-TPU","EC","EL","T","PS-PAIR-EC-EL","","FAMILY_CLASS_INHERITED","UNQUALIFIED","NOT_TESTED","false"
"PS-MATRIX-02618","PS-MAT-GRAPHITE_ANODE","PS-MAT-PDMS","EC","EL","T","PS-PAIR-EC-EL","","FAMILY_CLASS_INHERITED","UNQUALIFIED","NOT_TESTED","false"
"PS-MATRIX-02619","PS-MAT-GRAPHITE_ANODE","PS-MAT-SILICONE_E","EC","EL","T","PS-PAIR-EC-EL","","FAMILY_CLASS_INHERITED","UNQUALIFIED","NOT_TESTED","false"
"PS-MATRIX-02620","PS-MAT-GRAPHITE_ANODE","PS-MAT-HYDROGEL_E","EC","EL","T","PS-PAIR-EC-EL","","FAMILY_CLASS_INHERITED","UNQUALIFIED","NOT_TESTED","false"
"PS-MATRIX-02621","PS-MAT-GRAPHITE_ANODE","PS-MAT-AG_INK","EC","CI","T","PS-PAIR-EC-CI","","FAMILY_CLASS_INHERITED","UNQUALIFIED","NOT_TESTED","false"
"PS-MATRIX-02622","PS-MAT-GRAPHITE_ANODE","PS-MAT-CU_INK","EC","CI","T","PS-PAIR-EC-CI","","FAMILY_CLASS_INHERITED","UNQUALIFIED","NOT_TESTED","false"
"PS-MATRIX-02623","PS-MAT-GRAPHITE_ANODE","PS-MAT-CARBON_INK","EC","CI","T","PS-PAIR-EC-CI","","FAMILY_CLASS_INHERITED","UNQUALIFIED","NOT_TESTED","false"
"PS-MATRIX-02624","PS-MAT-GRAPHITE_ANODE","PS-MAT-GRAPHENE_INK","EC","CI","T","PS-PAIR-EC-CI","","FAMILY_CLASS_INHERITED","UNQUALIFIED","NOT_TESTED","false"
"PS-MATRIX-02625","PS-MAT-GRAPHITE_ANODE","PS-MAT-PEDOT_PSS","EC","CI","T","PS-PAIR-EC-CI","","FAMILY_CLASS_INHERITED","UNQUALIFIED","NOT_TESTED","false"
"PS-MATRIX-02626","PS-MAT-GRAPHITE_ANODE","PS-MAT-DIEL_UV","EC","DE","T","PS-PAIR-EC-DE","","FAMILY_CLASS_INHERITED","UNQUALIFIED","NOT_TESTED","false"
"PS-MATRIX-02627","PS-MAT-GRAPHITE_ANODE","PS-MAT-DIEL_EPOXY","EC","DE","T","PS-PAIR-EC-DE","","FAMILY_CLASS_INHERITED","UNQUALIFIED","NOT_TESTED","false"
"PS-MATRIX-02628","PS-MAT-GRAPHITE_ANODE","PS-MAT-POLYIMIDE","EC","DE","T","PS-PAIR-EC-DE","","FAMILY_CLASS_INHERITED","UNQUALIFIED","NOT_TESTED","false"
"PS-MATRIX-02629","PS-MAT-GRAPHITE_ANODE","PS-MAT-PARylene","EC","DE","T","PS-PAIR-EC-DE","","FAMILY_CLASS_INHERITED","UNQUALIFIED","NOT_TESTED","false"
"PS-MATRIX-02630","PS-MAT-GRAPHITE_ANODE","PS-MAT-FERRITE_PASTE","EC","MG","T","PS-PAIR-EC-MG","","FAMILY_CLASS_INHERITED","UNQUALIFIED","NOT_TESTED","false"
"PS-MATRIX-02631","PS-MAT-GRAPHITE_ANODE","PS-MAT-NDFEB_BONDED","EC","MG","T","PS-PAIR-EC-MG","","FAMILY_CLASS_INHERITED","UNQUALIFIED","NOT_TESTED","false"
"PS-MATRIX-02632","PS-MAT-GRAPHITE_ANODE","PS-MAT-IRON_COMPOSITE","EC","MG","T","PS-PAIR-EC-MG","","FAMILY_CLASS_INHERITED","UNQUALIFIED","NOT_TESTED","false"
"PS-MATRIX-02633","PS-MAT-GRAPHITE_ANODE","PS-MAT-OPTICAL_RESIN","EC","OP","T","PS-PAIR-EC-OP","","FAMILY_CLASS_INHERITED","UNQUALIFIED","NOT_TESTED","false"
"PS-MATRIX-02634","PS-MAT-GRAPHITE_ANODE","PS-MAT-PMMA","EC","OP","T","PS-PAIR-EC-OP","","FAMILY_CLASS_INHERITED","UNQUALIFIED","NOT_TESTED","false"
"PS-MATRIX-02635","PS-MAT-GRAPHITE_ANODE","PS-MAT-FUSED_SILICA","EC","OP","T","PS-PAIR-EC-OP","","FAMILY_CLASS_INHERITED","UNQUALIFIED","NOT_TESTED","false"
"PS-MATRIX-02636","PS-MAT-GRAPHITE_ANODE","PS-MAT-PHOSPHOR_FILM","EC","OP","T","PS-PAIR-EC-OP","","FAMILY_CLASS_INHERITED","UNQUALIFIED","NOT_TESTED","false"
"PS-MATRIX-02637","PS-MAT-GRAPHITE_ANODE","PS-MAT-PVA_SUPPORT","EC","FL","T","PS-PAIR-EC-FL","","FAMILY_CLASS_INHERITED","UNQUALIFIED","NOT_TESTED","false"
"PS-MATRIX-02638","PS-MAT-GRAPHITE_ANODE","PS-MAT-WAX_SUPPORT","EC","FL","T","PS-PAIR-EC-FL","","FAMILY_CLASS_INHERITED","UNQUALIFIED","NOT_TESTED","false"
"PS-MATRIX-02639","PS-MAT-GRAPHITE_ANODE","PS-MAT-MICROGEL","EC","FL","T","PS-PAIR-EC-FL","","FAMILY_CLASS_INHERITED","UNQUALIFIED","NOT_TESTED","false"
"PS-MATRIX-02640","PS-MAT-GRAPHITE_ANODE","PS-MAT-GAS_CAVITY","EC","FL","T","PS-PAIR-EC-FL","","FAMILY_CLASS_INHERITED","UNQUALIFIED","NOT_TESTED","false"
"PS-MATRIX-02641","PS-MAT-GRAPHITE_ANODE","PS-MAT-GRAPHITE_ANODE","EC","EC","P","PS-PAIR-EC-EC","","FAMILY_CLASS_INHERITED","UNQUALIFIED","NOT_TESTED","false"
"PS-MATRIX-02642","PS-MAT-GRAPHITE_ANODE","PS-MAT-LFP_CATHODE","EC","EC","P","PS-PAIR-EC-EC","","FAMILY_CLASS_INHERITED","UNQUALIFIED","NOT_TESTED","false"
"PS-MATRIX-02643","PS-MAT-GRAPHITE_ANODE","PS-MAT-GEL_ELECTROLYTE","EC","EC","P","PS-PAIR-EC-EC","PS-MR-019-AB","ROUTE_SEED_ONLY","UNQUALIFIED","NOT_TESTED","false"
"PS-MATRIX-02644","PS-MAT-GRAPHITE_ANODE","PS-MAT-CARBON_SUPERCAP","EC","EC","P","PS-PAIR-EC-EC","","FAMILY_CLASS_INHERITED","UNQUALIFIED","NOT_TESTED","false"
"PS-MATRIX-02645","PS-MAT-GRAPHITE_ANODE","PS-MAT-SILICON_DIE","EC","SC","M","PS-PAIR-EC-SC","","FAMILY_CLASS_INHERITED","UNQUALIFIED","NOT_TESTED","false"
"PS-MATRIX-02646","PS-MAT-GRAPHITE_ANODE","PS-MAT-CAMERA_MODULE","EC","SC","M","PS-PAIR-EC-SC","","FAMILY_CLASS_INHERITED","UNQUALIFIED","NOT_TESTED","false"
"PS-MATRIX-02647","PS-MAT-GRAPHITE_ANODE","PS-MAT-LED_PACKAGE","EC","SC","M","PS-PAIR-EC-SC","","FAMILY_CLASS_INHERITED","UNQUALIFIED","NOT_TESTED","false"
"PS-MATRIX-02648","PS-MAT-GRAPHITE_ANODE","PS-MAT-RF_IC","EC","SC","M","PS-PAIR-EC-SC","","FAMILY_CLASS_INHERITED","UNQUALIFIED","NOT_TESTED","false"
"PS-MATRIX-02649","PS-MAT-GRAPHITE_ANODE","PS-MAT-LFP_MODULE","EC","BT","M","PS-PAIR-EC-BT","","FAMILY_CLASS_INHERITED","UNQUALIFIED","NOT_TESTED","false"
"PS-MATRIX-02650","PS-MAT-GRAPHITE_ANODE","PS-MAT-LIION_MODULE","EC","BT","M","PS-PAIR-EC-BT","","FAMILY_CLASS_INHERITED","UNQUALIFIED","NOT_TESTED","false"
"PS-MATRIX-02651","PS-MAT-GRAPHITE_ANODE","PS-MAT-CAP_BANK","EC","BT","M","PS-PAIR-EC-BT","","FAMILY_CLASS_INHERITED","UNQUALIFIED","NOT_TESTED","false"
"PS-MATRIX-02652","PS-MAT-GRAPHITE_ANODE","PS-MAT-ALGINATE","EC","BV","T","PS-PAIR-EC-BV","","FAMILY_CLASS_INHERITED","UNQUALIFIED","NOT_TESTED","false"
"PS-MATRIX-02653","PS-MAT-GRAPHITE_ANODE","PS-MAT-GELATIN","EC","BV","T","PS-PAIR-EC-BV","","FAMILY_CLASS_INHERITED","UNQUALIFIED","NOT_TESTED","false"
"PS-MATRIX-02654","PS-MAT-GRAPHITE_ANODE","PS-MAT-COLLAGEN","EC","BV","T","PS-PAIR-EC-BV","","FAMILY_CLASS_INHERITED","UNQUALIFIED","NOT_TESTED","false"
"PS-MATRIX-02655","PS-MAT-GRAPHITE_ANODE","PS-MAT-CELL_INK","EC","BV","T","PS-PAIR-EC-BV","","FAMILY_CLASS_INHERITED","UNQUALIFIED","NOT_TESTED","false"
"PS-MATRIX-02656","PS-MAT-LFP_CATHODE","PS-MAT-CU_OFHC","EC","MT","R","PS-PAIR-EC-MT","","FAMILY_CLASS_INHERITED","UNQUALIFIED","NOT_TESTED","false"
"PS-MATRIX-02657","PS-MAT-LFP_CATHODE","PS-MAT-AL_6061","EC","MT","R","PS-PAIR-EC-MT","","FAMILY_CLASS_INHERITED","UNQUALIFIED","NOT_TESTED","false"
"PS-MATRIX-02658","PS-MAT-LFP_CATHODE","PS-MAT-SS_316L","EC","MT","R","PS-PAIR-EC-MT","","FAMILY_CLASS_INHERITED","UNQUALIFIED","NOT_TESTED","false"
"PS-MATRIX-02659","PS-MAT-LFP_CATHODE","PS-MAT-TI_64","EC","MT","R","PS-PAIR-EC-MT","","FAMILY_CLASS_INHERITED","UNQUALIFIED","NOT_TESTED","false"
"PS-MATRIX-02660","PS-MAT-LFP_CATHODE","PS-MAT-NI_ALLOY","EC","MT","R","PS-PAIR-EC-MT","","FAMILY_CLASS_INHERITED","UNQUALIFIED","NOT_TESTED","false"
"PS-MATRIX-02661","PS-MAT-LFP_CATHODE","PS-MAT-AG_METAL","EC","MT","R","PS-PAIR-EC-MT","","FAMILY_CLASS_INHERITED","UNQUALIFIED","NOT_TESTED","false"
"PS-MATRIX-02662","PS-MAT-LFP_CATHODE","PS-MAT-ALUMINA","EC","CR","R","PS-PAIR-EC-CR","","FAMILY_CLASS_INHERITED","UNQUALIFIED","NOT_TESTED","false"
"PS-MATRIX-02663","PS-MAT-LFP_CATHODE","PS-MAT-SILICA","EC","CR","R","PS-PAIR-EC-CR","","FAMILY_CLASS_INHERITED","UNQUALIFIED","NOT_TESTED","false"
"PS-MATRIX-02664","PS-MAT-LFP_CATHODE","PS-MAT-ZIRCONIA","EC","CR","R","PS-PAIR-EC-CR","","FAMILY_CLASS_INHERITED","UNQUALIFIED","NOT_TESTED","false"
"PS-MATRIX-02665","PS-MAT-LFP_CATHODE","PS-MAT-BT_CERAMIC","EC","CR","R","PS-PAIR-EC-CR","","FAMILY_CLASS_INHERITED","UNQUALIFIED","NOT_TESTED","false"
"PS-MATRIX-02666","PS-MAT-LFP_CATHODE","PS-MAT-BN_CERAMIC","EC","CR","R","PS-PAIR-EC-CR","","FAMILY_CLASS_INHERITED","UNQUALIFIED","NOT_TESTED","false"
"PS-MATRIX-02667","PS-MAT-LFP_CATHODE","PS-MAT-PLA","EC","TP","T","PS-PAIR-EC-TP","","FAMILY_CLASS_INHERITED","UNQUALIFIED","NOT_TESTED","false"
"PS-MATRIX-02668","PS-MAT-LFP_CATHODE","PS-MAT-PETG","EC","TP","T","PS-PAIR-EC-TP","","FAMILY_CLASS_INHERITED","UNQUALIFIED","NOT_TESTED","false"
"PS-MATRIX-02669","PS-MAT-LFP_CATHODE","PS-MAT-ABS","EC","TP","T","PS-PAIR-EC-TP","","FAMILY_CLASS_INHERITED","UNQUALIFIED","NOT_TESTED","false"
"PS-MATRIX-02670","PS-MAT-LFP_CATHODE","PS-MAT-PA12","EC","TP","T","PS-PAIR-EC-TP","","FAMILY_CLASS_INHERITED","UNQUALIFIED","NOT_TESTED","false"
"PS-MATRIX-02671","PS-MAT-LFP_CATHODE","PS-MAT-PEEK","EC","TP","T","PS-PAIR-EC-TP","","FAMILY_CLASS_INHERITED","UNQUALIFIED","NOT_TESTED","false"
"PS-MATRIX-02672","PS-MAT-LFP_CATHODE","PS-MAT-PP","EC","TP","T","PS-PAIR-EC-TP","","FAMILY_CLASS_INHERITED","UNQUALIFIED","NOT_TESTED","false"
"PS-MATRIX-02673","PS-MAT-LFP_CATHODE","PS-MAT-ACRYLATE","EC","RS","T","PS-PAIR-EC-RS","","FAMILY_CLASS_INHERITED","UNQUALIFIED","NOT_TESTED","false"
"PS-MATRIX-02674","PS-MAT-LFP_CATHODE","PS-MAT-EPOXY","EC","RS","T","PS-PAIR-EC-RS","","FAMILY_CLASS_INHERITED","UNQUALIFIED","NOT_TESTED","false"
"PS-MATRIX-02675","PS-MAT-LFP_CATHODE","PS-MAT-SILICONE_RESIN","EC","RS","T","PS-PAIR-EC-RS","","FAMILY_CLASS_INHERITED","UNQUALIFIED","NOT_TESTED","false"
"PS-MATRIX-02676","PS-MAT-LFP_CATHODE","PS-MAT-TPU","EC","EL","T","PS-PAIR-EC-EL","","FAMILY_CLASS_INHERITED","UNQUALIFIED","NOT_TESTED","false"
"PS-MATRIX-02677","PS-MAT-LFP_CATHODE","PS-MAT-PDMS","EC","EL","T","PS-PAIR-EC-EL","","FAMILY_CLASS_INHERITED","UNQUALIFIED","NOT_TESTED","false"
"PS-MATRIX-02678","PS-MAT-LFP_CATHODE","PS-MAT-SILICONE_E","EC","EL","T","PS-PAIR-EC-EL","","FAMILY_CLASS_INHERITED","UNQUALIFIED","NOT_TESTED","false"
"PS-MATRIX-02679","PS-MAT-LFP_CATHODE","PS-MAT-HYDROGEL_E","EC","EL","T","PS-PAIR-EC-EL","","FAMILY_CLASS_INHERITED","UNQUALIFIED","NOT_TESTED","false"
"PS-MATRIX-02680","PS-MAT-LFP_CATHODE","PS-MAT-AG_INK","EC","CI","T","PS-PAIR-EC-CI","","FAMILY_CLASS_INHERITED","UNQUALIFIED","NOT_TESTED","false"
"PS-MATRIX-02681","PS-MAT-LFP_CATHODE","PS-MAT-CU_INK","EC","CI","T","PS-PAIR-EC-CI","","FAMILY_CLASS_INHERITED","UNQUALIFIED","NOT_TESTED","false"
"PS-MATRIX-02682","PS-MAT-LFP_CATHODE","PS-MAT-CARBON_INK","EC","CI","T","PS-PAIR-EC-CI","","FAMILY_CLASS_INHERITED","UNQUALIFIED","NOT_TESTED","false"
"PS-MATRIX-02683","PS-MAT-LFP_CATHODE","PS-MAT-GRAPHENE_INK","EC","CI","T","PS-PAIR-EC-CI","","FAMILY_CLASS_INHERITED","UNQUALIFIED","NOT_TESTED","false"
"PS-MATRIX-02684","PS-MAT-LFP_CATHODE","PS-MAT-PEDOT_PSS","EC","CI","T","PS-PAIR-EC-CI","","FAMILY_CLASS_INHERITED","UNQUALIFIED","NOT_TESTED","false"
"PS-MATRIX-02685","PS-MAT-LFP_CATHODE","PS-MAT-DIEL_UV","EC","DE","T","PS-PAIR-EC-DE","","FAMILY_CLASS_INHERITED","UNQUALIFIED","NOT_TESTED","false"
"PS-MATRIX-02686","PS-MAT-LFP_CATHODE","PS-MAT-DIEL_EPOXY","EC","DE","T","PS-PAIR-EC-DE","","FAMILY_CLASS_INHERITED","UNQUALIFIED","NOT_TESTED","false"
"PS-MATRIX-02687","PS-MAT-LFP_CATHODE","PS-MAT-POLYIMIDE","EC","DE","T","PS-PAIR-EC-DE","","FAMILY_CLASS_INHERITED","UNQUALIFIED","NOT_TESTED","false"
"PS-MATRIX-02688","PS-MAT-LFP_CATHODE","PS-MAT-PARylene","EC","DE","T","PS-PAIR-EC-DE","","FAMILY_CLASS_INHERITED","UNQUALIFIED","NOT_TESTED","false"
"PS-MATRIX-02689","PS-MAT-LFP_CATHODE","PS-MAT-FERRITE_PASTE","EC","MG","T","PS-PAIR-EC-MG","","FAMILY_CLASS_INHERITED","UNQUALIFIED","NOT_TESTED","false"
"PS-MATRIX-02690","PS-MAT-LFP_CATHODE","PS-MAT-NDFEB_BONDED","EC","MG","T","PS-PAIR-EC-MG","","FAMILY_CLASS_INHERITED","UNQUALIFIED","NOT_TESTED","false"
"PS-MATRIX-02691","PS-MAT-LFP_CATHODE","PS-MAT-IRON_COMPOSITE","EC","MG","T","PS-PAIR-EC-MG","","FAMILY_CLASS_INHERITED","UNQUALIFIED","NOT_TESTED","false"
"PS-MATRIX-02692","PS-MAT-LFP_CATHODE","PS-MAT-OPTICAL_RESIN","EC","OP","T","PS-PAIR-EC-OP","","FAMILY_CLASS_INHERITED","UNQUALIFIED","NOT_TESTED","false"
"PS-MATRIX-02693","PS-MAT-LFP_CATHODE","PS-MAT-PMMA","EC","OP","T","PS-PAIR-EC-OP","","FAMILY_CLASS_INHERITED","UNQUALIFIED","NOT_TESTED","false"
"PS-MATRIX-02694","PS-MAT-LFP_CATHODE","PS-MAT-FUSED_SILICA","EC","OP","T","PS-PAIR-EC-OP","","FAMILY_CLASS_INHERITED","UNQUALIFIED","NOT_TESTED","false"
"PS-MATRIX-02695","PS-MAT-LFP_CATHODE","PS-MAT-PHOSPHOR_FILM","EC","OP","T","PS-PAIR-EC-OP","","FAMILY_CLASS_INHERITED","UNQUALIFIED","NOT_TESTED","false"
"PS-MATRIX-02696","PS-MAT-LFP_CATHODE","PS-MAT-PVA_SUPPORT","EC","FL","T","PS-PAIR-EC-FL","","FAMILY_CLASS_INHERITED","UNQUALIFIED","NOT_TESTED","false"
"PS-MATRIX-02697","PS-MAT-LFP_CATHODE","PS-MAT-WAX_SUPPORT","EC","FL","T","PS-PAIR-EC-FL","","FAMILY_CLASS_INHERITED","UNQUALIFIED","NOT_TESTED","false"
"PS-MATRIX-02698","PS-MAT-LFP_CATHODE","PS-MAT-MICROGEL","EC","FL","T","PS-PAIR-EC-FL","","FAMILY_CLASS_INHERITED","UNQUALIFIED","NOT_TESTED","false"
"PS-MATRIX-02699","PS-MAT-LFP_CATHODE","PS-MAT-GAS_CAVITY","EC","FL","T","PS-PAIR-EC-FL","","FAMILY_CLASS_INHERITED","UNQUALIFIED","NOT_TESTED","false"
"PS-MATRIX-02700","PS-MAT-LFP_CATHODE","PS-MAT-GRAPHITE_ANODE","EC","EC","P","PS-PAIR-EC-EC","","FAMILY_CLASS_INHERITED","UNQUALIFIED","NOT_TESTED","false"
"PS-MATRIX-02701","PS-MAT-LFP_CATHODE","PS-MAT-LFP_CATHODE","EC","EC","P","PS-PAIR-EC-EC","","FAMILY_CLASS_INHERITED","UNQUALIFIED","NOT_TESTED","false"
"PS-MATRIX-02702","PS-MAT-LFP_CATHODE","PS-MAT-GEL_ELECTROLYTE","EC","EC","P","PS-PAIR-EC-EC","PS-MR-020-AB","ROUTE_SEED_ONLY","UNQUALIFIED","NOT_TESTED","false"
"PS-MATRIX-02703","PS-MAT-LFP_CATHODE","PS-MAT-CARBON_SUPERCAP","EC","EC","P","PS-PAIR-EC-EC","","FAMILY_CLASS_INHERITED","UNQUALIFIED","NOT_TESTED","false"
"PS-MATRIX-02704","PS-MAT-LFP_CATHODE","PS-MAT-SILICON_DIE","EC","SC","M","PS-PAIR-EC-SC","","FAMILY_CLASS_INHERITED","UNQUALIFIED","NOT_TESTED","false"
"PS-MATRIX-02705","PS-MAT-LFP_CATHODE","PS-MAT-CAMERA_MODULE","EC","SC","M","PS-PAIR-EC-SC","","FAMILY_CLASS_INHERITED","UNQUALIFIED","NOT_TESTED","false"
"PS-MATRIX-02706","PS-MAT-LFP_CATHODE","PS-MAT-LED_PACKAGE","EC","SC","M","PS-PAIR-EC-SC","","FAMILY_CLASS_INHERITED","UNQUALIFIED","NOT_TESTED","false"
"PS-MATRIX-02707","PS-MAT-LFP_CATHODE","PS-MAT-RF_IC","EC","SC","M","PS-PAIR-EC-SC","","FAMILY_CLASS_INHERITED","UNQUALIFIED","NOT_TESTED","false"
"PS-MATRIX-02708","PS-MAT-LFP_CATHODE","PS-MAT-LFP_MODULE","EC","BT","M","PS-PAIR-EC-BT","","FAMILY_CLASS_INHERITED","UNQUALIFIED","NOT_TESTED","false"
"PS-MATRIX-02709","PS-MAT-LFP_CATHODE","PS-MAT-LIION_MODULE","EC","BT","M","PS-PAIR-EC-BT","","FAMILY_CLASS_INHERITED","UNQUALIFIED","NOT_TESTED","false"
"PS-MATRIX-02710","PS-MAT-LFP_CATHODE","PS-MAT-CAP_BANK","EC","BT","M","PS-PAIR-EC-BT","","FAMILY_CLASS_INHERITED","UNQUALIFIED","NOT_TESTED","false"
"PS-MATRIX-02711","PS-MAT-LFP_CATHODE","PS-MAT-ALGINATE","EC","BV","T","PS-PAIR-EC-BV","","FAMILY_CLASS_INHERITED","UNQUALIFIED","NOT_TESTED","false"
"PS-MATRIX-02712","PS-MAT-LFP_CATHODE","PS-MAT-GELATIN","EC","BV","T","PS-PAIR-EC-BV","","FAMILY_CLASS_INHERITED","UNQUALIFIED","NOT_TESTED","false"
"PS-MATRIX-02713","PS-MAT-LFP_CATHODE","PS-MAT-COLLAGEN","EC","BV","T","PS-PAIR-EC-BV","","FAMILY_CLASS_INHERITED","UNQUALIFIED","NOT_TESTED","false"
"PS-MATRIX-02714","PS-MAT-LFP_CATHODE","PS-MAT-CELL_INK","EC","BV","T","PS-PAIR-EC-BV","","FAMILY_CLASS_INHERITED","UNQUALIFIED","NOT_TESTED","false"
"PS-MATRIX-02715","PS-MAT-GEL_ELECTROLYTE","PS-MAT-CU_OFHC","EC","MT","R","PS-PAIR-EC-MT","","FAMILY_CLASS_INHERITED","UNQUALIFIED","NOT_TESTED","false"
"PS-MATRIX-02716","PS-MAT-GEL_ELECTROLYTE","PS-MAT-AL_6061","EC","MT","R","PS-PAIR-EC-MT","","FAMILY_CLASS_INHERITED","UNQUALIFIED","NOT_TESTED","false"
"PS-MATRIX-02717","PS-MAT-GEL_ELECTROLYTE","PS-MAT-SS_316L","EC","MT","R","PS-PAIR-EC-MT","","FAMILY_CLASS_INHERITED","UNQUALIFIED","NOT_TESTED","false"
"PS-MATRIX-02718","PS-MAT-GEL_ELECTROLYTE","PS-MAT-TI_64","EC","MT","R","PS-PAIR-EC-MT","","FAMILY_CLASS_INHERITED","UNQUALIFIED","NOT_TESTED","false"
"PS-MATRIX-02719","PS-MAT-GEL_ELECTROLYTE","PS-MAT-NI_ALLOY","EC","MT","R","PS-PAIR-EC-MT","","FAMILY_CLASS_INHERITED","UNQUALIFIED","NOT_TESTED","false"
"PS-MATRIX-02720","PS-MAT-GEL_ELECTROLYTE","PS-MAT-AG_METAL","EC","MT","R","PS-PAIR-EC-MT","","FAMILY_CLASS_INHERITED","UNQUALIFIED","NOT_TESTED","false"
"PS-MATRIX-02721","PS-MAT-GEL_ELECTROLYTE","PS-MAT-ALUMINA","EC","CR","R","PS-PAIR-EC-CR","","FAMILY_CLASS_INHERITED","UNQUALIFIED","NOT_TESTED","false"
"PS-MATRIX-02722","PS-MAT-GEL_ELECTROLYTE","PS-MAT-SILICA","EC","CR","R","PS-PAIR-EC-CR","","FAMILY_CLASS_INHERITED","UNQUALIFIED","NOT_TESTED","false"
"PS-MATRIX-02723","PS-MAT-GEL_ELECTROLYTE","PS-MAT-ZIRCONIA","EC","CR","R","PS-PAIR-EC-CR","","FAMILY_CLASS_INHERITED","UNQUALIFIED","NOT_TESTED","false"
"PS-MATRIX-02724","PS-MAT-GEL_ELECTROLYTE","PS-MAT-BT_CERAMIC","EC","CR","R","PS-PAIR-EC-CR","","FAMILY_CLASS_INHERITED","UNQUALIFIED","NOT_TESTED","false"
"PS-MATRIX-02725","PS-MAT-GEL_ELECTROLYTE","PS-MAT-BN_CERAMIC","EC","CR","R","PS-PAIR-EC-CR","","FAMILY_CLASS_INHERITED","UNQUALIFIED","NOT_TESTED","false"
"PS-MATRIX-02726","PS-MAT-GEL_ELECTROLYTE","PS-MAT-PLA","EC","TP","T","PS-PAIR-EC-TP","","FAMILY_CLASS_INHERITED","UNQUALIFIED","NOT_TESTED","false"
"PS-MATRIX-02727","PS-MAT-GEL_ELECTROLYTE","PS-MAT-PETG","EC","TP","T","PS-PAIR-EC-TP","","FAMILY_CLASS_INHERITED","UNQUALIFIED","NOT_TESTED","false"
"PS-MATRIX-02728","PS-MAT-GEL_ELECTROLYTE","PS-MAT-ABS","EC","TP","T","PS-PAIR-EC-TP","","FAMILY_CLASS_INHERITED","UNQUALIFIED","NOT_TESTED","false"
"PS-MATRIX-02729","PS-MAT-GEL_ELECTROLYTE","PS-MAT-PA12","EC","TP","T","PS-PAIR-EC-TP","","FAMILY_CLASS_INHERITED","UNQUALIFIED","NOT_TESTED","false"
"PS-MATRIX-02730","PS-MAT-GEL_ELECTROLYTE","PS-MAT-PEEK","EC","TP","T","PS-PAIR-EC-TP","","FAMILY_CLASS_INHERITED","UNQUALIFIED","NOT_TESTED","false"
"PS-MATRIX-02731","PS-MAT-GEL_ELECTROLYTE","PS-MAT-PP","EC","TP","T","PS-PAIR-EC-TP","","FAMILY_CLASS_INHERITED","UNQUALIFIED","NOT_TESTED","false"
"PS-MATRIX-02732","PS-MAT-GEL_ELECTROLYTE","PS-MAT-ACRYLATE","EC","RS","T","PS-PAIR-EC-RS","","FAMILY_CLASS_INHERITED","UNQUALIFIED","NOT_TESTED","false"
"PS-MATRIX-02733","PS-MAT-GEL_ELECTROLYTE","PS-MAT-EPOXY","EC","RS","T","PS-PAIR-EC-RS","","FAMILY_CLASS_INHERITED","UNQUALIFIED","NOT_TESTED","false"
"PS-MATRIX-02734","PS-MAT-GEL_ELECTROLYTE","PS-MAT-SILICONE_RESIN","EC","RS","T","PS-PAIR-EC-RS","","FAMILY_CLASS_INHERITED","UNQUALIFIED","NOT_TESTED","false"
"PS-MATRIX-02735","PS-MAT-GEL_ELECTROLYTE","PS-MAT-TPU","EC","EL","T","PS-PAIR-EC-EL","","FAMILY_CLASS_INHERITED","UNQUALIFIED","NOT_TESTED","false"
"PS-MATRIX-02736","PS-MAT-GEL_ELECTROLYTE","PS-MAT-PDMS","EC","EL","T","PS-PAIR-EC-EL","","FAMILY_CLASS_INHERITED","UNQUALIFIED","NOT_TESTED","false"
"PS-MATRIX-02737","PS-MAT-GEL_ELECTROLYTE","PS-MAT-SILICONE_E","EC","EL","T","PS-PAIR-EC-EL","","FAMILY_CLASS_INHERITED","UNQUALIFIED","NOT_TESTED","false"
"PS-MATRIX-02738","PS-MAT-GEL_ELECTROLYTE","PS-MAT-HYDROGEL_E","EC","EL","T","PS-PAIR-EC-EL","","FAMILY_CLASS_INHERITED","UNQUALIFIED","NOT_TESTED","false"
"PS-MATRIX-02739","PS-MAT-GEL_ELECTROLYTE","PS-MAT-AG_INK","EC","CI","T","PS-PAIR-EC-CI","","FAMILY_CLASS_INHERITED","UNQUALIFIED","NOT_TESTED","false"
"PS-MATRIX-02740","PS-MAT-GEL_ELECTROLYTE","PS-MAT-CU_INK","EC","CI","T","PS-PAIR-EC-CI","","FAMILY_CLASS_INHERITED","UNQUALIFIED","NOT_TESTED","false"
"PS-MATRIX-02741","PS-MAT-GEL_ELECTROLYTE","PS-MAT-CARBON_INK","EC","CI","T","PS-PAIR-EC-CI","","FAMILY_CLASS_INHERITED","UNQUALIFIED","NOT_TESTED","false"
"PS-MATRIX-02742","PS-MAT-GEL_ELECTROLYTE","PS-MAT-GRAPHENE_INK","EC","CI","T","PS-PAIR-EC-CI","","FAMILY_CLASS_INHERITED","UNQUALIFIED","NOT_TESTED","false"
"PS-MATRIX-02743","PS-MAT-GEL_ELECTROLYTE","PS-MAT-PEDOT_PSS","EC","CI","T","PS-PAIR-EC-CI","","FAMILY_CLASS_INHERITED","UNQUALIFIED","NOT_TESTED","false"
"PS-MATRIX-02744","PS-MAT-GEL_ELECTROLYTE","PS-MAT-DIEL_UV","EC","DE","T","PS-PAIR-EC-DE","","FAMILY_CLASS_INHERITED","UNQUALIFIED","NOT_TESTED","false"
"PS-MATRIX-02745","PS-MAT-GEL_ELECTROLYTE","PS-MAT-DIEL_EPOXY","EC","DE","T","PS-PAIR-EC-DE","PS-MR-013-BA","ROUTE_SEED_ONLY","UNQUALIFIED","NOT_TESTED","false"
"PS-MATRIX-02746","PS-MAT-GEL_ELECTROLYTE","PS-MAT-POLYIMIDE","EC","DE","T","PS-PAIR-EC-DE","","FAMILY_CLASS_INHERITED","UNQUALIFIED","NOT_TESTED","false"
"PS-MATRIX-02747","PS-MAT-GEL_ELECTROLYTE","PS-MAT-PARylene","EC","DE","T","PS-PAIR-EC-DE","","FAMILY_CLASS_INHERITED","UNQUALIFIED","NOT_TESTED","false"
"PS-MATRIX-02748","PS-MAT-GEL_ELECTROLYTE","PS-MAT-FERRITE_PASTE","EC","MG","T","PS-PAIR-EC-MG","","FAMILY_CLASS_INHERITED","UNQUALIFIED","NOT_TESTED","false"
"PS-MATRIX-02749","PS-MAT-GEL_ELECTROLYTE","PS-MAT-NDFEB_BONDED","EC","MG","T","PS-PAIR-EC-MG","","FAMILY_CLASS_INHERITED","UNQUALIFIED","NOT_TESTED","false"
"PS-MATRIX-02750","PS-MAT-GEL_ELECTROLYTE","PS-MAT-IRON_COMPOSITE","EC","MG","T","PS-PAIR-EC-MG","","FAMILY_CLASS_INHERITED","UNQUALIFIED","NOT_TESTED","false"
"PS-MATRIX-02751","PS-MAT-GEL_ELECTROLYTE","PS-MAT-OPTICAL_RESIN","EC","OP","T","PS-PAIR-EC-OP","","FAMILY_CLASS_INHERITED","UNQUALIFIED","NOT_TESTED","false"
"PS-MATRIX-02752","PS-MAT-GEL_ELECTROLYTE","PS-MAT-PMMA","EC","OP","T","PS-PAIR-EC-OP","","FAMILY_CLASS_INHERITED","UNQUALIFIED","NOT_TESTED","false"
"PS-MATRIX-02753","PS-MAT-GEL_ELECTROLYTE","PS-MAT-FUSED_SILICA","EC","OP","T","PS-PAIR-EC-OP","","FAMILY_CLASS_INHERITED","UNQUALIFIED","NOT_TESTED","false"
"PS-MATRIX-02754","PS-MAT-GEL_ELECTROLYTE","PS-MAT-PHOSPHOR_FILM","EC","OP","T","PS-PAIR-EC-OP","","FAMILY_CLASS_INHERITED","UNQUALIFIED","NOT_TESTED","false"
"PS-MATRIX-02755","PS-MAT-GEL_ELECTROLYTE","PS-MAT-PVA_SUPPORT","EC","FL","T","PS-PAIR-EC-FL","","FAMILY_CLASS_INHERITED","UNQUALIFIED","NOT_TESTED","false"
"PS-MATRIX-02756","PS-MAT-GEL_ELECTROLYTE","PS-MAT-WAX_SUPPORT","EC","FL","T","PS-PAIR-EC-FL","","FAMILY_CLASS_INHERITED","UNQUALIFIED","NOT_TESTED","false"
"PS-MATRIX-02757","PS-MAT-GEL_ELECTROLYTE","PS-MAT-MICROGEL","EC","FL","T","PS-PAIR-EC-FL","","FAMILY_CLASS_INHERITED","UNQUALIFIED","NOT_TESTED","false"
"PS-MATRIX-02758","PS-MAT-GEL_ELECTROLYTE","PS-MAT-GAS_CAVITY","EC","FL","T","PS-PAIR-EC-FL","","FAMILY_CLASS_INHERITED","UNQUALIFIED","NOT_TESTED","false"
"PS-MATRIX-02759","PS-MAT-GEL_ELECTROLYTE","PS-MAT-GRAPHITE_ANODE","EC","EC","P","PS-PAIR-EC-EC","PS-MR-019-BA","ROUTE_SEED_ONLY","UNQUALIFIED","NOT_TESTED","false"
"PS-MATRIX-02760","PS-MAT-GEL_ELECTROLYTE","PS-MAT-LFP_CATHODE","EC","EC","P","PS-PAIR-EC-EC","PS-MR-020-BA","ROUTE_SEED_ONLY","UNQUALIFIED","NOT_TESTED","false"
"PS-MATRIX-02761","PS-MAT-GEL_ELECTROLYTE","PS-MAT-GEL_ELECTROLYTE","EC","EC","P","PS-PAIR-EC-EC","","FAMILY_CLASS_INHERITED","UNQUALIFIED","NOT_TESTED","false"
"PS-MATRIX-02762","PS-MAT-GEL_ELECTROLYTE","PS-MAT-CARBON_SUPERCAP","EC","EC","P","PS-PAIR-EC-EC","","FAMILY_CLASS_INHERITED","UNQUALIFIED","NOT_TESTED","false"
"PS-MATRIX-02763","PS-MAT-GEL_ELECTROLYTE","PS-MAT-SILICON_DIE","EC","SC","M","PS-PAIR-EC-SC","","FAMILY_CLASS_INHERITED","UNQUALIFIED","NOT_TESTED","false"
"PS-MATRIX-02764","PS-MAT-GEL_ELECTROLYTE","PS-MAT-CAMERA_MODULE","EC","SC","M","PS-PAIR-EC-SC","","FAMILY_CLASS_INHERITED","UNQUALIFIED","NOT_TESTED","false"
"PS-MATRIX-02765","PS-MAT-GEL_ELECTROLYTE","PS-MAT-LED_PACKAGE","EC","SC","M","PS-PAIR-EC-SC","","FAMILY_CLASS_INHERITED","UNQUALIFIED","NOT_TESTED","false"
"PS-MATRIX-02766","PS-MAT-GEL_ELECTROLYTE","PS-MAT-RF_IC","EC","SC","M","PS-PAIR-EC-SC","","FAMILY_CLASS_INHERITED","UNQUALIFIED","NOT_TESTED","false"
"PS-MATRIX-02767","PS-MAT-GEL_ELECTROLYTE","PS-MAT-LFP_MODULE","EC","BT","M","PS-PAIR-EC-BT","","FAMILY_CLASS_INHERITED","UNQUALIFIED","NOT_TESTED","false"
"PS-MATRIX-02768","PS-MAT-GEL_ELECTROLYTE","PS-MAT-LIION_MODULE","EC","BT","M","PS-PAIR-EC-BT","","FAMILY_CLASS_INHERITED","UNQUALIFIED","NOT_TESTED","false"
"PS-MATRIX-02769","PS-MAT-GEL_ELECTROLYTE","PS-MAT-CAP_BANK","EC","BT","M","PS-PAIR-EC-BT","","FAMILY_CLASS_INHERITED","UNQUALIFIED","NOT_TESTED","false"
"PS-MATRIX-02770","PS-MAT-GEL_ELECTROLYTE","PS-MAT-ALGINATE","EC","BV","T","PS-PAIR-EC-BV","","FAMILY_CLASS_INHERITED","UNQUALIFIED","NOT_TESTED","false"
"PS-MATRIX-02771","PS-MAT-GEL_ELECTROLYTE","PS-MAT-GELATIN","EC","BV","T","PS-PAIR-EC-BV","","FAMILY_CLASS_INHERITED","UNQUALIFIED","NOT_TESTED","false"
"PS-MATRIX-02772","PS-MAT-GEL_ELECTROLYTE","PS-MAT-COLLAGEN","EC","BV","T","PS-PAIR-EC-BV","","FAMILY_CLASS_INHERITED","UNQUALIFIED","NOT_TESTED","false"
"PS-MATRIX-02773","PS-MAT-GEL_ELECTROLYTE","PS-MAT-CELL_INK","EC","BV","T","PS-PAIR-EC-BV","","FAMILY_CLASS_INHERITED","UNQUALIFIED","NOT_TESTED","false"
"PS-MATRIX-02774","PS-MAT-CARBON_SUPERCAP","PS-MAT-CU_OFHC","EC","MT","R","PS-PAIR-EC-MT","","FAMILY_CLASS_INHERITED","UNQUALIFIED","NOT_TESTED","false"
"PS-MATRIX-02775","PS-MAT-CARBON_SUPERCAP","PS-MAT-AL_6061","EC","MT","R","PS-PAIR-EC-MT","","FAMILY_CLASS_INHERITED","UNQUALIFIED","NOT_TESTED","false"
"PS-MATRIX-02776","PS-MAT-CARBON_SUPERCAP","PS-MAT-SS_316L","EC","MT","R","PS-PAIR-EC-MT","","FAMILY_CLASS_INHERITED","UNQUALIFIED","NOT_TESTED","false"
"PS-MATRIX-02777","PS-MAT-CARBON_SUPERCAP","PS-MAT-TI_64","EC","MT","R","PS-PAIR-EC-MT","","FAMILY_CLASS_INHERITED","UNQUALIFIED","NOT_TESTED","false"
"PS-MATRIX-02778","PS-MAT-CARBON_SUPERCAP","PS-MAT-NI_ALLOY","EC","MT","R","PS-PAIR-EC-MT","","FAMILY_CLASS_INHERITED","UNQUALIFIED","NOT_TESTED","false"
"PS-MATRIX-02779","PS-MAT-CARBON_SUPERCAP","PS-MAT-AG_METAL","EC","MT","R","PS-PAIR-EC-MT","","FAMILY_CLASS_INHERITED","UNQUALIFIED","NOT_TESTED","false"
"PS-MATRIX-02780","PS-MAT-CARBON_SUPERCAP","PS-MAT-ALUMINA","EC","CR","R","PS-PAIR-EC-CR","","FAMILY_CLASS_INHERITED","UNQUALIFIED","NOT_TESTED","false"
"PS-MATRIX-02781","PS-MAT-CARBON_SUPERCAP","PS-MAT-SILICA","EC","CR","R","PS-PAIR-EC-CR","","FAMILY_CLASS_INHERITED","UNQUALIFIED","NOT_TESTED","false"
"PS-MATRIX-02782","PS-MAT-CARBON_SUPERCAP","PS-MAT-ZIRCONIA","EC","CR","R","PS-PAIR-EC-CR","","FAMILY_CLASS_INHERITED","UNQUALIFIED","NOT_TESTED","false"
"PS-MATRIX-02783","PS-MAT-CARBON_SUPERCAP","PS-MAT-BT_CERAMIC","EC","CR","R","PS-PAIR-EC-CR","","FAMILY_CLASS_INHERITED","UNQUALIFIED","NOT_TESTED","false"
"PS-MATRIX-02784","PS-MAT-CARBON_SUPERCAP","PS-MAT-BN_CERAMIC","EC","CR","R","PS-PAIR-EC-CR","","FAMILY_CLASS_INHERITED","UNQUALIFIED","NOT_TESTED","false"
"PS-MATRIX-02785","PS-MAT-CARBON_SUPERCAP","PS-MAT-PLA","EC","TP","T","PS-PAIR-EC-TP","","FAMILY_CLASS_INHERITED","UNQUALIFIED","NOT_TESTED","false"
"PS-MATRIX-02786","PS-MAT-CARBON_SUPERCAP","PS-MAT-PETG","EC","TP","T","PS-PAIR-EC-TP","","FAMILY_CLASS_INHERITED","UNQUALIFIED","NOT_TESTED","false"
"PS-MATRIX-02787","PS-MAT-CARBON_SUPERCAP","PS-MAT-ABS","EC","TP","T","PS-PAIR-EC-TP","","FAMILY_CLASS_INHERITED","UNQUALIFIED","NOT_TESTED","false"
"PS-MATRIX-02788","PS-MAT-CARBON_SUPERCAP","PS-MAT-PA12","EC","TP","T","PS-PAIR-EC-TP","","FAMILY_CLASS_INHERITED","UNQUALIFIED","NOT_TESTED","false"
"PS-MATRIX-02789","PS-MAT-CARBON_SUPERCAP","PS-MAT-PEEK","EC","TP","T","PS-PAIR-EC-TP","","FAMILY_CLASS_INHERITED","UNQUALIFIED","NOT_TESTED","false"
"PS-MATRIX-02790","PS-MAT-CARBON_SUPERCAP","PS-MAT-PP","EC","TP","T","PS-PAIR-EC-TP","","FAMILY_CLASS_INHERITED","UNQUALIFIED","NOT_TESTED","false"
"PS-MATRIX-02791","PS-MAT-CARBON_SUPERCAP","PS-MAT-ACRYLATE","EC","RS","T","PS-PAIR-EC-RS","","FAMILY_CLASS_INHERITED","UNQUALIFIED","NOT_TESTED","false"
"PS-MATRIX-02792","PS-MAT-CARBON_SUPERCAP","PS-MAT-EPOXY","EC","RS","T","PS-PAIR-EC-RS","","FAMILY_CLASS_INHERITED","UNQUALIFIED","NOT_TESTED","false"
"PS-MATRIX-02793","PS-MAT-CARBON_SUPERCAP","PS-MAT-SILICONE_RESIN","EC","RS","T","PS-PAIR-EC-RS","","FAMILY_CLASS_INHERITED","UNQUALIFIED","NOT_TESTED","false"
"PS-MATRIX-02794","PS-MAT-CARBON_SUPERCAP","PS-MAT-TPU","EC","EL","T","PS-PAIR-EC-EL","","FAMILY_CLASS_INHERITED","UNQUALIFIED","NOT_TESTED","false"
"PS-MATRIX-02795","PS-MAT-CARBON_SUPERCAP","PS-MAT-PDMS","EC","EL","T","PS-PAIR-EC-EL","","FAMILY_CLASS_INHERITED","UNQUALIFIED","NOT_TESTED","false"
"PS-MATRIX-02796","PS-MAT-CARBON_SUPERCAP","PS-MAT-SILICONE_E","EC","EL","T","PS-PAIR-EC-EL","","FAMILY_CLASS_INHERITED","UNQUALIFIED","NOT_TESTED","false"
"PS-MATRIX-02797","PS-MAT-CARBON_SUPERCAP","PS-MAT-HYDROGEL_E","EC","EL","T","PS-PAIR-EC-EL","","FAMILY_CLASS_INHERITED","UNQUALIFIED","NOT_TESTED","false"
"PS-MATRIX-02798","PS-MAT-CARBON_SUPERCAP","PS-MAT-AG_INK","EC","CI","T","PS-PAIR-EC-CI","","FAMILY_CLASS_INHERITED","UNQUALIFIED","NOT_TESTED","false"
"PS-MATRIX-02799","PS-MAT-CARBON_SUPERCAP","PS-MAT-CU_INK","EC","CI","T","PS-PAIR-EC-CI","","FAMILY_CLASS_INHERITED","UNQUALIFIED","NOT_TESTED","false"
"PS-MATRIX-02800","PS-MAT-CARBON_SUPERCAP","PS-MAT-CARBON_INK","EC","CI","T","PS-PAIR-EC-CI","","FAMILY_CLASS_INHERITED","UNQUALIFIED","NOT_TESTED","false"
"PS-MATRIX-02801","PS-MAT-CARBON_SUPERCAP","PS-MAT-GRAPHENE_INK","EC","CI","T","PS-PAIR-EC-CI","","FAMILY_CLASS_INHERITED","UNQUALIFIED","NOT_TESTED","false"
"PS-MATRIX-02802","PS-MAT-CARBON_SUPERCAP","PS-MAT-PEDOT_PSS","EC","CI","T","PS-PAIR-EC-CI","","FAMILY_CLASS_INHERITED","UNQUALIFIED","NOT_TESTED","false"
"PS-MATRIX-02803","PS-MAT-CARBON_SUPERCAP","PS-MAT-DIEL_UV","EC","DE","T","PS-PAIR-EC-DE","PS-MR-021-AB","ROUTE_SEED_ONLY","UNQUALIFIED","NOT_TESTED","false"
"PS-MATRIX-02804","PS-MAT-CARBON_SUPERCAP","PS-MAT-DIEL_EPOXY","EC","DE","T","PS-PAIR-EC-DE","","FAMILY_CLASS_INHERITED","UNQUALIFIED","NOT_TESTED","false"
"PS-MATRIX-02805","PS-MAT-CARBON_SUPERCAP","PS-MAT-POLYIMIDE","EC","DE","T","PS-PAIR-EC-DE","","FAMILY_CLASS_INHERITED","UNQUALIFIED","NOT_TESTED","false"
"PS-MATRIX-02806","PS-MAT-CARBON_SUPERCAP","PS-MAT-PARylene","EC","DE","T","PS-PAIR-EC-DE","","FAMILY_CLASS_INHERITED","UNQUALIFIED","NOT_TESTED","false"
"PS-MATRIX-02807","PS-MAT-CARBON_SUPERCAP","PS-MAT-FERRITE_PASTE","EC","MG","T","PS-PAIR-EC-MG","","FAMILY_CLASS_INHERITED","UNQUALIFIED","NOT_TESTED","false"
"PS-MATRIX-02808","PS-MAT-CARBON_SUPERCAP","PS-MAT-NDFEB_BONDED","EC","MG","T","PS-PAIR-EC-MG","","FAMILY_CLASS_INHERITED","UNQUALIFIED","NOT_TESTED","false"
"PS-MATRIX-02809","PS-MAT-CARBON_SUPERCAP","PS-MAT-IRON_COMPOSITE","EC","MG","T","PS-PAIR-EC-MG","","FAMILY_CLASS_INHERITED","UNQUALIFIED","NOT_TESTED","false"
"PS-MATRIX-02810","PS-MAT-CARBON_SUPERCAP","PS-MAT-OPTICAL_RESIN","EC","OP","T","PS-PAIR-EC-OP","","FAMILY_CLASS_INHERITED","UNQUALIFIED","NOT_TESTED","false"
"PS-MATRIX-02811","PS-MAT-CARBON_SUPERCAP","PS-MAT-PMMA","EC","OP","T","PS-PAIR-EC-OP","","FAMILY_CLASS_INHERITED","UNQUALIFIED","NOT_TESTED","false"
"PS-MATRIX-02812","PS-MAT-CARBON_SUPERCAP","PS-MAT-FUSED_SILICA","EC","OP","T","PS-PAIR-EC-OP","","FAMILY_CLASS_INHERITED","UNQUALIFIED","NOT_TESTED","false"
"PS-MATRIX-02813","PS-MAT-CARBON_SUPERCAP","PS-MAT-PHOSPHOR_FILM","EC","OP","T","PS-PAIR-EC-OP","","FAMILY_CLASS_INHERITED","UNQUALIFIED","NOT_TESTED","false"
"PS-MATRIX-02814","PS-MAT-CARBON_SUPERCAP","PS-MAT-PVA_SUPPORT","EC","FL","T","PS-PAIR-EC-FL","","FAMILY_CLASS_INHERITED","UNQUALIFIED","NOT_TESTED","false"
"PS-MATRIX-02815","PS-MAT-CARBON_SUPERCAP","PS-MAT-WAX_SUPPORT","EC","FL","T","PS-PAIR-EC-FL","","FAMILY_CLASS_INHERITED","UNQUALIFIED","NOT_TESTED","false"
"PS-MATRIX-02816","PS-MAT-CARBON_SUPERCAP","PS-MAT-MICROGEL","EC","FL","T","PS-PAIR-EC-FL","","FAMILY_CLASS_INHERITED","UNQUALIFIED","NOT_TESTED","false"
"PS-MATRIX-02817","PS-MAT-CARBON_SUPERCAP","PS-MAT-GAS_CAVITY","EC","FL","T","PS-PAIR-EC-FL","","FAMILY_CLASS_INHERITED","UNQUALIFIED","NOT_TESTED","false"
"PS-MATRIX-02818","PS-MAT-CARBON_SUPERCAP","PS-MAT-GRAPHITE_ANODE","EC","EC","P","PS-PAIR-EC-EC","","FAMILY_CLASS_INHERITED","UNQUALIFIED","NOT_TESTED","false"
"PS-MATRIX-02819","PS-MAT-CARBON_SUPERCAP","PS-MAT-LFP_CATHODE","EC","EC","P","PS-PAIR-EC-EC","","FAMILY_CLASS_INHERITED","UNQUALIFIED","NOT_TESTED","false"
"PS-MATRIX-02820","PS-MAT-CARBON_SUPERCAP","PS-MAT-GEL_ELECTROLYTE","EC","EC","P","PS-PAIR-EC-EC","","FAMILY_CLASS_INHERITED","UNQUALIFIED","NOT_TESTED","false"
"PS-MATRIX-02821","PS-MAT-CARBON_SUPERCAP","PS-MAT-CARBON_SUPERCAP","EC","EC","P","PS-PAIR-EC-EC","","FAMILY_CLASS_INHERITED","UNQUALIFIED","NOT_TESTED","false"
"PS-MATRIX-02822","PS-MAT-CARBON_SUPERCAP","PS-MAT-SILICON_DIE","EC","SC","M","PS-PAIR-EC-SC","","FAMILY_CLASS_INHERITED","UNQUALIFIED","NOT_TESTED","false"
"PS-MATRIX-02823","PS-MAT-CARBON_SUPERCAP","PS-MAT-CAMERA_MODULE","EC","SC","M","PS-PAIR-EC-SC","","FAMILY_CLASS_INHERITED","UNQUALIFIED","NOT_TESTED","false"
"PS-MATRIX-02824","PS-MAT-CARBON_SUPERCAP","PS-MAT-LED_PACKAGE","EC","SC","M","PS-PAIR-EC-SC","","FAMILY_CLASS_INHERITED","UNQUALIFIED","NOT_TESTED","false"
"PS-MATRIX-02825","PS-MAT-CARBON_SUPERCAP","PS-MAT-RF_IC","EC","SC","M","PS-PAIR-EC-SC","","FAMILY_CLASS_INHERITED","UNQUALIFIED","NOT_TESTED","false"
"PS-MATRIX-02826","PS-MAT-CARBON_SUPERCAP","PS-MAT-LFP_MODULE","EC","BT","M","PS-PAIR-EC-BT","","FAMILY_CLASS_INHERITED","UNQUALIFIED","NOT_TESTED","false"
"PS-MATRIX-02827","PS-MAT-CARBON_SUPERCAP","PS-MAT-LIION_MODULE","EC","BT","M","PS-PAIR-EC-BT","","FAMILY_CLASS_INHERITED","UNQUALIFIED","NOT_TESTED","false"
"PS-MATRIX-02828","PS-MAT-CARBON_SUPERCAP","PS-MAT-CAP_BANK","EC","BT","M","PS-PAIR-EC-BT","","FAMILY_CLASS_INHERITED","UNQUALIFIED","NOT_TESTED","false"
"PS-MATRIX-02829","PS-MAT-CARBON_SUPERCAP","PS-MAT-ALGINATE","EC","BV","T","PS-PAIR-EC-BV","","FAMILY_CLASS_INHERITED","UNQUALIFIED","NOT_TESTED","false"
"PS-MATRIX-02830","PS-MAT-CARBON_SUPERCAP","PS-MAT-GELATIN","EC","BV","T","PS-PAIR-EC-BV","","FAMILY_CLASS_INHERITED","UNQUALIFIED","NOT_TESTED","false"
"PS-MATRIX-02831","PS-MAT-CARBON_SUPERCAP","PS-MAT-COLLAGEN","EC","BV","T","PS-PAIR-EC-BV","","FAMILY_CLASS_INHERITED","UNQUALIFIED","NOT_TESTED","false"
"PS-MATRIX-02832","PS-MAT-CARBON_SUPERCAP","PS-MAT-CELL_INK","EC","BV","T","PS-PAIR-EC-BV","","FAMILY_CLASS_INHERITED","UNQUALIFIED","NOT_TESTED","false"
"PS-MATRIX-02833","PS-MAT-SILICON_DIE","PS-MAT-CU_OFHC","SC","MT","R","PS-PAIR-SC-MT","","FAMILY_CLASS_INHERITED","UNQUALIFIED","NOT_TESTED","false"
"PS-MATRIX-02834","PS-MAT-SILICON_DIE","PS-MAT-AL_6061","SC","MT","R","PS-PAIR-SC-MT","","FAMILY_CLASS_INHERITED","UNQUALIFIED","NOT_TESTED","false"
"PS-MATRIX-02835","PS-MAT-SILICON_DIE","PS-MAT-SS_316L","SC","MT","R","PS-PAIR-SC-MT","","FAMILY_CLASS_INHERITED","UNQUALIFIED","NOT_TESTED","false"
"PS-MATRIX-02836","PS-MAT-SILICON_DIE","PS-MAT-TI_64","SC","MT","R","PS-PAIR-SC-MT","","FAMILY_CLASS_INHERITED","UNQUALIFIED","NOT_TESTED","false"
"PS-MATRIX-02837","PS-MAT-SILICON_DIE","PS-MAT-NI_ALLOY","SC","MT","R","PS-PAIR-SC-MT","","FAMILY_CLASS_INHERITED","UNQUALIFIED","NOT_TESTED","false"
"PS-MATRIX-02838","PS-MAT-SILICON_DIE","PS-MAT-AG_METAL","SC","MT","R","PS-PAIR-SC-MT","","FAMILY_CLASS_INHERITED","UNQUALIFIED","NOT_TESTED","false"
"PS-MATRIX-02839","PS-MAT-SILICON_DIE","PS-MAT-ALUMINA","SC","CR","R","PS-PAIR-SC-CR","","FAMILY_CLASS_INHERITED","UNQUALIFIED","NOT_TESTED","false"
"PS-MATRIX-02840","PS-MAT-SILICON_DIE","PS-MAT-SILICA","SC","CR","R","PS-PAIR-SC-CR","","FAMILY_CLASS_INHERITED","UNQUALIFIED","NOT_TESTED","false"
"PS-MATRIX-02841","PS-MAT-SILICON_DIE","PS-MAT-ZIRCONIA","SC","CR","R","PS-PAIR-SC-CR","","FAMILY_CLASS_INHERITED","UNQUALIFIED","NOT_TESTED","false"
"PS-MATRIX-02842","PS-MAT-SILICON_DIE","PS-MAT-BT_CERAMIC","SC","CR","R","PS-PAIR-SC-CR","","FAMILY_CLASS_INHERITED","UNQUALIFIED","NOT_TESTED","false"
"PS-MATRIX-02843","PS-MAT-SILICON_DIE","PS-MAT-BN_CERAMIC","SC","CR","R","PS-PAIR-SC-CR","","FAMILY_CLASS_INHERITED","UNQUALIFIED","NOT_TESTED","false"
"PS-MATRIX-02844","PS-MAT-SILICON_DIE","PS-MAT-PLA","SC","TP","T","PS-PAIR-SC-TP","","FAMILY_CLASS_INHERITED","UNQUALIFIED","NOT_TESTED","false"
"PS-MATRIX-02845","PS-MAT-SILICON_DIE","PS-MAT-PETG","SC","TP","T","PS-PAIR-SC-TP","PS-MR-022-BA","ROUTE_SEED_ONLY","UNQUALIFIED","NOT_TESTED","false"
"PS-MATRIX-02846","PS-MAT-SILICON_DIE","PS-MAT-ABS","SC","TP","T","PS-PAIR-SC-TP","","FAMILY_CLASS_INHERITED","UNQUALIFIED","NOT_TESTED","false"
"PS-MATRIX-02847","PS-MAT-SILICON_DIE","PS-MAT-PA12","SC","TP","T","PS-PAIR-SC-TP","","FAMILY_CLASS_INHERITED","UNQUALIFIED","NOT_TESTED","false"
"PS-MATRIX-02848","PS-MAT-SILICON_DIE","PS-MAT-PEEK","SC","TP","T","PS-PAIR-SC-TP","","FAMILY_CLASS_INHERITED","UNQUALIFIED","NOT_TESTED","false"
"PS-MATRIX-02849","PS-MAT-SILICON_DIE","PS-MAT-PP","SC","TP","T","PS-PAIR-SC-TP","","FAMILY_CLASS_INHERITED","UNQUALIFIED","NOT_TESTED","false"
"PS-MATRIX-02850","PS-MAT-SILICON_DIE","PS-MAT-ACRYLATE","SC","RS","T","PS-PAIR-SC-RS","","FAMILY_CLASS_INHERITED","UNQUALIFIED","NOT_TESTED","false"
"PS-MATRIX-02851","PS-MAT-SILICON_DIE","PS-MAT-EPOXY","SC","RS","T","PS-PAIR-SC-RS","","FAMILY_CLASS_INHERITED","UNQUALIFIED","NOT_TESTED","false"
"PS-MATRIX-02852","PS-MAT-SILICON_DIE","PS-MAT-SILICONE_RESIN","SC","RS","T","PS-PAIR-SC-RS","","FAMILY_CLASS_INHERITED","UNQUALIFIED","NOT_TESTED","false"
"PS-MATRIX-02853","PS-MAT-SILICON_DIE","PS-MAT-TPU","SC","EL","T","PS-PAIR-SC-EL","","FAMILY_CLASS_INHERITED","UNQUALIFIED","NOT_TESTED","false"
"PS-MATRIX-02854","PS-MAT-SILICON_DIE","PS-MAT-PDMS","SC","EL","T","PS-PAIR-SC-EL","PS-MR-026-BA","ROUTE_SEED_ONLY","UNQUALIFIED","NOT_TESTED","false"
"PS-MATRIX-02855","PS-MAT-SILICON_DIE","PS-MAT-SILICONE_E","SC","EL","T","PS-PAIR-SC-EL","","FAMILY_CLASS_INHERITED","UNQUALIFIED","NOT_TESTED","false"
"PS-MATRIX-02856","PS-MAT-SILICON_DIE","PS-MAT-HYDROGEL_E","SC","EL","T","PS-PAIR-SC-EL","","FAMILY_CLASS_INHERITED","UNQUALIFIED","NOT_TESTED","false"
"PS-MATRIX-02857","PS-MAT-SILICON_DIE","PS-MAT-AG_INK","SC","CI","T","PS-PAIR-SC-CI","","FAMILY_CLASS_INHERITED","UNQUALIFIED","NOT_TESTED","false"
"PS-MATRIX-02858","PS-MAT-SILICON_DIE","PS-MAT-CU_INK","SC","CI","T","PS-PAIR-SC-CI","","FAMILY_CLASS_INHERITED","UNQUALIFIED","NOT_TESTED","false"
"PS-MATRIX-02859","PS-MAT-SILICON_DIE","PS-MAT-CARBON_INK","SC","CI","T","PS-PAIR-SC-CI","","FAMILY_CLASS_INHERITED","UNQUALIFIED","NOT_TESTED","false"
"PS-MATRIX-02860","PS-MAT-SILICON_DIE","PS-MAT-GRAPHENE_INK","SC","CI","T","PS-PAIR-SC-CI","","FAMILY_CLASS_INHERITED","UNQUALIFIED","NOT_TESTED","false"
"PS-MATRIX-02861","PS-MAT-SILICON_DIE","PS-MAT-PEDOT_PSS","SC","CI","T","PS-PAIR-SC-CI","","FAMILY_CLASS_INHERITED","UNQUALIFIED","NOT_TESTED","false"
"PS-MATRIX-02862","PS-MAT-SILICON_DIE","PS-MAT-DIEL_UV","SC","DE","T","PS-PAIR-SC-DE","","FAMILY_CLASS_INHERITED","UNQUALIFIED","NOT_TESTED","false"
"PS-MATRIX-02863","PS-MAT-SILICON_DIE","PS-MAT-DIEL_EPOXY","SC","DE","T","PS-PAIR-SC-DE","","FAMILY_CLASS_INHERITED","UNQUALIFIED","NOT_TESTED","false"
"PS-MATRIX-02864","PS-MAT-SILICON_DIE","PS-MAT-POLYIMIDE","SC","DE","T","PS-PAIR-SC-DE","","FAMILY_CLASS_INHERITED","UNQUALIFIED","NOT_TESTED","false"
"PS-MATRIX-02865","PS-MAT-SILICON_DIE","PS-MAT-PARylene","SC","DE","T","PS-PAIR-SC-DE","","FAMILY_CLASS_INHERITED","UNQUALIFIED","NOT_TESTED","false"
"PS-MATRIX-02866","PS-MAT-SILICON_DIE","PS-MAT-FERRITE_PASTE","SC","MG","T","PS-PAIR-SC-MG","","FAMILY_CLASS_INHERITED","UNQUALIFIED","NOT_TESTED","false"
"PS-MATRIX-02867","PS-MAT-SILICON_DIE","PS-MAT-NDFEB_BONDED","SC","MG","T","PS-PAIR-SC-MG","","FAMILY_CLASS_INHERITED","UNQUALIFIED","NOT_TESTED","false"
"PS-MATRIX-02868","PS-MAT-SILICON_DIE","PS-MAT-IRON_COMPOSITE","SC","MG","T","PS-PAIR-SC-MG","","FAMILY_CLASS_INHERITED","UNQUALIFIED","NOT_TESTED","false"
"PS-MATRIX-02869","PS-MAT-SILICON_DIE","PS-MAT-OPTICAL_RESIN","SC","OP","M","PS-PAIR-SC-OP","","FAMILY_CLASS_INHERITED","UNQUALIFIED","NOT_TESTED","false"
"PS-MATRIX-02870","PS-MAT-SILICON_DIE","PS-MAT-PMMA","SC","OP","M","PS-PAIR-SC-OP","","FAMILY_CLASS_INHERITED","UNQUALIFIED","NOT_TESTED","false"
"PS-MATRIX-02871","PS-MAT-SILICON_DIE","PS-MAT-FUSED_SILICA","SC","OP","M","PS-PAIR-SC-OP","","FAMILY_CLASS_INHERITED","UNQUALIFIED","NOT_TESTED","false"
"PS-MATRIX-02872","PS-MAT-SILICON_DIE","PS-MAT-PHOSPHOR_FILM","SC","OP","M","PS-PAIR-SC-OP","","FAMILY_CLASS_INHERITED","UNQUALIFIED","NOT_TESTED","false"
"PS-MATRIX-02873","PS-MAT-SILICON_DIE","PS-MAT-PVA_SUPPORT","SC","FL","T","PS-PAIR-SC-FL","","FAMILY_CLASS_INHERITED","UNQUALIFIED","NOT_TESTED","false"
"PS-MATRIX-02874","PS-MAT-SILICON_DIE","PS-MAT-WAX_SUPPORT","SC","FL","T","PS-PAIR-SC-FL","","FAMILY_CLASS_INHERITED","UNQUALIFIED","NOT_TESTED","false"
"PS-MATRIX-02875","PS-MAT-SILICON_DIE","PS-MAT-MICROGEL","SC","FL","T","PS-PAIR-SC-FL","","FAMILY_CLASS_INHERITED","UNQUALIFIED","NOT_TESTED","false"
"PS-MATRIX-02876","PS-MAT-SILICON_DIE","PS-MAT-GAS_CAVITY","SC","FL","T","PS-PAIR-SC-FL","","FAMILY_CLASS_INHERITED","UNQUALIFIED","NOT_TESTED","false"
"PS-MATRIX-02877","PS-MAT-SILICON_DIE","PS-MAT-GRAPHITE_ANODE","SC","EC","M","PS-PAIR-SC-EC","","FAMILY_CLASS_INHERITED","UNQUALIFIED","NOT_TESTED","false"
"PS-MATRIX-02878","PS-MAT-SILICON_DIE","PS-MAT-LFP_CATHODE","SC","EC","M","PS-PAIR-SC-EC","","FAMILY_CLASS_INHERITED","UNQUALIFIED","NOT_TESTED","false"
"PS-MATRIX-02879","PS-MAT-SILICON_DIE","PS-MAT-GEL_ELECTROLYTE","SC","EC","M","PS-PAIR-SC-EC","","FAMILY_CLASS_INHERITED","UNQUALIFIED","NOT_TESTED","false"
"PS-MATRIX-02880","PS-MAT-SILICON_DIE","PS-MAT-CARBON_SUPERCAP","SC","EC","M","PS-PAIR-SC-EC","","FAMILY_CLASS_INHERITED","UNQUALIFIED","NOT_TESTED","false"
"PS-MATRIX-02881","PS-MAT-SILICON_DIE","PS-MAT-SILICON_DIE","SC","SC","M","PS-PAIR-SC-SC","","FAMILY_CLASS_INHERITED","UNQUALIFIED","NOT_TESTED","false"
"PS-MATRIX-02882","PS-MAT-SILICON_DIE","PS-MAT-CAMERA_MODULE","SC","SC","M","PS-PAIR-SC-SC","","FAMILY_CLASS_INHERITED","UNQUALIFIED","NOT_TESTED","false"
"PS-MATRIX-02883","PS-MAT-SILICON_DIE","PS-MAT-LED_PACKAGE","SC","SC","M","PS-PAIR-SC-SC","","FAMILY_CLASS_INHERITED","UNQUALIFIED","NOT_TESTED","false"
"PS-MATRIX-02884","PS-MAT-SILICON_DIE","PS-MAT-RF_IC","SC","SC","M","PS-PAIR-SC-SC","","FAMILY_CLASS_INHERITED","UNQUALIFIED","NOT_TESTED","false"
"PS-MATRIX-02885","PS-MAT-SILICON_DIE","PS-MAT-LFP_MODULE","SC","BT","M","PS-PAIR-SC-BT","","FAMILY_CLASS_INHERITED","UNQUALIFIED","NOT_TESTED","false"
"PS-MATRIX-02886","PS-MAT-SILICON_DIE","PS-MAT-LIION_MODULE","SC","BT","M","PS-PAIR-SC-BT","","FAMILY_CLASS_INHERITED","UNQUALIFIED","NOT_TESTED","false"
"PS-MATRIX-02887","PS-MAT-SILICON_DIE","PS-MAT-CAP_BANK","SC","BT","M","PS-PAIR-SC-BT","","FAMILY_CLASS_INHERITED","UNQUALIFIED","NOT_TESTED","false"
"PS-MATRIX-02888","PS-MAT-SILICON_DIE","PS-MAT-ALGINATE","SC","BV","M","PS-PAIR-SC-BV","","FAMILY_CLASS_INHERITED","UNQUALIFIED","NOT_TESTED","false"
"PS-MATRIX-02889","PS-MAT-SILICON_DIE","PS-MAT-GELATIN","SC","BV","M","PS-PAIR-SC-BV","","FAMILY_CLASS_INHERITED","UNQUALIFIED","NOT_TESTED","false"
"PS-MATRIX-02890","PS-MAT-SILICON_DIE","PS-MAT-COLLAGEN","SC","BV","M","PS-PAIR-SC-BV","","FAMILY_CLASS_INHERITED","UNQUALIFIED","NOT_TESTED","false"
"PS-MATRIX-02891","PS-MAT-SILICON_DIE","PS-MAT-CELL_INK","SC","BV","M","PS-PAIR-SC-BV","","FAMILY_CLASS_INHERITED","UNQUALIFIED","NOT_TESTED","false"
"PS-MATRIX-02892","PS-MAT-CAMERA_MODULE","PS-MAT-CU_OFHC","SC","MT","R","PS-PAIR-SC-MT","","FAMILY_CLASS_INHERITED","UNQUALIFIED","NOT_TESTED","false"
"PS-MATRIX-02893","PS-MAT-CAMERA_MODULE","PS-MAT-AL_6061","SC","MT","R","PS-PAIR-SC-MT","","FAMILY_CLASS_INHERITED","UNQUALIFIED","NOT_TESTED","false"
"PS-MATRIX-02894","PS-MAT-CAMERA_MODULE","PS-MAT-SS_316L","SC","MT","R","PS-PAIR-SC-MT","","FAMILY_CLASS_INHERITED","UNQUALIFIED","NOT_TESTED","false"
"PS-MATRIX-02895","PS-MAT-CAMERA_MODULE","PS-MAT-TI_64","SC","MT","R","PS-PAIR-SC-MT","","FAMILY_CLASS_INHERITED","UNQUALIFIED","NOT_TESTED","false"
"PS-MATRIX-02896","PS-MAT-CAMERA_MODULE","PS-MAT-NI_ALLOY","SC","MT","R","PS-PAIR-SC-MT","","FAMILY_CLASS_INHERITED","UNQUALIFIED","NOT_TESTED","false"
"PS-MATRIX-02897","PS-MAT-CAMERA_MODULE","PS-MAT-AG_METAL","SC","MT","R","PS-PAIR-SC-MT","","FAMILY_CLASS_INHERITED","UNQUALIFIED","NOT_TESTED","false"
"PS-MATRIX-02898","PS-MAT-CAMERA_MODULE","PS-MAT-ALUMINA","SC","CR","R","PS-PAIR-SC-CR","","FAMILY_CLASS_INHERITED","UNQUALIFIED","NOT_TESTED","false"
"PS-MATRIX-02899","PS-MAT-CAMERA_MODULE","PS-MAT-SILICA","SC","CR","R","PS-PAIR-SC-CR","","FAMILY_CLASS_INHERITED","UNQUALIFIED","NOT_TESTED","false"
"PS-MATRIX-02900","PS-MAT-CAMERA_MODULE","PS-MAT-ZIRCONIA","SC","CR","R","PS-PAIR-SC-CR","","FAMILY_CLASS_INHERITED","UNQUALIFIED","NOT_TESTED","false"
"PS-MATRIX-02901","PS-MAT-CAMERA_MODULE","PS-MAT-BT_CERAMIC","SC","CR","R","PS-PAIR-SC-CR","","FAMILY_CLASS_INHERITED","UNQUALIFIED","NOT_TESTED","false"
"PS-MATRIX-02902","PS-MAT-CAMERA_MODULE","PS-MAT-BN_CERAMIC","SC","CR","R","PS-PAIR-SC-CR","","FAMILY_CLASS_INHERITED","UNQUALIFIED","NOT_TESTED","false"
"PS-MATRIX-02903","PS-MAT-CAMERA_MODULE","PS-MAT-PLA","SC","TP","T","PS-PAIR-SC-TP","","FAMILY_CLASS_INHERITED","UNQUALIFIED","NOT_TESTED","false"
"PS-MATRIX-02904","PS-MAT-CAMERA_MODULE","PS-MAT-PETG","SC","TP","T","PS-PAIR-SC-TP","PS-MR-023-BA","ROUTE_SEED_ONLY","UNQUALIFIED","NOT_TESTED","false"
"PS-MATRIX-02905","PS-MAT-CAMERA_MODULE","PS-MAT-ABS","SC","TP","T","PS-PAIR-SC-TP","","FAMILY_CLASS_INHERITED","UNQUALIFIED","NOT_TESTED","false"
"PS-MATRIX-02906","PS-MAT-CAMERA_MODULE","PS-MAT-PA12","SC","TP","T","PS-PAIR-SC-TP","","FAMILY_CLASS_INHERITED","UNQUALIFIED","NOT_TESTED","false"
"PS-MATRIX-02907","PS-MAT-CAMERA_MODULE","PS-MAT-PEEK","SC","TP","T","PS-PAIR-SC-TP","","FAMILY_CLASS_INHERITED","UNQUALIFIED","NOT_TESTED","false"
"PS-MATRIX-02908","PS-MAT-CAMERA_MODULE","PS-MAT-PP","SC","TP","T","PS-PAIR-SC-TP","","FAMILY_CLASS_INHERITED","UNQUALIFIED","NOT_TESTED","false"
"PS-MATRIX-02909","PS-MAT-CAMERA_MODULE","PS-MAT-ACRYLATE","SC","RS","T","PS-PAIR-SC-RS","","FAMILY_CLASS_INHERITED","UNQUALIFIED","NOT_TESTED","false"
"PS-MATRIX-02910","PS-MAT-CAMERA_MODULE","PS-MAT-EPOXY","SC","RS","T","PS-PAIR-SC-RS","","FAMILY_CLASS_INHERITED","UNQUALIFIED","NOT_TESTED","false"
"PS-MATRIX-02911","PS-MAT-CAMERA_MODULE","PS-MAT-SILICONE_RESIN","SC","RS","T","PS-PAIR-SC-RS","","FAMILY_CLASS_INHERITED","UNQUALIFIED","NOT_TESTED","false"
"PS-MATRIX-02912","PS-MAT-CAMERA_MODULE","PS-MAT-TPU","SC","EL","T","PS-PAIR-SC-EL","","FAMILY_CLASS_INHERITED","UNQUALIFIED","NOT_TESTED","false"
"PS-MATRIX-02913","PS-MAT-CAMERA_MODULE","PS-MAT-PDMS","SC","EL","T","PS-PAIR-SC-EL","","FAMILY_CLASS_INHERITED","UNQUALIFIED","NOT_TESTED","false"
"PS-MATRIX-02914","PS-MAT-CAMERA_MODULE","PS-MAT-SILICONE_E","SC","EL","T","PS-PAIR-SC-EL","","FAMILY_CLASS_INHERITED","UNQUALIFIED","NOT_TESTED","false"
"PS-MATRIX-02915","PS-MAT-CAMERA_MODULE","PS-MAT-HYDROGEL_E","SC","EL","T","PS-PAIR-SC-EL","","FAMILY_CLASS_INHERITED","UNQUALIFIED","NOT_TESTED","false"
"PS-MATRIX-02916","PS-MAT-CAMERA_MODULE","PS-MAT-AG_INK","SC","CI","T","PS-PAIR-SC-CI","","FAMILY_CLASS_INHERITED","UNQUALIFIED","NOT_TESTED","false"
"PS-MATRIX-02917","PS-MAT-CAMERA_MODULE","PS-MAT-CU_INK","SC","CI","T","PS-PAIR-SC-CI","","FAMILY_CLASS_INHERITED","UNQUALIFIED","NOT_TESTED","false"
"PS-MATRIX-02918","PS-MAT-CAMERA_MODULE","PS-MAT-CARBON_INK","SC","CI","T","PS-PAIR-SC-CI","","FAMILY_CLASS_INHERITED","UNQUALIFIED","NOT_TESTED","false"
"PS-MATRIX-02919","PS-MAT-CAMERA_MODULE","PS-MAT-GRAPHENE_INK","SC","CI","T","PS-PAIR-SC-CI","","FAMILY_CLASS_INHERITED","UNQUALIFIED","NOT_TESTED","false"
"PS-MATRIX-02920","PS-MAT-CAMERA_MODULE","PS-MAT-PEDOT_PSS","SC","CI","T","PS-PAIR-SC-CI","","FAMILY_CLASS_INHERITED","UNQUALIFIED","NOT_TESTED","false"
"PS-MATRIX-02921","PS-MAT-CAMERA_MODULE","PS-MAT-DIEL_UV","SC","DE","T","PS-PAIR-SC-DE","","FAMILY_CLASS_INHERITED","UNQUALIFIED","NOT_TESTED","false"
"PS-MATRIX-02922","PS-MAT-CAMERA_MODULE","PS-MAT-DIEL_EPOXY","SC","DE","T","PS-PAIR-SC-DE","","FAMILY_CLASS_INHERITED","UNQUALIFIED","NOT_TESTED","false"
"PS-MATRIX-02923","PS-MAT-CAMERA_MODULE","PS-MAT-POLYIMIDE","SC","DE","T","PS-PAIR-SC-DE","","FAMILY_CLASS_INHERITED","UNQUALIFIED","NOT_TESTED","false"
"PS-MATRIX-02924","PS-MAT-CAMERA_MODULE","PS-MAT-PARylene","SC","DE","T","PS-PAIR-SC-DE","","FAMILY_CLASS_INHERITED","UNQUALIFIED","NOT_TESTED","false"
"PS-MATRIX-02925","PS-MAT-CAMERA_MODULE","PS-MAT-FERRITE_PASTE","SC","MG","T","PS-PAIR-SC-MG","","FAMILY_CLASS_INHERITED","UNQUALIFIED","NOT_TESTED","false"
"PS-MATRIX-02926","PS-MAT-CAMERA_MODULE","PS-MAT-NDFEB_BONDED","SC","MG","T","PS-PAIR-SC-MG","","FAMILY_CLASS_INHERITED","UNQUALIFIED","NOT_TESTED","false"
"PS-MATRIX-02927","PS-MAT-CAMERA_MODULE","PS-MAT-IRON_COMPOSITE","SC","MG","T","PS-PAIR-SC-MG","","FAMILY_CLASS_INHERITED","UNQUALIFIED","NOT_TESTED","false"
"PS-MATRIX-02928","PS-MAT-CAMERA_MODULE","PS-MAT-OPTICAL_RESIN","SC","OP","M","PS-PAIR-SC-OP","","FAMILY_CLASS_INHERITED","UNQUALIFIED","NOT_TESTED","false"
"PS-MATRIX-02929","PS-MAT-CAMERA_MODULE","PS-MAT-PMMA","SC","OP","M","PS-PAIR-SC-OP","","FAMILY_CLASS_INHERITED","UNQUALIFIED","NOT_TESTED","false"
"PS-MATRIX-02930","PS-MAT-CAMERA_MODULE","PS-MAT-FUSED_SILICA","SC","OP","M","PS-PAIR-SC-OP","","FAMILY_CLASS_INHERITED","UNQUALIFIED","NOT_TESTED","false"
"PS-MATRIX-02931","PS-MAT-CAMERA_MODULE","PS-MAT-PHOSPHOR_FILM","SC","OP","M","PS-PAIR-SC-OP","","FAMILY_CLASS_INHERITED","UNQUALIFIED","NOT_TESTED","false"
"PS-MATRIX-02932","PS-MAT-CAMERA_MODULE","PS-MAT-PVA_SUPPORT","SC","FL","T","PS-PAIR-SC-FL","","FAMILY_CLASS_INHERITED","UNQUALIFIED","NOT_TESTED","false"
"PS-MATRIX-02933","PS-MAT-CAMERA_MODULE","PS-MAT-WAX_SUPPORT","SC","FL","T","PS-PAIR-SC-FL","","FAMILY_CLASS_INHERITED","UNQUALIFIED","NOT_TESTED","false"
"PS-MATRIX-02934","PS-MAT-CAMERA_MODULE","PS-MAT-MICROGEL","SC","FL","T","PS-PAIR-SC-FL","","FAMILY_CLASS_INHERITED","UNQUALIFIED","NOT_TESTED","false"
"PS-MATRIX-02935","PS-MAT-CAMERA_MODULE","PS-MAT-GAS_CAVITY","SC","FL","T","PS-PAIR-SC-FL","","FAMILY_CLASS_INHERITED","UNQUALIFIED","NOT_TESTED","false"
"PS-MATRIX-02936","PS-MAT-CAMERA_MODULE","PS-MAT-GRAPHITE_ANODE","SC","EC","M","PS-PAIR-SC-EC","","FAMILY_CLASS_INHERITED","UNQUALIFIED","NOT_TESTED","false"
"PS-MATRIX-02937","PS-MAT-CAMERA_MODULE","PS-MAT-LFP_CATHODE","SC","EC","M","PS-PAIR-SC-EC","","FAMILY_CLASS_INHERITED","UNQUALIFIED","NOT_TESTED","false"
"PS-MATRIX-02938","PS-MAT-CAMERA_MODULE","PS-MAT-GEL_ELECTROLYTE","SC","EC","M","PS-PAIR-SC-EC","","FAMILY_CLASS_INHERITED","UNQUALIFIED","NOT_TESTED","false"
"PS-MATRIX-02939","PS-MAT-CAMERA_MODULE","PS-MAT-CARBON_SUPERCAP","SC","EC","M","PS-PAIR-SC-EC","","FAMILY_CLASS_INHERITED","UNQUALIFIED","NOT_TESTED","false"
"PS-MATRIX-02940","PS-MAT-CAMERA_MODULE","PS-MAT-SILICON_DIE","SC","SC","M","PS-PAIR-SC-SC","","FAMILY_CLASS_INHERITED","UNQUALIFIED","NOT_TESTED","false"
"PS-MATRIX-02941","PS-MAT-CAMERA_MODULE","PS-MAT-CAMERA_MODULE","SC","SC","M","PS-PAIR-SC-SC","","FAMILY_CLASS_INHERITED","UNQUALIFIED","NOT_TESTED","false"
"PS-MATRIX-02942","PS-MAT-CAMERA_MODULE","PS-MAT-LED_PACKAGE","SC","SC","M","PS-PAIR-SC-SC","","FAMILY_CLASS_INHERITED","UNQUALIFIED","NOT_TESTED","false"
"PS-MATRIX-02943","PS-MAT-CAMERA_MODULE","PS-MAT-RF_IC","SC","SC","M","PS-PAIR-SC-SC","","FAMILY_CLASS_INHERITED","UNQUALIFIED","NOT_TESTED","false"
"PS-MATRIX-02944","PS-MAT-CAMERA_MODULE","PS-MAT-LFP_MODULE","SC","BT","M","PS-PAIR-SC-BT","","FAMILY_CLASS_INHERITED","UNQUALIFIED","NOT_TESTED","false"
"PS-MATRIX-02945","PS-MAT-CAMERA_MODULE","PS-MAT-LIION_MODULE","SC","BT","M","PS-PAIR-SC-BT","","FAMILY_CLASS_INHERITED","UNQUALIFIED","NOT_TESTED","false"
"PS-MATRIX-02946","PS-MAT-CAMERA_MODULE","PS-MAT-CAP_BANK","SC","BT","M","PS-PAIR-SC-BT","","FAMILY_CLASS_INHERITED","UNQUALIFIED","NOT_TESTED","false"
"PS-MATRIX-02947","PS-MAT-CAMERA_MODULE","PS-MAT-ALGINATE","SC","BV","M","PS-PAIR-SC-BV","","FAMILY_CLASS_INHERITED","UNQUALIFIED","NOT_TESTED","false"
"PS-MATRIX-02948","PS-MAT-CAMERA_MODULE","PS-MAT-GELATIN","SC","BV","M","PS-PAIR-SC-BV","","FAMILY_CLASS_INHERITED","UNQUALIFIED","NOT_TESTED","false"
"PS-MATRIX-02949","PS-MAT-CAMERA_MODULE","PS-MAT-COLLAGEN","SC","BV","M","PS-PAIR-SC-BV","","FAMILY_CLASS_INHERITED","UNQUALIFIED","NOT_TESTED","false"
"PS-MATRIX-02950","PS-MAT-CAMERA_MODULE","PS-MAT-CELL_INK","SC","BV","M","PS-PAIR-SC-BV","","FAMILY_CLASS_INHERITED","UNQUALIFIED","NOT_TESTED","false"
"PS-MATRIX-02951","PS-MAT-LED_PACKAGE","PS-MAT-CU_OFHC","SC","MT","R","PS-PAIR-SC-MT","","FAMILY_CLASS_INHERITED","UNQUALIFIED","NOT_TESTED","false"
"PS-MATRIX-02952","PS-MAT-LED_PACKAGE","PS-MAT-AL_6061","SC","MT","R","PS-PAIR-SC-MT","","FAMILY_CLASS_INHERITED","UNQUALIFIED","NOT_TESTED","false"
"PS-MATRIX-02953","PS-MAT-LED_PACKAGE","PS-MAT-SS_316L","SC","MT","R","PS-PAIR-SC-MT","","FAMILY_CLASS_INHERITED","UNQUALIFIED","NOT_TESTED","false"
"PS-MATRIX-02954","PS-MAT-LED_PACKAGE","PS-MAT-TI_64","SC","MT","R","PS-PAIR-SC-MT","","FAMILY_CLASS_INHERITED","UNQUALIFIED","NOT_TESTED","false"
"PS-MATRIX-02955","PS-MAT-LED_PACKAGE","PS-MAT-NI_ALLOY","SC","MT","R","PS-PAIR-SC-MT","","FAMILY_CLASS_INHERITED","UNQUALIFIED","NOT_TESTED","false"
"PS-MATRIX-02956","PS-MAT-LED_PACKAGE","PS-MAT-AG_METAL","SC","MT","R","PS-PAIR-SC-MT","","FAMILY_CLASS_INHERITED","UNQUALIFIED","NOT_TESTED","false"
"PS-MATRIX-02957","PS-MAT-LED_PACKAGE","PS-MAT-ALUMINA","SC","CR","R","PS-PAIR-SC-CR","","FAMILY_CLASS_INHERITED","UNQUALIFIED","NOT_TESTED","false"
"PS-MATRIX-02958","PS-MAT-LED_PACKAGE","PS-MAT-SILICA","SC","CR","R","PS-PAIR-SC-CR","","FAMILY_CLASS_INHERITED","UNQUALIFIED","NOT_TESTED","false"
"PS-MATRIX-02959","PS-MAT-LED_PACKAGE","PS-MAT-ZIRCONIA","SC","CR","R","PS-PAIR-SC-CR","","FAMILY_CLASS_INHERITED","UNQUALIFIED","NOT_TESTED","false"
"PS-MATRIX-02960","PS-MAT-LED_PACKAGE","PS-MAT-BT_CERAMIC","SC","CR","R","PS-PAIR-SC-CR","","FAMILY_CLASS_INHERITED","UNQUALIFIED","NOT_TESTED","false"
"PS-MATRIX-02961","PS-MAT-LED_PACKAGE","PS-MAT-BN_CERAMIC","SC","CR","R","PS-PAIR-SC-CR","","FAMILY_CLASS_INHERITED","UNQUALIFIED","NOT_TESTED","false"
"PS-MATRIX-02962","PS-MAT-LED_PACKAGE","PS-MAT-PLA","SC","TP","T","PS-PAIR-SC-TP","","FAMILY_CLASS_INHERITED","UNQUALIFIED","NOT_TESTED","false"
"PS-MATRIX-02963","PS-MAT-LED_PACKAGE","PS-MAT-PETG","SC","TP","T","PS-PAIR-SC-TP","","FAMILY_CLASS_INHERITED","UNQUALIFIED","NOT_TESTED","false"
"PS-MATRIX-02964","PS-MAT-LED_PACKAGE","PS-MAT-ABS","SC","TP","T","PS-PAIR-SC-TP","","FAMILY_CLASS_INHERITED","UNQUALIFIED","NOT_TESTED","false"
"PS-MATRIX-02965","PS-MAT-LED_PACKAGE","PS-MAT-PA12","SC","TP","T","PS-PAIR-SC-TP","","FAMILY_CLASS_INHERITED","UNQUALIFIED","NOT_TESTED","false"
"PS-MATRIX-02966","PS-MAT-LED_PACKAGE","PS-MAT-PEEK","SC","TP","T","PS-PAIR-SC-TP","","FAMILY_CLASS_INHERITED","UNQUALIFIED","NOT_TESTED","false"
"PS-MATRIX-02967","PS-MAT-LED_PACKAGE","PS-MAT-PP","SC","TP","T","PS-PAIR-SC-TP","","FAMILY_CLASS_INHERITED","UNQUALIFIED","NOT_TESTED","false"
"PS-MATRIX-02968","PS-MAT-LED_PACKAGE","PS-MAT-ACRYLATE","SC","RS","T","PS-PAIR-SC-RS","","FAMILY_CLASS_INHERITED","UNQUALIFIED","NOT_TESTED","false"
"PS-MATRIX-02969","PS-MAT-LED_PACKAGE","PS-MAT-EPOXY","SC","RS","T","PS-PAIR-SC-RS","","FAMILY_CLASS_INHERITED","UNQUALIFIED","NOT_TESTED","false"
"PS-MATRIX-02970","PS-MAT-LED_PACKAGE","PS-MAT-SILICONE_RESIN","SC","RS","T","PS-PAIR-SC-RS","","FAMILY_CLASS_INHERITED","UNQUALIFIED","NOT_TESTED","false"
"PS-MATRIX-02971","PS-MAT-LED_PACKAGE","PS-MAT-TPU","SC","EL","T","PS-PAIR-SC-EL","","FAMILY_CLASS_INHERITED","UNQUALIFIED","NOT_TESTED","false"
"PS-MATRIX-02972","PS-MAT-LED_PACKAGE","PS-MAT-PDMS","SC","EL","T","PS-PAIR-SC-EL","","FAMILY_CLASS_INHERITED","UNQUALIFIED","NOT_TESTED","false"
"PS-MATRIX-02973","PS-MAT-LED_PACKAGE","PS-MAT-SILICONE_E","SC","EL","T","PS-PAIR-SC-EL","","FAMILY_CLASS_INHERITED","UNQUALIFIED","NOT_TESTED","false"
"PS-MATRIX-02974","PS-MAT-LED_PACKAGE","PS-MAT-HYDROGEL_E","SC","EL","T","PS-PAIR-SC-EL","","FAMILY_CLASS_INHERITED","UNQUALIFIED","NOT_TESTED","false"
"PS-MATRIX-02975","PS-MAT-LED_PACKAGE","PS-MAT-AG_INK","SC","CI","T","PS-PAIR-SC-CI","","FAMILY_CLASS_INHERITED","UNQUALIFIED","NOT_TESTED","false"
"PS-MATRIX-02976","PS-MAT-LED_PACKAGE","PS-MAT-CU_INK","SC","CI","T","PS-PAIR-SC-CI","","FAMILY_CLASS_INHERITED","UNQUALIFIED","NOT_TESTED","false"
"PS-MATRIX-02977","PS-MAT-LED_PACKAGE","PS-MAT-CARBON_INK","SC","CI","T","PS-PAIR-SC-CI","","FAMILY_CLASS_INHERITED","UNQUALIFIED","NOT_TESTED","false"
"PS-MATRIX-02978","PS-MAT-LED_PACKAGE","PS-MAT-GRAPHENE_INK","SC","CI","T","PS-PAIR-SC-CI","","FAMILY_CLASS_INHERITED","UNQUALIFIED","NOT_TESTED","false"
"PS-MATRIX-02979","PS-MAT-LED_PACKAGE","PS-MAT-PEDOT_PSS","SC","CI","T","PS-PAIR-SC-CI","","FAMILY_CLASS_INHERITED","UNQUALIFIED","NOT_TESTED","false"
"PS-MATRIX-02980","PS-MAT-LED_PACKAGE","PS-MAT-DIEL_UV","SC","DE","T","PS-PAIR-SC-DE","","FAMILY_CLASS_INHERITED","UNQUALIFIED","NOT_TESTED","false"
"PS-MATRIX-02981","PS-MAT-LED_PACKAGE","PS-MAT-DIEL_EPOXY","SC","DE","T","PS-PAIR-SC-DE","","FAMILY_CLASS_INHERITED","UNQUALIFIED","NOT_TESTED","false"
"PS-MATRIX-02982","PS-MAT-LED_PACKAGE","PS-MAT-POLYIMIDE","SC","DE","T","PS-PAIR-SC-DE","","FAMILY_CLASS_INHERITED","UNQUALIFIED","NOT_TESTED","false"
"PS-MATRIX-02983","PS-MAT-LED_PACKAGE","PS-MAT-PARylene","SC","DE","T","PS-PAIR-SC-DE","","FAMILY_CLASS_INHERITED","UNQUALIFIED","NOT_TESTED","false"
"PS-MATRIX-02984","PS-MAT-LED_PACKAGE","PS-MAT-FERRITE_PASTE","SC","MG","T","PS-PAIR-SC-MG","","FAMILY_CLASS_INHERITED","UNQUALIFIED","NOT_TESTED","false"
"PS-MATRIX-02985","PS-MAT-LED_PACKAGE","PS-MAT-NDFEB_BONDED","SC","MG","T","PS-PAIR-SC-MG","","FAMILY_CLASS_INHERITED","UNQUALIFIED","NOT_TESTED","false"
"PS-MATRIX-02986","PS-MAT-LED_PACKAGE","PS-MAT-IRON_COMPOSITE","SC","MG","T","PS-PAIR-SC-MG","","FAMILY_CLASS_INHERITED","UNQUALIFIED","NOT_TESTED","false"
"PS-MATRIX-02987","PS-MAT-LED_PACKAGE","PS-MAT-OPTICAL_RESIN","SC","OP","M","PS-PAIR-SC-OP","PS-MR-016-BA","ROUTE_SEED_ONLY","UNQUALIFIED","NOT_TESTED","false"
"PS-MATRIX-02988","PS-MAT-LED_PACKAGE","PS-MAT-PMMA","SC","OP","M","PS-PAIR-SC-OP","","FAMILY_CLASS_INHERITED","UNQUALIFIED","NOT_TESTED","false"
"PS-MATRIX-02989","PS-MAT-LED_PACKAGE","PS-MAT-FUSED_SILICA","SC","OP","M","PS-PAIR-SC-OP","","FAMILY_CLASS_INHERITED","UNQUALIFIED","NOT_TESTED","false"
"PS-MATRIX-02990","PS-MAT-LED_PACKAGE","PS-MAT-PHOSPHOR_FILM","SC","OP","M","PS-PAIR-SC-OP","","FAMILY_CLASS_INHERITED","UNQUALIFIED","NOT_TESTED","false"
"PS-MATRIX-02991","PS-MAT-LED_PACKAGE","PS-MAT-PVA_SUPPORT","SC","FL","T","PS-PAIR-SC-FL","","FAMILY_CLASS_INHERITED","UNQUALIFIED","NOT_TESTED","false"
"PS-MATRIX-02992","PS-MAT-LED_PACKAGE","PS-MAT-WAX_SUPPORT","SC","FL","T","PS-PAIR-SC-FL","","FAMILY_CLASS_INHERITED","UNQUALIFIED","NOT_TESTED","false"
"PS-MATRIX-02993","PS-MAT-LED_PACKAGE","PS-MAT-MICROGEL","SC","FL","T","PS-PAIR-SC-FL","","FAMILY_CLASS_INHERITED","UNQUALIFIED","NOT_TESTED","false"
"PS-MATRIX-02994","PS-MAT-LED_PACKAGE","PS-MAT-GAS_CAVITY","SC","FL","T","PS-PAIR-SC-FL","","FAMILY_CLASS_INHERITED","UNQUALIFIED","NOT_TESTED","false"
"PS-MATRIX-02995","PS-MAT-LED_PACKAGE","PS-MAT-GRAPHITE_ANODE","SC","EC","M","PS-PAIR-SC-EC","","FAMILY_CLASS_INHERITED","UNQUALIFIED","NOT_TESTED","false"
"PS-MATRIX-02996","PS-MAT-LED_PACKAGE","PS-MAT-LFP_CATHODE","SC","EC","M","PS-PAIR-SC-EC","","FAMILY_CLASS_INHERITED","UNQUALIFIED","NOT_TESTED","false"
"PS-MATRIX-02997","PS-MAT-LED_PACKAGE","PS-MAT-GEL_ELECTROLYTE","SC","EC","M","PS-PAIR-SC-EC","","FAMILY_CLASS_INHERITED","UNQUALIFIED","NOT_TESTED","false"
"PS-MATRIX-02998","PS-MAT-LED_PACKAGE","PS-MAT-CARBON_SUPERCAP","SC","EC","M","PS-PAIR-SC-EC","","FAMILY_CLASS_INHERITED","UNQUALIFIED","NOT_TESTED","false"
"PS-MATRIX-02999","PS-MAT-LED_PACKAGE","PS-MAT-SILICON_DIE","SC","SC","M","PS-PAIR-SC-SC","","FAMILY_CLASS_INHERITED","UNQUALIFIED","NOT_TESTED","false"
"PS-MATRIX-03000","PS-MAT-LED_PACKAGE","PS-MAT-CAMERA_MODULE","SC","SC","M","PS-PAIR-SC-SC","","FAMILY_CLASS_INHERITED","UNQUALIFIED","NOT_TESTED","false"
"PS-MATRIX-03001","PS-MAT-LED_PACKAGE","PS-MAT-LED_PACKAGE","SC","SC","M","PS-PAIR-SC-SC","","FAMILY_CLASS_INHERITED","UNQUALIFIED","NOT_TESTED","false"
"PS-MATRIX-03002","PS-MAT-LED_PACKAGE","PS-MAT-RF_IC","SC","SC","M","PS-PAIR-SC-SC","","FAMILY_CLASS_INHERITED","UNQUALIFIED","NOT_TESTED","false"
"PS-MATRIX-03003","PS-MAT-LED_PACKAGE","PS-MAT-LFP_MODULE","SC","BT","M","PS-PAIR-SC-BT","","FAMILY_CLASS_INHERITED","UNQUALIFIED","NOT_TESTED","false"
"PS-MATRIX-03004","PS-MAT-LED_PACKAGE","PS-MAT-LIION_MODULE","SC","BT","M","PS-PAIR-SC-BT","","FAMILY_CLASS_INHERITED","UNQUALIFIED","NOT_TESTED","false"
"PS-MATRIX-03005","PS-MAT-LED_PACKAGE","PS-MAT-CAP_BANK","SC","BT","M","PS-PAIR-SC-BT","","FAMILY_CLASS_INHERITED","UNQUALIFIED","NOT_TESTED","false"
"PS-MATRIX-03006","PS-MAT-LED_PACKAGE","PS-MAT-ALGINATE","SC","BV","M","PS-PAIR-SC-BV","","FAMILY_CLASS_INHERITED","UNQUALIFIED","NOT_TESTED","false"
"PS-MATRIX-03007","PS-MAT-LED_PACKAGE","PS-MAT-GELATIN","SC","BV","M","PS-PAIR-SC-BV","","FAMILY_CLASS_INHERITED","UNQUALIFIED","NOT_TESTED","false"
"PS-MATRIX-03008","PS-MAT-LED_PACKAGE","PS-MAT-COLLAGEN","SC","BV","M","PS-PAIR-SC-BV","","FAMILY_CLASS_INHERITED","UNQUALIFIED","NOT_TESTED","false"
"PS-MATRIX-03009","PS-MAT-LED_PACKAGE","PS-MAT-CELL_INK","SC","BV","M","PS-PAIR-SC-BV","","FAMILY_CLASS_INHERITED","UNQUALIFIED","NOT_TESTED","false"
"PS-MATRIX-03010","PS-MAT-RF_IC","PS-MAT-CU_OFHC","SC","MT","R","PS-PAIR-SC-MT","","FAMILY_CLASS_INHERITED","UNQUALIFIED","NOT_TESTED","false"
"PS-MATRIX-03011","PS-MAT-RF_IC","PS-MAT-AL_6061","SC","MT","R","PS-PAIR-SC-MT","","FAMILY_CLASS_INHERITED","UNQUALIFIED","NOT_TESTED","false"
"PS-MATRIX-03012","PS-MAT-RF_IC","PS-MAT-SS_316L","SC","MT","R","PS-PAIR-SC-MT","","FAMILY_CLASS_INHERITED","UNQUALIFIED","NOT_TESTED","false"
"PS-MATRIX-03013","PS-MAT-RF_IC","PS-MAT-TI_64","SC","MT","R","PS-PAIR-SC-MT","","FAMILY_CLASS_INHERITED","UNQUALIFIED","NOT_TESTED","false"
"PS-MATRIX-03014","PS-MAT-RF_IC","PS-MAT-NI_ALLOY","SC","MT","R","PS-PAIR-SC-MT","","FAMILY_CLASS_INHERITED","UNQUALIFIED","NOT_TESTED","false"
"PS-MATRIX-03015","PS-MAT-RF_IC","PS-MAT-AG_METAL","SC","MT","R","PS-PAIR-SC-MT","","FAMILY_CLASS_INHERITED","UNQUALIFIED","NOT_TESTED","false"
"PS-MATRIX-03016","PS-MAT-RF_IC","PS-MAT-ALUMINA","SC","CR","R","PS-PAIR-SC-CR","","FAMILY_CLASS_INHERITED","UNQUALIFIED","NOT_TESTED","false"
"PS-MATRIX-03017","PS-MAT-RF_IC","PS-MAT-SILICA","SC","CR","R","PS-PAIR-SC-CR","","FAMILY_CLASS_INHERITED","UNQUALIFIED","NOT_TESTED","false"
"PS-MATRIX-03018","PS-MAT-RF_IC","PS-MAT-ZIRCONIA","SC","CR","R","PS-PAIR-SC-CR","","FAMILY_CLASS_INHERITED","UNQUALIFIED","NOT_TESTED","false"
"PS-MATRIX-03019","PS-MAT-RF_IC","PS-MAT-BT_CERAMIC","SC","CR","R","PS-PAIR-SC-CR","","FAMILY_CLASS_INHERITED","UNQUALIFIED","NOT_TESTED","false"
"PS-MATRIX-03020","PS-MAT-RF_IC","PS-MAT-BN_CERAMIC","SC","CR","R","PS-PAIR-SC-CR","","FAMILY_CLASS_INHERITED","UNQUALIFIED","NOT_TESTED","false"
"PS-MATRIX-03021","PS-MAT-RF_IC","PS-MAT-PLA","SC","TP","T","PS-PAIR-SC-TP","","FAMILY_CLASS_INHERITED","UNQUALIFIED","NOT_TESTED","false"
"PS-MATRIX-03022","PS-MAT-RF_IC","PS-MAT-PETG","SC","TP","T","PS-PAIR-SC-TP","","FAMILY_CLASS_INHERITED","UNQUALIFIED","NOT_TESTED","false"
"PS-MATRIX-03023","PS-MAT-RF_IC","PS-MAT-ABS","SC","TP","T","PS-PAIR-SC-TP","","FAMILY_CLASS_INHERITED","UNQUALIFIED","NOT_TESTED","false"
"PS-MATRIX-03024","PS-MAT-RF_IC","PS-MAT-PA12","SC","TP","T","PS-PAIR-SC-TP","","FAMILY_CLASS_INHERITED","UNQUALIFIED","NOT_TESTED","false"
"PS-MATRIX-03025","PS-MAT-RF_IC","PS-MAT-PEEK","SC","TP","T","PS-PAIR-SC-TP","","FAMILY_CLASS_INHERITED","UNQUALIFIED","NOT_TESTED","false"
"PS-MATRIX-03026","PS-MAT-RF_IC","PS-MAT-PP","SC","TP","T","PS-PAIR-SC-TP","","FAMILY_CLASS_INHERITED","UNQUALIFIED","NOT_TESTED","false"
"PS-MATRIX-03027","PS-MAT-RF_IC","PS-MAT-ACRYLATE","SC","RS","T","PS-PAIR-SC-RS","","FAMILY_CLASS_INHERITED","UNQUALIFIED","NOT_TESTED","false"
"PS-MATRIX-03028","PS-MAT-RF_IC","PS-MAT-EPOXY","SC","RS","T","PS-PAIR-SC-RS","","FAMILY_CLASS_INHERITED","UNQUALIFIED","NOT_TESTED","false"
"PS-MATRIX-03029","PS-MAT-RF_IC","PS-MAT-SILICONE_RESIN","SC","RS","T","PS-PAIR-SC-RS","","FAMILY_CLASS_INHERITED","UNQUALIFIED","NOT_TESTED","false"
"PS-MATRIX-03030","PS-MAT-RF_IC","PS-MAT-TPU","SC","EL","T","PS-PAIR-SC-EL","","FAMILY_CLASS_INHERITED","UNQUALIFIED","NOT_TESTED","false"
"PS-MATRIX-03031","PS-MAT-RF_IC","PS-MAT-PDMS","SC","EL","T","PS-PAIR-SC-EL","","FAMILY_CLASS_INHERITED","UNQUALIFIED","NOT_TESTED","false"
"PS-MATRIX-03032","PS-MAT-RF_IC","PS-MAT-SILICONE_E","SC","EL","T","PS-PAIR-SC-EL","","FAMILY_CLASS_INHERITED","UNQUALIFIED","NOT_TESTED","false"
"PS-MATRIX-03033","PS-MAT-RF_IC","PS-MAT-HYDROGEL_E","SC","EL","T","PS-PAIR-SC-EL","","FAMILY_CLASS_INHERITED","UNQUALIFIED","NOT_TESTED","false"
"PS-MATRIX-03034","PS-MAT-RF_IC","PS-MAT-AG_INK","SC","CI","T","PS-PAIR-SC-CI","","FAMILY_CLASS_INHERITED","UNQUALIFIED","NOT_TESTED","false"
"PS-MATRIX-03035","PS-MAT-RF_IC","PS-MAT-CU_INK","SC","CI","T","PS-PAIR-SC-CI","","FAMILY_CLASS_INHERITED","UNQUALIFIED","NOT_TESTED","false"
"PS-MATRIX-03036","PS-MAT-RF_IC","PS-MAT-CARBON_INK","SC","CI","T","PS-PAIR-SC-CI","","FAMILY_CLASS_INHERITED","UNQUALIFIED","NOT_TESTED","false"
"PS-MATRIX-03037","PS-MAT-RF_IC","PS-MAT-GRAPHENE_INK","SC","CI","T","PS-PAIR-SC-CI","","FAMILY_CLASS_INHERITED","UNQUALIFIED","NOT_TESTED","false"
"PS-MATRIX-03038","PS-MAT-RF_IC","PS-MAT-PEDOT_PSS","SC","CI","T","PS-PAIR-SC-CI","","FAMILY_CLASS_INHERITED","UNQUALIFIED","NOT_TESTED","false"
"PS-MATRIX-03039","PS-MAT-RF_IC","PS-MAT-DIEL_UV","SC","DE","T","PS-PAIR-SC-DE","","FAMILY_CLASS_INHERITED","UNQUALIFIED","NOT_TESTED","false"
"PS-MATRIX-03040","PS-MAT-RF_IC","PS-MAT-DIEL_EPOXY","SC","DE","T","PS-PAIR-SC-DE","","FAMILY_CLASS_INHERITED","UNQUALIFIED","NOT_TESTED","false"
"PS-MATRIX-03041","PS-MAT-RF_IC","PS-MAT-POLYIMIDE","SC","DE","T","PS-PAIR-SC-DE","","FAMILY_CLASS_INHERITED","UNQUALIFIED","NOT_TESTED","false"
"PS-MATRIX-03042","PS-MAT-RF_IC","PS-MAT-PARylene","SC","DE","T","PS-PAIR-SC-DE","","FAMILY_CLASS_INHERITED","UNQUALIFIED","NOT_TESTED","false"
"PS-MATRIX-03043","PS-MAT-RF_IC","PS-MAT-FERRITE_PASTE","SC","MG","T","PS-PAIR-SC-MG","","FAMILY_CLASS_INHERITED","UNQUALIFIED","NOT_TESTED","false"
"PS-MATRIX-03044","PS-MAT-RF_IC","PS-MAT-NDFEB_BONDED","SC","MG","T","PS-PAIR-SC-MG","","FAMILY_CLASS_INHERITED","UNQUALIFIED","NOT_TESTED","false"
"PS-MATRIX-03045","PS-MAT-RF_IC","PS-MAT-IRON_COMPOSITE","SC","MG","T","PS-PAIR-SC-MG","","FAMILY_CLASS_INHERITED","UNQUALIFIED","NOT_TESTED","false"
"PS-MATRIX-03046","PS-MAT-RF_IC","PS-MAT-OPTICAL_RESIN","SC","OP","M","PS-PAIR-SC-OP","","FAMILY_CLASS_INHERITED","UNQUALIFIED","NOT_TESTED","false"
"PS-MATRIX-03047","PS-MAT-RF_IC","PS-MAT-PMMA","SC","OP","M","PS-PAIR-SC-OP","","FAMILY_CLASS_INHERITED","UNQUALIFIED","NOT_TESTED","false"
"PS-MATRIX-03048","PS-MAT-RF_IC","PS-MAT-FUSED_SILICA","SC","OP","M","PS-PAIR-SC-OP","PS-MR-033-BA","ROUTE_SEED_ONLY","UNQUALIFIED","NOT_TESTED","false"
"PS-MATRIX-03049","PS-MAT-RF_IC","PS-MAT-PHOSPHOR_FILM","SC","OP","M","PS-PAIR-SC-OP","","FAMILY_CLASS_INHERITED","UNQUALIFIED","NOT_TESTED","false"
"PS-MATRIX-03050","PS-MAT-RF_IC","PS-MAT-PVA_SUPPORT","SC","FL","T","PS-PAIR-SC-FL","","FAMILY_CLASS_INHERITED","UNQUALIFIED","NOT_TESTED","false"
"PS-MATRIX-03051","PS-MAT-RF_IC","PS-MAT-WAX_SUPPORT","SC","FL","T","PS-PAIR-SC-FL","","FAMILY_CLASS_INHERITED","UNQUALIFIED","NOT_TESTED","false"
"PS-MATRIX-03052","PS-MAT-RF_IC","PS-MAT-MICROGEL","SC","FL","T","PS-PAIR-SC-FL","","FAMILY_CLASS_INHERITED","UNQUALIFIED","NOT_TESTED","false"
"PS-MATRIX-03053","PS-MAT-RF_IC","PS-MAT-GAS_CAVITY","SC","FL","T","PS-PAIR-SC-FL","","FAMILY_CLASS_INHERITED","UNQUALIFIED","NOT_TESTED","false"
"PS-MATRIX-03054","PS-MAT-RF_IC","PS-MAT-GRAPHITE_ANODE","SC","EC","M","PS-PAIR-SC-EC","","FAMILY_CLASS_INHERITED","UNQUALIFIED","NOT_TESTED","false"
"PS-MATRIX-03055","PS-MAT-RF_IC","PS-MAT-LFP_CATHODE","SC","EC","M","PS-PAIR-SC-EC","","FAMILY_CLASS_INHERITED","UNQUALIFIED","NOT_TESTED","false"
"PS-MATRIX-03056","PS-MAT-RF_IC","PS-MAT-GEL_ELECTROLYTE","SC","EC","M","PS-PAIR-SC-EC","","FAMILY_CLASS_INHERITED","UNQUALIFIED","NOT_TESTED","false"
"PS-MATRIX-03057","PS-MAT-RF_IC","PS-MAT-CARBON_SUPERCAP","SC","EC","M","PS-PAIR-SC-EC","","FAMILY_CLASS_INHERITED","UNQUALIFIED","NOT_TESTED","false"
"PS-MATRIX-03058","PS-MAT-RF_IC","PS-MAT-SILICON_DIE","SC","SC","M","PS-PAIR-SC-SC","","FAMILY_CLASS_INHERITED","UNQUALIFIED","NOT_TESTED","false"
"PS-MATRIX-03059","PS-MAT-RF_IC","PS-MAT-CAMERA_MODULE","SC","SC","M","PS-PAIR-SC-SC","","FAMILY_CLASS_INHERITED","UNQUALIFIED","NOT_TESTED","false"
"PS-MATRIX-03060","PS-MAT-RF_IC","PS-MAT-LED_PACKAGE","SC","SC","M","PS-PAIR-SC-SC","","FAMILY_CLASS_INHERITED","UNQUALIFIED","NOT_TESTED","false"
"PS-MATRIX-03061","PS-MAT-RF_IC","PS-MAT-RF_IC","SC","SC","M","PS-PAIR-SC-SC","","FAMILY_CLASS_INHERITED","UNQUALIFIED","NOT_TESTED","false"
"PS-MATRIX-03062","PS-MAT-RF_IC","PS-MAT-LFP_MODULE","SC","BT","M","PS-PAIR-SC-BT","","FAMILY_CLASS_INHERITED","UNQUALIFIED","NOT_TESTED","false"
"PS-MATRIX-03063","PS-MAT-RF_IC","PS-MAT-LIION_MODULE","SC","BT","M","PS-PAIR-SC-BT","","FAMILY_CLASS_INHERITED","UNQUALIFIED","NOT_TESTED","false"
"PS-MATRIX-03064","PS-MAT-RF_IC","PS-MAT-CAP_BANK","SC","BT","M","PS-PAIR-SC-BT","","FAMILY_CLASS_INHERITED","UNQUALIFIED","NOT_TESTED","false"
"PS-MATRIX-03065","PS-MAT-RF_IC","PS-MAT-ALGINATE","SC","BV","M","PS-PAIR-SC-BV","","FAMILY_CLASS_INHERITED","UNQUALIFIED","NOT_TESTED","false"
"PS-MATRIX-03066","PS-MAT-RF_IC","PS-MAT-GELATIN","SC","BV","M","PS-PAIR-SC-BV","","FAMILY_CLASS_INHERITED","UNQUALIFIED","NOT_TESTED","false"
"PS-MATRIX-03067","PS-MAT-RF_IC","PS-MAT-COLLAGEN","SC","BV","M","PS-PAIR-SC-BV","","FAMILY_CLASS_INHERITED","UNQUALIFIED","NOT_TESTED","false"
"PS-MATRIX-03068","PS-MAT-RF_IC","PS-MAT-CELL_INK","SC","BV","M","PS-PAIR-SC-BV","","FAMILY_CLASS_INHERITED","UNQUALIFIED","NOT_TESTED","false"
"PS-MATRIX-03069","PS-MAT-LFP_MODULE","PS-MAT-CU_OFHC","BT","MT","R","PS-PAIR-BT-MT","","FAMILY_CLASS_INHERITED","UNQUALIFIED","NOT_TESTED","false"
"PS-MATRIX-03070","PS-MAT-LFP_MODULE","PS-MAT-AL_6061","BT","MT","R","PS-PAIR-BT-MT","","FAMILY_CLASS_INHERITED","UNQUALIFIED","NOT_TESTED","false"
"PS-MATRIX-03071","PS-MAT-LFP_MODULE","PS-MAT-SS_316L","BT","MT","R","PS-PAIR-BT-MT","","FAMILY_CLASS_INHERITED","UNQUALIFIED","NOT_TESTED","false"
"PS-MATRIX-03072","PS-MAT-LFP_MODULE","PS-MAT-TI_64","BT","MT","R","PS-PAIR-BT-MT","","FAMILY_CLASS_INHERITED","UNQUALIFIED","NOT_TESTED","false"
"PS-MATRIX-03073","PS-MAT-LFP_MODULE","PS-MAT-NI_ALLOY","BT","MT","R","PS-PAIR-BT-MT","","FAMILY_CLASS_INHERITED","UNQUALIFIED","NOT_TESTED","false"
"PS-MATRIX-03074","PS-MAT-LFP_MODULE","PS-MAT-AG_METAL","BT","MT","R","PS-PAIR-BT-MT","","FAMILY_CLASS_INHERITED","UNQUALIFIED","NOT_TESTED","false"
"PS-MATRIX-03075","PS-MAT-LFP_MODULE","PS-MAT-ALUMINA","BT","CR","R","PS-PAIR-BT-CR","","FAMILY_CLASS_INHERITED","UNQUALIFIED","NOT_TESTED","false"
"PS-MATRIX-03076","PS-MAT-LFP_MODULE","PS-MAT-SILICA","BT","CR","R","PS-PAIR-BT-CR","","FAMILY_CLASS_INHERITED","UNQUALIFIED","NOT_TESTED","false"
"PS-MATRIX-03077","PS-MAT-LFP_MODULE","PS-MAT-ZIRCONIA","BT","CR","R","PS-PAIR-BT-CR","","FAMILY_CLASS_INHERITED","UNQUALIFIED","NOT_TESTED","false"
"PS-MATRIX-03078","PS-MAT-LFP_MODULE","PS-MAT-BT_CERAMIC","BT","CR","R","PS-PAIR-BT-CR","","FAMILY_CLASS_INHERITED","UNQUALIFIED","NOT_TESTED","false"
"PS-MATRIX-03079","PS-MAT-LFP_MODULE","PS-MAT-BN_CERAMIC","BT","CR","R","PS-PAIR-BT-CR","","FAMILY_CLASS_INHERITED","UNQUALIFIED","NOT_TESTED","false"
"PS-MATRIX-03080","PS-MAT-LFP_MODULE","PS-MAT-PLA","BT","TP","M","PS-PAIR-BT-TP","","FAMILY_CLASS_INHERITED","UNQUALIFIED","NOT_TESTED","false"
"PS-MATRIX-03081","PS-MAT-LFP_MODULE","PS-MAT-PETG","BT","TP","M","PS-PAIR-BT-TP","PS-MR-024-BA","ROUTE_SEED_ONLY","UNQUALIFIED","NOT_TESTED","false"
"PS-MATRIX-03082","PS-MAT-LFP_MODULE","PS-MAT-ABS","BT","TP","M","PS-PAIR-BT-TP","","FAMILY_CLASS_INHERITED","UNQUALIFIED","NOT_TESTED","false"
"PS-MATRIX-03083","PS-MAT-LFP_MODULE","PS-MAT-PA12","BT","TP","M","PS-PAIR-BT-TP","","FAMILY_CLASS_INHERITED","UNQUALIFIED","NOT_TESTED","false"
"PS-MATRIX-03084","PS-MAT-LFP_MODULE","PS-MAT-PEEK","BT","TP","M","PS-PAIR-BT-TP","","FAMILY_CLASS_INHERITED","UNQUALIFIED","NOT_TESTED","false"
"PS-MATRIX-03085","PS-MAT-LFP_MODULE","PS-MAT-PP","BT","TP","M","PS-PAIR-BT-TP","","FAMILY_CLASS_INHERITED","UNQUALIFIED","NOT_TESTED","false"
"PS-MATRIX-03086","PS-MAT-LFP_MODULE","PS-MAT-ACRYLATE","BT","RS","M","PS-PAIR-BT-RS","","FAMILY_CLASS_INHERITED","UNQUALIFIED","NOT_TESTED","false"
"PS-MATRIX-03087","PS-MAT-LFP_MODULE","PS-MAT-EPOXY","BT","RS","M","PS-PAIR-BT-RS","","FAMILY_CLASS_INHERITED","UNQUALIFIED","NOT_TESTED","false"
"PS-MATRIX-03088","PS-MAT-LFP_MODULE","PS-MAT-SILICONE_RESIN","BT","RS","M","PS-PAIR-BT-RS","","FAMILY_CLASS_INHERITED","UNQUALIFIED","NOT_TESTED","false"
"PS-MATRIX-03089","PS-MAT-LFP_MODULE","PS-MAT-TPU","BT","EL","M","PS-PAIR-BT-EL","","FAMILY_CLASS_INHERITED","UNQUALIFIED","NOT_TESTED","false"
"PS-MATRIX-03090","PS-MAT-LFP_MODULE","PS-MAT-PDMS","BT","EL","M","PS-PAIR-BT-EL","","FAMILY_CLASS_INHERITED","UNQUALIFIED","NOT_TESTED","false"
"PS-MATRIX-03091","PS-MAT-LFP_MODULE","PS-MAT-SILICONE_E","BT","EL","M","PS-PAIR-BT-EL","","FAMILY_CLASS_INHERITED","UNQUALIFIED","NOT_TESTED","false"
"PS-MATRIX-03092","PS-MAT-LFP_MODULE","PS-MAT-HYDROGEL_E","BT","EL","M","PS-PAIR-BT-EL","","FAMILY_CLASS_INHERITED","UNQUALIFIED","NOT_TESTED","false"
"PS-MATRIX-03093","PS-MAT-LFP_MODULE","PS-MAT-AG_INK","BT","CI","M","PS-PAIR-BT-CI","","FAMILY_CLASS_INHERITED","UNQUALIFIED","NOT_TESTED","false"
"PS-MATRIX-03094","PS-MAT-LFP_MODULE","PS-MAT-CU_INK","BT","CI","M","PS-PAIR-BT-CI","","FAMILY_CLASS_INHERITED","UNQUALIFIED","NOT_TESTED","false"
"PS-MATRIX-03095","PS-MAT-LFP_MODULE","PS-MAT-CARBON_INK","BT","CI","M","PS-PAIR-BT-CI","","FAMILY_CLASS_INHERITED","UNQUALIFIED","NOT_TESTED","false"
"PS-MATRIX-03096","PS-MAT-LFP_MODULE","PS-MAT-GRAPHENE_INK","BT","CI","M","PS-PAIR-BT-CI","","FAMILY_CLASS_INHERITED","UNQUALIFIED","NOT_TESTED","false"
"PS-MATRIX-03097","PS-MAT-LFP_MODULE","PS-MAT-PEDOT_PSS","BT","CI","M","PS-PAIR-BT-CI","","FAMILY_CLASS_INHERITED","UNQUALIFIED","NOT_TESTED","false"
"PS-MATRIX-03098","PS-MAT-LFP_MODULE","PS-MAT-DIEL_UV","BT","DE","M","PS-PAIR-BT-DE","","FAMILY_CLASS_INHERITED","UNQUALIFIED","NOT_TESTED","false"
"PS-MATRIX-03099","PS-MAT-LFP_MODULE","PS-MAT-DIEL_EPOXY","BT","DE","M","PS-PAIR-BT-DE","","FAMILY_CLASS_INHERITED","UNQUALIFIED","NOT_TESTED","false"
"PS-MATRIX-03100","PS-MAT-LFP_MODULE","PS-MAT-POLYIMIDE","BT","DE","M","PS-PAIR-BT-DE","","FAMILY_CLASS_INHERITED","UNQUALIFIED","NOT_TESTED","false"
"PS-MATRIX-03101","PS-MAT-LFP_MODULE","PS-MAT-PARylene","BT","DE","M","PS-PAIR-BT-DE","","FAMILY_CLASS_INHERITED","UNQUALIFIED","NOT_TESTED","false"
"PS-MATRIX-03102","PS-MAT-LFP_MODULE","PS-MAT-FERRITE_PASTE","BT","MG","M","PS-PAIR-BT-MG","","FAMILY_CLASS_INHERITED","UNQUALIFIED","NOT_TESTED","false"
"PS-MATRIX-03103","PS-MAT-LFP_MODULE","PS-MAT-NDFEB_BONDED","BT","MG","M","PS-PAIR-BT-MG","","FAMILY_CLASS_INHERITED","UNQUALIFIED","NOT_TESTED","false"
"PS-MATRIX-03104","PS-MAT-LFP_MODULE","PS-MAT-IRON_COMPOSITE","BT","MG","M","PS-PAIR-BT-MG","","FAMILY_CLASS_INHERITED","UNQUALIFIED","NOT_TESTED","false"
"PS-MATRIX-03105","PS-MAT-LFP_MODULE","PS-MAT-OPTICAL_RESIN","BT","OP","M","PS-PAIR-BT-OP","","FAMILY_CLASS_INHERITED","UNQUALIFIED","NOT_TESTED","false"
"PS-MATRIX-03106","PS-MAT-LFP_MODULE","PS-MAT-PMMA","BT","OP","M","PS-PAIR-BT-OP","","FAMILY_CLASS_INHERITED","UNQUALIFIED","NOT_TESTED","false"
"PS-MATRIX-03107","PS-MAT-LFP_MODULE","PS-MAT-FUSED_SILICA","BT","OP","M","PS-PAIR-BT-OP","","FAMILY_CLASS_INHERITED","UNQUALIFIED","NOT_TESTED","false"
"PS-MATRIX-03108","PS-MAT-LFP_MODULE","PS-MAT-PHOSPHOR_FILM","BT","OP","M","PS-PAIR-BT-OP","","FAMILY_CLASS_INHERITED","UNQUALIFIED","NOT_TESTED","false"
"PS-MATRIX-03109","PS-MAT-LFP_MODULE","PS-MAT-PVA_SUPPORT","BT","FL","M","PS-PAIR-BT-FL","","FAMILY_CLASS_INHERITED","UNQUALIFIED","NOT_TESTED","false"
"PS-MATRIX-03110","PS-MAT-LFP_MODULE","PS-MAT-WAX_SUPPORT","BT","FL","M","PS-PAIR-BT-FL","","FAMILY_CLASS_INHERITED","UNQUALIFIED","NOT_TESTED","false"
"PS-MATRIX-03111","PS-MAT-LFP_MODULE","PS-MAT-MICROGEL","BT","FL","M","PS-PAIR-BT-FL","","FAMILY_CLASS_INHERITED","UNQUALIFIED","NOT_TESTED","false"
"PS-MATRIX-03112","PS-MAT-LFP_MODULE","PS-MAT-GAS_CAVITY","BT","FL","M","PS-PAIR-BT-FL","","FAMILY_CLASS_INHERITED","UNQUALIFIED","NOT_TESTED","false"
"PS-MATRIX-03113","PS-MAT-LFP_MODULE","PS-MAT-GRAPHITE_ANODE","BT","EC","M","PS-PAIR-BT-EC","","FAMILY_CLASS_INHERITED","UNQUALIFIED","NOT_TESTED","false"
"PS-MATRIX-03114","PS-MAT-LFP_MODULE","PS-MAT-LFP_CATHODE","BT","EC","M","PS-PAIR-BT-EC","","FAMILY_CLASS_INHERITED","UNQUALIFIED","NOT_TESTED","false"
"PS-MATRIX-03115","PS-MAT-LFP_MODULE","PS-MAT-GEL_ELECTROLYTE","BT","EC","M","PS-PAIR-BT-EC","","FAMILY_CLASS_INHERITED","UNQUALIFIED","NOT_TESTED","false"
"PS-MATRIX-03116","PS-MAT-LFP_MODULE","PS-MAT-CARBON_SUPERCAP","BT","EC","M","PS-PAIR-BT-EC","","FAMILY_CLASS_INHERITED","UNQUALIFIED","NOT_TESTED","false"
"PS-MATRIX-03117","PS-MAT-LFP_MODULE","PS-MAT-SILICON_DIE","BT","SC","M","PS-PAIR-BT-SC","","FAMILY_CLASS_INHERITED","UNQUALIFIED","NOT_TESTED","false"
"PS-MATRIX-03118","PS-MAT-LFP_MODULE","PS-MAT-CAMERA_MODULE","BT","SC","M","PS-PAIR-BT-SC","","FAMILY_CLASS_INHERITED","UNQUALIFIED","NOT_TESTED","false"
"PS-MATRIX-03119","PS-MAT-LFP_MODULE","PS-MAT-LED_PACKAGE","BT","SC","M","PS-PAIR-BT-SC","","FAMILY_CLASS_INHERITED","UNQUALIFIED","NOT_TESTED","false"
"PS-MATRIX-03120","PS-MAT-LFP_MODULE","PS-MAT-RF_IC","BT","SC","M","PS-PAIR-BT-SC","","FAMILY_CLASS_INHERITED","UNQUALIFIED","NOT_TESTED","false"
"PS-MATRIX-03121","PS-MAT-LFP_MODULE","PS-MAT-LFP_MODULE","BT","BT","M","PS-PAIR-BT-BT","","FAMILY_CLASS_INHERITED","UNQUALIFIED","NOT_TESTED","false"
"PS-MATRIX-03122","PS-MAT-LFP_MODULE","PS-MAT-LIION_MODULE","BT","BT","M","PS-PAIR-BT-BT","","FAMILY_CLASS_INHERITED","UNQUALIFIED","NOT_TESTED","false"
"PS-MATRIX-03123","PS-MAT-LFP_MODULE","PS-MAT-CAP_BANK","BT","BT","M","PS-PAIR-BT-BT","","FAMILY_CLASS_INHERITED","UNQUALIFIED","NOT_TESTED","false"
"PS-MATRIX-03124","PS-MAT-LFP_MODULE","PS-MAT-ALGINATE","BT","BV","M","PS-PAIR-BT-BV","","FAMILY_CLASS_INHERITED","UNQUALIFIED","NOT_TESTED","false"
"PS-MATRIX-03125","PS-MAT-LFP_MODULE","PS-MAT-GELATIN","BT","BV","M","PS-PAIR-BT-BV","","FAMILY_CLASS_INHERITED","UNQUALIFIED","NOT_TESTED","false"
"PS-MATRIX-03126","PS-MAT-LFP_MODULE","PS-MAT-COLLAGEN","BT","BV","M","PS-PAIR-BT-BV","","FAMILY_CLASS_INHERITED","UNQUALIFIED","NOT_TESTED","false"
"PS-MATRIX-03127","PS-MAT-LFP_MODULE","PS-MAT-CELL_INK","BT","BV","M","PS-PAIR-BT-BV","","FAMILY_CLASS_INHERITED","UNQUALIFIED","NOT_TESTED","false"
"PS-MATRIX-03128","PS-MAT-LIION_MODULE","PS-MAT-CU_OFHC","BT","MT","R","PS-PAIR-BT-MT","","FAMILY_CLASS_INHERITED","UNQUALIFIED","NOT_TESTED","false"
"PS-MATRIX-03129","PS-MAT-LIION_MODULE","PS-MAT-AL_6061","BT","MT","R","PS-PAIR-BT-MT","","FAMILY_CLASS_INHERITED","UNQUALIFIED","NOT_TESTED","false"
"PS-MATRIX-03130","PS-MAT-LIION_MODULE","PS-MAT-SS_316L","BT","MT","R","PS-PAIR-BT-MT","","FAMILY_CLASS_INHERITED","UNQUALIFIED","NOT_TESTED","false"
"PS-MATRIX-03131","PS-MAT-LIION_MODULE","PS-MAT-TI_64","BT","MT","R","PS-PAIR-BT-MT","","FAMILY_CLASS_INHERITED","UNQUALIFIED","NOT_TESTED","false"
"PS-MATRIX-03132","PS-MAT-LIION_MODULE","PS-MAT-NI_ALLOY","BT","MT","R","PS-PAIR-BT-MT","","FAMILY_CLASS_INHERITED","UNQUALIFIED","NOT_TESTED","false"
"PS-MATRIX-03133","PS-MAT-LIION_MODULE","PS-MAT-AG_METAL","BT","MT","R","PS-PAIR-BT-MT","","FAMILY_CLASS_INHERITED","UNQUALIFIED","NOT_TESTED","false"
"PS-MATRIX-03134","PS-MAT-LIION_MODULE","PS-MAT-ALUMINA","BT","CR","R","PS-PAIR-BT-CR","","FAMILY_CLASS_INHERITED","UNQUALIFIED","NOT_TESTED","false"
"PS-MATRIX-03135","PS-MAT-LIION_MODULE","PS-MAT-SILICA","BT","CR","R","PS-PAIR-BT-CR","","FAMILY_CLASS_INHERITED","UNQUALIFIED","NOT_TESTED","false"
"PS-MATRIX-03136","PS-MAT-LIION_MODULE","PS-MAT-ZIRCONIA","BT","CR","R","PS-PAIR-BT-CR","","FAMILY_CLASS_INHERITED","UNQUALIFIED","NOT_TESTED","false"
"PS-MATRIX-03137","PS-MAT-LIION_MODULE","PS-MAT-BT_CERAMIC","BT","CR","R","PS-PAIR-BT-CR","","FAMILY_CLASS_INHERITED","UNQUALIFIED","NOT_TESTED","false"
"PS-MATRIX-03138","PS-MAT-LIION_MODULE","PS-MAT-BN_CERAMIC","BT","CR","R","PS-PAIR-BT-CR","","FAMILY_CLASS_INHERITED","UNQUALIFIED","NOT_TESTED","false"
"PS-MATRIX-03139","PS-MAT-LIION_MODULE","PS-MAT-PLA","BT","TP","M","PS-PAIR-BT-TP","","FAMILY_CLASS_INHERITED","UNQUALIFIED","NOT_TESTED","false"
"PS-MATRIX-03140","PS-MAT-LIION_MODULE","PS-MAT-PETG","BT","TP","M","PS-PAIR-BT-TP","","FAMILY_CLASS_INHERITED","UNQUALIFIED","NOT_TESTED","false"
"PS-MATRIX-03141","PS-MAT-LIION_MODULE","PS-MAT-ABS","BT","TP","M","PS-PAIR-BT-TP","","FAMILY_CLASS_INHERITED","UNQUALIFIED","NOT_TESTED","false"
"PS-MATRIX-03142","PS-MAT-LIION_MODULE","PS-MAT-PA12","BT","TP","M","PS-PAIR-BT-TP","","FAMILY_CLASS_INHERITED","UNQUALIFIED","NOT_TESTED","false"
"PS-MATRIX-03143","PS-MAT-LIION_MODULE","PS-MAT-PEEK","BT","TP","M","PS-PAIR-BT-TP","","FAMILY_CLASS_INHERITED","UNQUALIFIED","NOT_TESTED","false"
"PS-MATRIX-03144","PS-MAT-LIION_MODULE","PS-MAT-PP","BT","TP","M","PS-PAIR-BT-TP","","FAMILY_CLASS_INHERITED","UNQUALIFIED","NOT_TESTED","false"
"PS-MATRIX-03145","PS-MAT-LIION_MODULE","PS-MAT-ACRYLATE","BT","RS","M","PS-PAIR-BT-RS","","FAMILY_CLASS_INHERITED","UNQUALIFIED","NOT_TESTED","false"
"PS-MATRIX-03146","PS-MAT-LIION_MODULE","PS-MAT-EPOXY","BT","RS","M","PS-PAIR-BT-RS","","FAMILY_CLASS_INHERITED","UNQUALIFIED","NOT_TESTED","false"
"PS-MATRIX-03147","PS-MAT-LIION_MODULE","PS-MAT-SILICONE_RESIN","BT","RS","M","PS-PAIR-BT-RS","","FAMILY_CLASS_INHERITED","UNQUALIFIED","NOT_TESTED","false"
"PS-MATRIX-03148","PS-MAT-LIION_MODULE","PS-MAT-TPU","BT","EL","M","PS-PAIR-BT-EL","","FAMILY_CLASS_INHERITED","UNQUALIFIED","NOT_TESTED","false"
"PS-MATRIX-03149","PS-MAT-LIION_MODULE","PS-MAT-PDMS","BT","EL","M","PS-PAIR-BT-EL","","FAMILY_CLASS_INHERITED","UNQUALIFIED","NOT_TESTED","false"
"PS-MATRIX-03150","PS-MAT-LIION_MODULE","PS-MAT-SILICONE_E","BT","EL","M","PS-PAIR-BT-EL","PS-MR-035-AB","ROUTE_SEED_ONLY","UNQUALIFIED","NOT_TESTED","false"
"PS-MATRIX-03151","PS-MAT-LIION_MODULE","PS-MAT-HYDROGEL_E","BT","EL","M","PS-PAIR-BT-EL","","FAMILY_CLASS_INHERITED","UNQUALIFIED","NOT_TESTED","false"
"PS-MATRIX-03152","PS-MAT-LIION_MODULE","PS-MAT-AG_INK","BT","CI","M","PS-PAIR-BT-CI","","FAMILY_CLASS_INHERITED","UNQUALIFIED","NOT_TESTED","false"
"PS-MATRIX-03153","PS-MAT-LIION_MODULE","PS-MAT-CU_INK","BT","CI","M","PS-PAIR-BT-CI","","FAMILY_CLASS_INHERITED","UNQUALIFIED","NOT_TESTED","false"
"PS-MATRIX-03154","PS-MAT-LIION_MODULE","PS-MAT-CARBON_INK","BT","CI","M","PS-PAIR-BT-CI","","FAMILY_CLASS_INHERITED","UNQUALIFIED","NOT_TESTED","false"
"PS-MATRIX-03155","PS-MAT-LIION_MODULE","PS-MAT-GRAPHENE_INK","BT","CI","M","PS-PAIR-BT-CI","","FAMILY_CLASS_INHERITED","UNQUALIFIED","NOT_TESTED","false"
"PS-MATRIX-03156","PS-MAT-LIION_MODULE","PS-MAT-PEDOT_PSS","BT","CI","M","PS-PAIR-BT-CI","","FAMILY_CLASS_INHERITED","UNQUALIFIED","NOT_TESTED","false"
"PS-MATRIX-03157","PS-MAT-LIION_MODULE","PS-MAT-DIEL_UV","BT","DE","M","PS-PAIR-BT-DE","","FAMILY_CLASS_INHERITED","UNQUALIFIED","NOT_TESTED","false"
"PS-MATRIX-03158","PS-MAT-LIION_MODULE","PS-MAT-DIEL_EPOXY","BT","DE","M","PS-PAIR-BT-DE","","FAMILY_CLASS_INHERITED","UNQUALIFIED","NOT_TESTED","false"
"PS-MATRIX-03159","PS-MAT-LIION_MODULE","PS-MAT-POLYIMIDE","BT","DE","M","PS-PAIR-BT-DE","","FAMILY_CLASS_INHERITED","UNQUALIFIED","NOT_TESTED","false"
"PS-MATRIX-03160","PS-MAT-LIION_MODULE","PS-MAT-PARylene","BT","DE","M","PS-PAIR-BT-DE","","FAMILY_CLASS_INHERITED","UNQUALIFIED","NOT_TESTED","false"
"PS-MATRIX-03161","PS-MAT-LIION_MODULE","PS-MAT-FERRITE_PASTE","BT","MG","M","PS-PAIR-BT-MG","","FAMILY_CLASS_INHERITED","UNQUALIFIED","NOT_TESTED","false"
"PS-MATRIX-03162","PS-MAT-LIION_MODULE","PS-MAT-NDFEB_BONDED","BT","MG","M","PS-PAIR-BT-MG","","FAMILY_CLASS_INHERITED","UNQUALIFIED","NOT_TESTED","false"
"PS-MATRIX-03163","PS-MAT-LIION_MODULE","PS-MAT-IRON_COMPOSITE","BT","MG","M","PS-PAIR-BT-MG","","FAMILY_CLASS_INHERITED","UNQUALIFIED","NOT_TESTED","false"
"PS-MATRIX-03164","PS-MAT-LIION_MODULE","PS-MAT-OPTICAL_RESIN","BT","OP","M","PS-PAIR-BT-OP","","FAMILY_CLASS_INHERITED","UNQUALIFIED","NOT_TESTED","false"
"PS-MATRIX-03165","PS-MAT-LIION_MODULE","PS-MAT-PMMA","BT","OP","M","PS-PAIR-BT-OP","","FAMILY_CLASS_INHERITED","UNQUALIFIED","NOT_TESTED","false"
"PS-MATRIX-03166","PS-MAT-LIION_MODULE","PS-MAT-FUSED_SILICA","BT","OP","M","PS-PAIR-BT-OP","","FAMILY_CLASS_INHERITED","UNQUALIFIED","NOT_TESTED","false"
"PS-MATRIX-03167","PS-MAT-LIION_MODULE","PS-MAT-PHOSPHOR_FILM","BT","OP","M","PS-PAIR-BT-OP","","FAMILY_CLASS_INHERITED","UNQUALIFIED","NOT_TESTED","false"
"PS-MATRIX-03168","PS-MAT-LIION_MODULE","PS-MAT-PVA_SUPPORT","BT","FL","M","PS-PAIR-BT-FL","","FAMILY_CLASS_INHERITED","UNQUALIFIED","NOT_TESTED","false"
"PS-MATRIX-03169","PS-MAT-LIION_MODULE","PS-MAT-WAX_SUPPORT","BT","FL","M","PS-PAIR-BT-FL","","FAMILY_CLASS_INHERITED","UNQUALIFIED","NOT_TESTED","false"
"PS-MATRIX-03170","PS-MAT-LIION_MODULE","PS-MAT-MICROGEL","BT","FL","M","PS-PAIR-BT-FL","","FAMILY_CLASS_INHERITED","UNQUALIFIED","NOT_TESTED","false"
"PS-MATRIX-03171","PS-MAT-LIION_MODULE","PS-MAT-GAS_CAVITY","BT","FL","M","PS-PAIR-BT-FL","","FAMILY_CLASS_INHERITED","UNQUALIFIED","NOT_TESTED","false"
"PS-MATRIX-03172","PS-MAT-LIION_MODULE","PS-MAT-GRAPHITE_ANODE","BT","EC","M","PS-PAIR-BT-EC","","FAMILY_CLASS_INHERITED","UNQUALIFIED","NOT_TESTED","false"
"PS-MATRIX-03173","PS-MAT-LIION_MODULE","PS-MAT-LFP_CATHODE","BT","EC","M","PS-PAIR-BT-EC","","FAMILY_CLASS_INHERITED","UNQUALIFIED","NOT_TESTED","false"
"PS-MATRIX-03174","PS-MAT-LIION_MODULE","PS-MAT-GEL_ELECTROLYTE","BT","EC","M","PS-PAIR-BT-EC","","FAMILY_CLASS_INHERITED","UNQUALIFIED","NOT_TESTED","false"
"PS-MATRIX-03175","PS-MAT-LIION_MODULE","PS-MAT-CARBON_SUPERCAP","BT","EC","M","PS-PAIR-BT-EC","","FAMILY_CLASS_INHERITED","UNQUALIFIED","NOT_TESTED","false"
"PS-MATRIX-03176","PS-MAT-LIION_MODULE","PS-MAT-SILICON_DIE","BT","SC","M","PS-PAIR-BT-SC","","FAMILY_CLASS_INHERITED","UNQUALIFIED","NOT_TESTED","false"
"PS-MATRIX-03177","PS-MAT-LIION_MODULE","PS-MAT-CAMERA_MODULE","BT","SC","M","PS-PAIR-BT-SC","","FAMILY_CLASS_INHERITED","UNQUALIFIED","NOT_TESTED","false"
"PS-MATRIX-03178","PS-MAT-LIION_MODULE","PS-MAT-LED_PACKAGE","BT","SC","M","PS-PAIR-BT-SC","","FAMILY_CLASS_INHERITED","UNQUALIFIED","NOT_TESTED","false"
"PS-MATRIX-03179","PS-MAT-LIION_MODULE","PS-MAT-RF_IC","BT","SC","M","PS-PAIR-BT-SC","","FAMILY_CLASS_INHERITED","UNQUALIFIED","NOT_TESTED","false"
"PS-MATRIX-03180","PS-MAT-LIION_MODULE","PS-MAT-LFP_MODULE","BT","BT","M","PS-PAIR-BT-BT","","FAMILY_CLASS_INHERITED","UNQUALIFIED","NOT_TESTED","false"
"PS-MATRIX-03181","PS-MAT-LIION_MODULE","PS-MAT-LIION_MODULE","BT","BT","M","PS-PAIR-BT-BT","","FAMILY_CLASS_INHERITED","UNQUALIFIED","NOT_TESTED","false"
"PS-MATRIX-03182","PS-MAT-LIION_MODULE","PS-MAT-CAP_BANK","BT","BT","M","PS-PAIR-BT-BT","","FAMILY_CLASS_INHERITED","UNQUALIFIED","NOT_TESTED","false"
"PS-MATRIX-03183","PS-MAT-LIION_MODULE","PS-MAT-ALGINATE","BT","BV","M","PS-PAIR-BT-BV","","FAMILY_CLASS_INHERITED","UNQUALIFIED","NOT_TESTED","false"
"PS-MATRIX-03184","PS-MAT-LIION_MODULE","PS-MAT-GELATIN","BT","BV","M","PS-PAIR-BT-BV","","FAMILY_CLASS_INHERITED","UNQUALIFIED","NOT_TESTED","false"
"PS-MATRIX-03185","PS-MAT-LIION_MODULE","PS-MAT-COLLAGEN","BT","BV","M","PS-PAIR-BT-BV","","FAMILY_CLASS_INHERITED","UNQUALIFIED","NOT_TESTED","false"
"PS-MATRIX-03186","PS-MAT-LIION_MODULE","PS-MAT-CELL_INK","BT","BV","M","PS-PAIR-BT-BV","","FAMILY_CLASS_INHERITED","UNQUALIFIED","NOT_TESTED","false"
"PS-MATRIX-03187","PS-MAT-CAP_BANK","PS-MAT-CU_OFHC","BT","MT","R","PS-PAIR-BT-MT","","FAMILY_CLASS_INHERITED","UNQUALIFIED","NOT_TESTED","false"
"PS-MATRIX-03188","PS-MAT-CAP_BANK","PS-MAT-AL_6061","BT","MT","R","PS-PAIR-BT-MT","","FAMILY_CLASS_INHERITED","UNQUALIFIED","NOT_TESTED","false"
"PS-MATRIX-03189","PS-MAT-CAP_BANK","PS-MAT-SS_316L","BT","MT","R","PS-PAIR-BT-MT","","FAMILY_CLASS_INHERITED","UNQUALIFIED","NOT_TESTED","false"
"PS-MATRIX-03190","PS-MAT-CAP_BANK","PS-MAT-TI_64","BT","MT","R","PS-PAIR-BT-MT","","FAMILY_CLASS_INHERITED","UNQUALIFIED","NOT_TESTED","false"
"PS-MATRIX-03191","PS-MAT-CAP_BANK","PS-MAT-NI_ALLOY","BT","MT","R","PS-PAIR-BT-MT","","FAMILY_CLASS_INHERITED","UNQUALIFIED","NOT_TESTED","false"
"PS-MATRIX-03192","PS-MAT-CAP_BANK","PS-MAT-AG_METAL","BT","MT","R","PS-PAIR-BT-MT","","FAMILY_CLASS_INHERITED","UNQUALIFIED","NOT_TESTED","false"
"PS-MATRIX-03193","PS-MAT-CAP_BANK","PS-MAT-ALUMINA","BT","CR","R","PS-PAIR-BT-CR","","FAMILY_CLASS_INHERITED","UNQUALIFIED","NOT_TESTED","false"
"PS-MATRIX-03194","PS-MAT-CAP_BANK","PS-MAT-SILICA","BT","CR","R","PS-PAIR-BT-CR","","FAMILY_CLASS_INHERITED","UNQUALIFIED","NOT_TESTED","false"
"PS-MATRIX-03195","PS-MAT-CAP_BANK","PS-MAT-ZIRCONIA","BT","CR","R","PS-PAIR-BT-CR","","FAMILY_CLASS_INHERITED","UNQUALIFIED","NOT_TESTED","false"
"PS-MATRIX-03196","PS-MAT-CAP_BANK","PS-MAT-BT_CERAMIC","BT","CR","R","PS-PAIR-BT-CR","","FAMILY_CLASS_INHERITED","UNQUALIFIED","NOT_TESTED","false"
"PS-MATRIX-03197","PS-MAT-CAP_BANK","PS-MAT-BN_CERAMIC","BT","CR","R","PS-PAIR-BT-CR","","FAMILY_CLASS_INHERITED","UNQUALIFIED","NOT_TESTED","false"
"PS-MATRIX-03198","PS-MAT-CAP_BANK","PS-MAT-PLA","BT","TP","M","PS-PAIR-BT-TP","","FAMILY_CLASS_INHERITED","UNQUALIFIED","NOT_TESTED","false"
"PS-MATRIX-03199","PS-MAT-CAP_BANK","PS-MAT-PETG","BT","TP","M","PS-PAIR-BT-TP","","FAMILY_CLASS_INHERITED","UNQUALIFIED","NOT_TESTED","false"
"PS-MATRIX-03200","PS-MAT-CAP_BANK","PS-MAT-ABS","BT","TP","M","PS-PAIR-BT-TP","","FAMILY_CLASS_INHERITED","UNQUALIFIED","NOT_TESTED","false"
"PS-MATRIX-03201","PS-MAT-CAP_BANK","PS-MAT-PA12","BT","TP","M","PS-PAIR-BT-TP","PS-MR-025-BA","ROUTE_SEED_ONLY","UNQUALIFIED","NOT_TESTED","false"
"PS-MATRIX-03202","PS-MAT-CAP_BANK","PS-MAT-PEEK","BT","TP","M","PS-PAIR-BT-TP","","FAMILY_CLASS_INHERITED","UNQUALIFIED","NOT_TESTED","false"
"PS-MATRIX-03203","PS-MAT-CAP_BANK","PS-MAT-PP","BT","TP","M","PS-PAIR-BT-TP","","FAMILY_CLASS_INHERITED","UNQUALIFIED","NOT_TESTED","false"
"PS-MATRIX-03204","PS-MAT-CAP_BANK","PS-MAT-ACRYLATE","BT","RS","M","PS-PAIR-BT-RS","","FAMILY_CLASS_INHERITED","UNQUALIFIED","NOT_TESTED","false"
"PS-MATRIX-03205","PS-MAT-CAP_BANK","PS-MAT-EPOXY","BT","RS","M","PS-PAIR-BT-RS","","FAMILY_CLASS_INHERITED","UNQUALIFIED","NOT_TESTED","false"
"PS-MATRIX-03206","PS-MAT-CAP_BANK","PS-MAT-SILICONE_RESIN","BT","RS","M","PS-PAIR-BT-RS","","FAMILY_CLASS_INHERITED","UNQUALIFIED","NOT_TESTED","false"
"PS-MATRIX-03207","PS-MAT-CAP_BANK","PS-MAT-TPU","BT","EL","M","PS-PAIR-BT-EL","","FAMILY_CLASS_INHERITED","UNQUALIFIED","NOT_TESTED","false"
"PS-MATRIX-03208","PS-MAT-CAP_BANK","PS-MAT-PDMS","BT","EL","M","PS-PAIR-BT-EL","","FAMILY_CLASS_INHERITED","UNQUALIFIED","NOT_TESTED","false"
"PS-MATRIX-03209","PS-MAT-CAP_BANK","PS-MAT-SILICONE_E","BT","EL","M","PS-PAIR-BT-EL","","FAMILY_CLASS_INHERITED","UNQUALIFIED","NOT_TESTED","false"
"PS-MATRIX-03210","PS-MAT-CAP_BANK","PS-MAT-HYDROGEL_E","BT","EL","M","PS-PAIR-BT-EL","","FAMILY_CLASS_INHERITED","UNQUALIFIED","NOT_TESTED","false"
"PS-MATRIX-03211","PS-MAT-CAP_BANK","PS-MAT-AG_INK","BT","CI","M","PS-PAIR-BT-CI","","FAMILY_CLASS_INHERITED","UNQUALIFIED","NOT_TESTED","false"
"PS-MATRIX-03212","PS-MAT-CAP_BANK","PS-MAT-CU_INK","BT","CI","M","PS-PAIR-BT-CI","","FAMILY_CLASS_INHERITED","UNQUALIFIED","NOT_TESTED","false"
"PS-MATRIX-03213","PS-MAT-CAP_BANK","PS-MAT-CARBON_INK","BT","CI","M","PS-PAIR-BT-CI","","FAMILY_CLASS_INHERITED","UNQUALIFIED","NOT_TESTED","false"
"PS-MATRIX-03214","PS-MAT-CAP_BANK","PS-MAT-GRAPHENE_INK","BT","CI","M","PS-PAIR-BT-CI","","FAMILY_CLASS_INHERITED","UNQUALIFIED","NOT_TESTED","false"
"PS-MATRIX-03215","PS-MAT-CAP_BANK","PS-MAT-PEDOT_PSS","BT","CI","M","PS-PAIR-BT-CI","","FAMILY_CLASS_INHERITED","UNQUALIFIED","NOT_TESTED","false"
"PS-MATRIX-03216","PS-MAT-CAP_BANK","PS-MAT-DIEL_UV","BT","DE","M","PS-PAIR-BT-DE","","FAMILY_CLASS_INHERITED","UNQUALIFIED","NOT_TESTED","false"
"PS-MATRIX-03217","PS-MAT-CAP_BANK","PS-MAT-DIEL_EPOXY","BT","DE","M","PS-PAIR-BT-DE","","FAMILY_CLASS_INHERITED","UNQUALIFIED","NOT_TESTED","false"
"PS-MATRIX-03218","PS-MAT-CAP_BANK","PS-MAT-POLYIMIDE","BT","DE","M","PS-PAIR-BT-DE","","FAMILY_CLASS_INHERITED","UNQUALIFIED","NOT_TESTED","false"
"PS-MATRIX-03219","PS-MAT-CAP_BANK","PS-MAT-PARylene","BT","DE","M","PS-PAIR-BT-DE","","FAMILY_CLASS_INHERITED","UNQUALIFIED","NOT_TESTED","false"
"PS-MATRIX-03220","PS-MAT-CAP_BANK","PS-MAT-FERRITE_PASTE","BT","MG","M","PS-PAIR-BT-MG","","FAMILY_CLASS_INHERITED","UNQUALIFIED","NOT_TESTED","false"
"PS-MATRIX-03221","PS-MAT-CAP_BANK","PS-MAT-NDFEB_BONDED","BT","MG","M","PS-PAIR-BT-MG","","FAMILY_CLASS_INHERITED","UNQUALIFIED","NOT_TESTED","false"
"PS-MATRIX-03222","PS-MAT-CAP_BANK","PS-MAT-IRON_COMPOSITE","BT","MG","M","PS-PAIR-BT-MG","","FAMILY_CLASS_INHERITED","UNQUALIFIED","NOT_TESTED","false"
"PS-MATRIX-03223","PS-MAT-CAP_BANK","PS-MAT-OPTICAL_RESIN","BT","OP","M","PS-PAIR-BT-OP","","FAMILY_CLASS_INHERITED","UNQUALIFIED","NOT_TESTED","false"
"PS-MATRIX-03224","PS-MAT-CAP_BANK","PS-MAT-PMMA","BT","OP","M","PS-PAIR-BT-OP","","FAMILY_CLASS_INHERITED","UNQUALIFIED","NOT_TESTED","false"
"PS-MATRIX-03225","PS-MAT-CAP_BANK","PS-MAT-FUSED_SILICA","BT","OP","M","PS-PAIR-BT-OP","","FAMILY_CLASS_INHERITED","UNQUALIFIED","NOT_TESTED","false"
"PS-MATRIX-03226","PS-MAT-CAP_BANK","PS-MAT-PHOSPHOR_FILM","BT","OP","M","PS-PAIR-BT-OP","","FAMILY_CLASS_INHERITED","UNQUALIFIED","NOT_TESTED","false"
"PS-MATRIX-03227","PS-MAT-CAP_BANK","PS-MAT-PVA_SUPPORT","BT","FL","M","PS-PAIR-BT-FL","","FAMILY_CLASS_INHERITED","UNQUALIFIED","NOT_TESTED","false"
"PS-MATRIX-03228","PS-MAT-CAP_BANK","PS-MAT-WAX_SUPPORT","BT","FL","M","PS-PAIR-BT-FL","","FAMILY_CLASS_INHERITED","UNQUALIFIED","NOT_TESTED","false"
"PS-MATRIX-03229","PS-MAT-CAP_BANK","PS-MAT-MICROGEL","BT","FL","M","PS-PAIR-BT-FL","","FAMILY_CLASS_INHERITED","UNQUALIFIED","NOT_TESTED","false"
"PS-MATRIX-03230","PS-MAT-CAP_BANK","PS-MAT-GAS_CAVITY","BT","FL","M","PS-PAIR-BT-FL","","FAMILY_CLASS_INHERITED","UNQUALIFIED","NOT_TESTED","false"
"PS-MATRIX-03231","PS-MAT-CAP_BANK","PS-MAT-GRAPHITE_ANODE","BT","EC","M","PS-PAIR-BT-EC","","FAMILY_CLASS_INHERITED","UNQUALIFIED","NOT_TESTED","false"
"PS-MATRIX-03232","PS-MAT-CAP_BANK","PS-MAT-LFP_CATHODE","BT","EC","M","PS-PAIR-BT-EC","","FAMILY_CLASS_INHERITED","UNQUALIFIED","NOT_TESTED","false"
"PS-MATRIX-03233","PS-MAT-CAP_BANK","PS-MAT-GEL_ELECTROLYTE","BT","EC","M","PS-PAIR-BT-EC","","FAMILY_CLASS_INHERITED","UNQUALIFIED","NOT_TESTED","false"
"PS-MATRIX-03234","PS-MAT-CAP_BANK","PS-MAT-CARBON_SUPERCAP","BT","EC","M","PS-PAIR-BT-EC","","FAMILY_CLASS_INHERITED","UNQUALIFIED","NOT_TESTED","false"
"PS-MATRIX-03235","PS-MAT-CAP_BANK","PS-MAT-SILICON_DIE","BT","SC","M","PS-PAIR-BT-SC","","FAMILY_CLASS_INHERITED","UNQUALIFIED","NOT_TESTED","false"
"PS-MATRIX-03236","PS-MAT-CAP_BANK","PS-MAT-CAMERA_MODULE","BT","SC","M","PS-PAIR-BT-SC","","FAMILY_CLASS_INHERITED","UNQUALIFIED","NOT_TESTED","false"
"PS-MATRIX-03237","PS-MAT-CAP_BANK","PS-MAT-LED_PACKAGE","BT","SC","M","PS-PAIR-BT-SC","","FAMILY_CLASS_INHERITED","UNQUALIFIED","NOT_TESTED","false"
"PS-MATRIX-03238","PS-MAT-CAP_BANK","PS-MAT-RF_IC","BT","SC","M","PS-PAIR-BT-SC","","FAMILY_CLASS_INHERITED","UNQUALIFIED","NOT_TESTED","false"
"PS-MATRIX-03239","PS-MAT-CAP_BANK","PS-MAT-LFP_MODULE","BT","BT","M","PS-PAIR-BT-BT","","FAMILY_CLASS_INHERITED","UNQUALIFIED","NOT_TESTED","false"
"PS-MATRIX-03240","PS-MAT-CAP_BANK","PS-MAT-LIION_MODULE","BT","BT","M","PS-PAIR-BT-BT","","FAMILY_CLASS_INHERITED","UNQUALIFIED","NOT_TESTED","false"
"PS-MATRIX-03241","PS-MAT-CAP_BANK","PS-MAT-CAP_BANK","BT","BT","M","PS-PAIR-BT-BT","","FAMILY_CLASS_INHERITED","UNQUALIFIED","NOT_TESTED","false"
"PS-MATRIX-03242","PS-MAT-CAP_BANK","PS-MAT-ALGINATE","BT","BV","M","PS-PAIR-BT-BV","","FAMILY_CLASS_INHERITED","UNQUALIFIED","NOT_TESTED","false"
"PS-MATRIX-03243","PS-MAT-CAP_BANK","PS-MAT-GELATIN","BT","BV","M","PS-PAIR-BT-BV","","FAMILY_CLASS_INHERITED","UNQUALIFIED","NOT_TESTED","false"
"PS-MATRIX-03244","PS-MAT-CAP_BANK","PS-MAT-COLLAGEN","BT","BV","M","PS-PAIR-BT-BV","","FAMILY_CLASS_INHERITED","UNQUALIFIED","NOT_TESTED","false"
"PS-MATRIX-03245","PS-MAT-CAP_BANK","PS-MAT-CELL_INK","BT","BV","M","PS-PAIR-BT-BV","","FAMILY_CLASS_INHERITED","UNQUALIFIED","NOT_TESTED","false"
"PS-MATRIX-03246","PS-MAT-ALGINATE","PS-MAT-CU_OFHC","BV","MT","R","PS-PAIR-BV-MT","","FAMILY_CLASS_INHERITED","UNQUALIFIED","NOT_TESTED","false"
"PS-MATRIX-03247","PS-MAT-ALGINATE","PS-MAT-AL_6061","BV","MT","R","PS-PAIR-BV-MT","","FAMILY_CLASS_INHERITED","UNQUALIFIED","NOT_TESTED","false"
"PS-MATRIX-03248","PS-MAT-ALGINATE","PS-MAT-SS_316L","BV","MT","R","PS-PAIR-BV-MT","","FAMILY_CLASS_INHERITED","UNQUALIFIED","NOT_TESTED","false"
"PS-MATRIX-03249","PS-MAT-ALGINATE","PS-MAT-TI_64","BV","MT","R","PS-PAIR-BV-MT","","FAMILY_CLASS_INHERITED","UNQUALIFIED","NOT_TESTED","false"
"PS-MATRIX-03250","PS-MAT-ALGINATE","PS-MAT-NI_ALLOY","BV","MT","R","PS-PAIR-BV-MT","","FAMILY_CLASS_INHERITED","UNQUALIFIED","NOT_TESTED","false"
"PS-MATRIX-03251","PS-MAT-ALGINATE","PS-MAT-AG_METAL","BV","MT","R","PS-PAIR-BV-MT","","FAMILY_CLASS_INHERITED","UNQUALIFIED","NOT_TESTED","false"
"PS-MATRIX-03252","PS-MAT-ALGINATE","PS-MAT-ALUMINA","BV","CR","R","PS-PAIR-BV-CR","","FAMILY_CLASS_INHERITED","UNQUALIFIED","NOT_TESTED","false"
"PS-MATRIX-03253","PS-MAT-ALGINATE","PS-MAT-SILICA","BV","CR","R","PS-PAIR-BV-CR","","FAMILY_CLASS_INHERITED","UNQUALIFIED","NOT_TESTED","false"
"PS-MATRIX-03254","PS-MAT-ALGINATE","PS-MAT-ZIRCONIA","BV","CR","R","PS-PAIR-BV-CR","","FAMILY_CLASS_INHERITED","UNQUALIFIED","NOT_TESTED","false"
"PS-MATRIX-03255","PS-MAT-ALGINATE","PS-MAT-BT_CERAMIC","BV","CR","R","PS-PAIR-BV-CR","","FAMILY_CLASS_INHERITED","UNQUALIFIED","NOT_TESTED","false"
"PS-MATRIX-03256","PS-MAT-ALGINATE","PS-MAT-BN_CERAMIC","BV","CR","R","PS-PAIR-BV-CR","","FAMILY_CLASS_INHERITED","UNQUALIFIED","NOT_TESTED","false"
"PS-MATRIX-03257","PS-MAT-ALGINATE","PS-MAT-PLA","BV","TP","T","PS-PAIR-BV-TP","","FAMILY_CLASS_INHERITED","UNQUALIFIED","NOT_TESTED","false"
"PS-MATRIX-03258","PS-MAT-ALGINATE","PS-MAT-PETG","BV","TP","T","PS-PAIR-BV-TP","","FAMILY_CLASS_INHERITED","UNQUALIFIED","NOT_TESTED","false"
"PS-MATRIX-03259","PS-MAT-ALGINATE","PS-MAT-ABS","BV","TP","T","PS-PAIR-BV-TP","","FAMILY_CLASS_INHERITED","UNQUALIFIED","NOT_TESTED","false"
"PS-MATRIX-03260","PS-MAT-ALGINATE","PS-MAT-PA12","BV","TP","T","PS-PAIR-BV-TP","","FAMILY_CLASS_INHERITED","UNQUALIFIED","NOT_TESTED","false"
"PS-MATRIX-03261","PS-MAT-ALGINATE","PS-MAT-PEEK","BV","TP","T","PS-PAIR-BV-TP","","FAMILY_CLASS_INHERITED","UNQUALIFIED","NOT_TESTED","false"
"PS-MATRIX-03262","PS-MAT-ALGINATE","PS-MAT-PP","BV","TP","T","PS-PAIR-BV-TP","","FAMILY_CLASS_INHERITED","UNQUALIFIED","NOT_TESTED","false"
"PS-MATRIX-03263","PS-MAT-ALGINATE","PS-MAT-ACRYLATE","BV","RS","T","PS-PAIR-BV-RS","","FAMILY_CLASS_INHERITED","UNQUALIFIED","NOT_TESTED","false"
"PS-MATRIX-03264","PS-MAT-ALGINATE","PS-MAT-EPOXY","BV","RS","T","PS-PAIR-BV-RS","","FAMILY_CLASS_INHERITED","UNQUALIFIED","NOT_TESTED","false"
"PS-MATRIX-03265","PS-MAT-ALGINATE","PS-MAT-SILICONE_RESIN","BV","RS","T","PS-PAIR-BV-RS","","FAMILY_CLASS_INHERITED","UNQUALIFIED","NOT_TESTED","false"
"PS-MATRIX-03266","PS-MAT-ALGINATE","PS-MAT-TPU","BV","EL","T","PS-PAIR-BV-EL","","FAMILY_CLASS_INHERITED","UNQUALIFIED","NOT_TESTED","false"
"PS-MATRIX-03267","PS-MAT-ALGINATE","PS-MAT-PDMS","BV","EL","T","PS-PAIR-BV-EL","PS-MR-027-AB","ROUTE_SEED_ONLY","UNQUALIFIED","NOT_TESTED","false"
"PS-MATRIX-03268","PS-MAT-ALGINATE","PS-MAT-SILICONE_E","BV","EL","T","PS-PAIR-BV-EL","","FAMILY_CLASS_INHERITED","UNQUALIFIED","NOT_TESTED","false"
"PS-MATRIX-03269","PS-MAT-ALGINATE","PS-MAT-HYDROGEL_E","BV","EL","T","PS-PAIR-BV-EL","PS-MR-036-BA","ROUTE_SEED_ONLY","UNQUALIFIED","NOT_TESTED","false"
"PS-MATRIX-03270","PS-MAT-ALGINATE","PS-MAT-AG_INK","BV","CI","T","PS-PAIR-BV-CI","","FAMILY_CLASS_INHERITED","UNQUALIFIED","NOT_TESTED","false"
"PS-MATRIX-03271","PS-MAT-ALGINATE","PS-MAT-CU_INK","BV","CI","T","PS-PAIR-BV-CI","","FAMILY_CLASS_INHERITED","UNQUALIFIED","NOT_TESTED","false"
"PS-MATRIX-03272","PS-MAT-ALGINATE","PS-MAT-CARBON_INK","BV","CI","T","PS-PAIR-BV-CI","","FAMILY_CLASS_INHERITED","UNQUALIFIED","NOT_TESTED","false"
"PS-MATRIX-03273","PS-MAT-ALGINATE","PS-MAT-GRAPHENE_INK","BV","CI","T","PS-PAIR-BV-CI","","FAMILY_CLASS_INHERITED","UNQUALIFIED","NOT_TESTED","false"
"PS-MATRIX-03274","PS-MAT-ALGINATE","PS-MAT-PEDOT_PSS","BV","CI","T","PS-PAIR-BV-CI","","FAMILY_CLASS_INHERITED","UNQUALIFIED","NOT_TESTED","false"
"PS-MATRIX-03275","PS-MAT-ALGINATE","PS-MAT-DIEL_UV","BV","DE","T","PS-PAIR-BV-DE","","FAMILY_CLASS_INHERITED","UNQUALIFIED","NOT_TESTED","false"
"PS-MATRIX-03276","PS-MAT-ALGINATE","PS-MAT-DIEL_EPOXY","BV","DE","T","PS-PAIR-BV-DE","","FAMILY_CLASS_INHERITED","UNQUALIFIED","NOT_TESTED","false"
"PS-MATRIX-03277","PS-MAT-ALGINATE","PS-MAT-POLYIMIDE","BV","DE","T","PS-PAIR-BV-DE","","FAMILY_CLASS_INHERITED","UNQUALIFIED","NOT_TESTED","false"
"PS-MATRIX-03278","PS-MAT-ALGINATE","PS-MAT-PARylene","BV","DE","T","PS-PAIR-BV-DE","","FAMILY_CLASS_INHERITED","UNQUALIFIED","NOT_TESTED","false"
"PS-MATRIX-03279","PS-MAT-ALGINATE","PS-MAT-FERRITE_PASTE","BV","MG","T","PS-PAIR-BV-MG","","FAMILY_CLASS_INHERITED","UNQUALIFIED","NOT_TESTED","false"
"PS-MATRIX-03280","PS-MAT-ALGINATE","PS-MAT-NDFEB_BONDED","BV","MG","T","PS-PAIR-BV-MG","","FAMILY_CLASS_INHERITED","UNQUALIFIED","NOT_TESTED","false"
"PS-MATRIX-03281","PS-MAT-ALGINATE","PS-MAT-IRON_COMPOSITE","BV","MG","T","PS-PAIR-BV-MG","","FAMILY_CLASS_INHERITED","UNQUALIFIED","NOT_TESTED","false"
"PS-MATRIX-03282","PS-MAT-ALGINATE","PS-MAT-OPTICAL_RESIN","BV","OP","T","PS-PAIR-BV-OP","","FAMILY_CLASS_INHERITED","UNQUALIFIED","NOT_TESTED","false"
"PS-MATRIX-03283","PS-MAT-ALGINATE","PS-MAT-PMMA","BV","OP","T","PS-PAIR-BV-OP","","FAMILY_CLASS_INHERITED","UNQUALIFIED","NOT_TESTED","false"
"PS-MATRIX-03284","PS-MAT-ALGINATE","PS-MAT-FUSED_SILICA","BV","OP","T","PS-PAIR-BV-OP","","FAMILY_CLASS_INHERITED","UNQUALIFIED","NOT_TESTED","false"
"PS-MATRIX-03285","PS-MAT-ALGINATE","PS-MAT-PHOSPHOR_FILM","BV","OP","T","PS-PAIR-BV-OP","","FAMILY_CLASS_INHERITED","UNQUALIFIED","NOT_TESTED","false"
"PS-MATRIX-03286","PS-MAT-ALGINATE","PS-MAT-PVA_SUPPORT","BV","FL","T","PS-PAIR-BV-FL","","FAMILY_CLASS_INHERITED","UNQUALIFIED","NOT_TESTED","false"
"PS-MATRIX-03287","PS-MAT-ALGINATE","PS-MAT-WAX_SUPPORT","BV","FL","T","PS-PAIR-BV-FL","","FAMILY_CLASS_INHERITED","UNQUALIFIED","NOT_TESTED","false"
"PS-MATRIX-03288","PS-MAT-ALGINATE","PS-MAT-MICROGEL","BV","FL","T","PS-PAIR-BV-FL","","FAMILY_CLASS_INHERITED","UNQUALIFIED","NOT_TESTED","false"
"PS-MATRIX-03289","PS-MAT-ALGINATE","PS-MAT-GAS_CAVITY","BV","FL","T","PS-PAIR-BV-FL","","FAMILY_CLASS_INHERITED","UNQUALIFIED","NOT_TESTED","false"
"PS-MATRIX-03290","PS-MAT-ALGINATE","PS-MAT-GRAPHITE_ANODE","BV","EC","T","PS-PAIR-BV-EC","","FAMILY_CLASS_INHERITED","UNQUALIFIED","NOT_TESTED","false"
"PS-MATRIX-03291","PS-MAT-ALGINATE","PS-MAT-LFP_CATHODE","BV","EC","T","PS-PAIR-BV-EC","","FAMILY_CLASS_INHERITED","UNQUALIFIED","NOT_TESTED","false"
"PS-MATRIX-03292","PS-MAT-ALGINATE","PS-MAT-GEL_ELECTROLYTE","BV","EC","T","PS-PAIR-BV-EC","","FAMILY_CLASS_INHERITED","UNQUALIFIED","NOT_TESTED","false"
"PS-MATRIX-03293","PS-MAT-ALGINATE","PS-MAT-CARBON_SUPERCAP","BV","EC","T","PS-PAIR-BV-EC","","FAMILY_CLASS_INHERITED","UNQUALIFIED","NOT_TESTED","false"
"PS-MATRIX-03294","PS-MAT-ALGINATE","PS-MAT-SILICON_DIE","BV","SC","M","PS-PAIR-BV-SC","","FAMILY_CLASS_INHERITED","UNQUALIFIED","NOT_TESTED","false"
"PS-MATRIX-03295","PS-MAT-ALGINATE","PS-MAT-CAMERA_MODULE","BV","SC","M","PS-PAIR-BV-SC","","FAMILY_CLASS_INHERITED","UNQUALIFIED","NOT_TESTED","false"
"PS-MATRIX-03296","PS-MAT-ALGINATE","PS-MAT-LED_PACKAGE","BV","SC","M","PS-PAIR-BV-SC","","FAMILY_CLASS_INHERITED","UNQUALIFIED","NOT_TESTED","false"
"PS-MATRIX-03297","PS-MAT-ALGINATE","PS-MAT-RF_IC","BV","SC","M","PS-PAIR-BV-SC","","FAMILY_CLASS_INHERITED","UNQUALIFIED","NOT_TESTED","false"
"PS-MATRIX-03298","PS-MAT-ALGINATE","PS-MAT-LFP_MODULE","BV","BT","M","PS-PAIR-BV-BT","","FAMILY_CLASS_INHERITED","UNQUALIFIED","NOT_TESTED","false"
"PS-MATRIX-03299","PS-MAT-ALGINATE","PS-MAT-LIION_MODULE","BV","BT","M","PS-PAIR-BV-BT","","FAMILY_CLASS_INHERITED","UNQUALIFIED","NOT_TESTED","false"
"PS-MATRIX-03300","PS-MAT-ALGINATE","PS-MAT-CAP_BANK","BV","BT","M","PS-PAIR-BV-BT","","FAMILY_CLASS_INHERITED","UNQUALIFIED","NOT_TESTED","false"
"PS-MATRIX-03301","PS-MAT-ALGINATE","PS-MAT-ALGINATE","BV","BV","P","PS-PAIR-BV-BV","","FAMILY_CLASS_INHERITED","UNQUALIFIED","NOT_TESTED","false"
"PS-MATRIX-03302","PS-MAT-ALGINATE","PS-MAT-GELATIN","BV","BV","P","PS-PAIR-BV-BV","","FAMILY_CLASS_INHERITED","UNQUALIFIED","NOT_TESTED","false"
"PS-MATRIX-03303","PS-MAT-ALGINATE","PS-MAT-COLLAGEN","BV","BV","P","PS-PAIR-BV-BV","","FAMILY_CLASS_INHERITED","UNQUALIFIED","NOT_TESTED","false"
"PS-MATRIX-03304","PS-MAT-ALGINATE","PS-MAT-CELL_INK","BV","BV","P","PS-PAIR-BV-BV","","FAMILY_CLASS_INHERITED","UNQUALIFIED","NOT_TESTED","false"
"PS-MATRIX-03305","PS-MAT-GELATIN","PS-MAT-CU_OFHC","BV","MT","R","PS-PAIR-BV-MT","","FAMILY_CLASS_INHERITED","UNQUALIFIED","NOT_TESTED","false"
"PS-MATRIX-03306","PS-MAT-GELATIN","PS-MAT-AL_6061","BV","MT","R","PS-PAIR-BV-MT","","FAMILY_CLASS_INHERITED","UNQUALIFIED","NOT_TESTED","false"
"PS-MATRIX-03307","PS-MAT-GELATIN","PS-MAT-SS_316L","BV","MT","R","PS-PAIR-BV-MT","","FAMILY_CLASS_INHERITED","UNQUALIFIED","NOT_TESTED","false"
"PS-MATRIX-03308","PS-MAT-GELATIN","PS-MAT-TI_64","BV","MT","R","PS-PAIR-BV-MT","","FAMILY_CLASS_INHERITED","UNQUALIFIED","NOT_TESTED","false"
"PS-MATRIX-03309","PS-MAT-GELATIN","PS-MAT-NI_ALLOY","BV","MT","R","PS-PAIR-BV-MT","","FAMILY_CLASS_INHERITED","UNQUALIFIED","NOT_TESTED","false"
"PS-MATRIX-03310","PS-MAT-GELATIN","PS-MAT-AG_METAL","BV","MT","R","PS-PAIR-BV-MT","","FAMILY_CLASS_INHERITED","UNQUALIFIED","NOT_TESTED","false"
"PS-MATRIX-03311","PS-MAT-GELATIN","PS-MAT-ALUMINA","BV","CR","R","PS-PAIR-BV-CR","PS-MR-028-AB","ROUTE_SEED_ONLY","UNQUALIFIED","NOT_TESTED","false"
"PS-MATRIX-03312","PS-MAT-GELATIN","PS-MAT-SILICA","BV","CR","R","PS-PAIR-BV-CR","","FAMILY_CLASS_INHERITED","UNQUALIFIED","NOT_TESTED","false"
"PS-MATRIX-03313","PS-MAT-GELATIN","PS-MAT-ZIRCONIA","BV","CR","R","PS-PAIR-BV-CR","","FAMILY_CLASS_INHERITED","UNQUALIFIED","NOT_TESTED","false"
"PS-MATRIX-03314","PS-MAT-GELATIN","PS-MAT-BT_CERAMIC","BV","CR","R","PS-PAIR-BV-CR","","FAMILY_CLASS_INHERITED","UNQUALIFIED","NOT_TESTED","false"
"PS-MATRIX-03315","PS-MAT-GELATIN","PS-MAT-BN_CERAMIC","BV","CR","R","PS-PAIR-BV-CR","","FAMILY_CLASS_INHERITED","UNQUALIFIED","NOT_TESTED","false"
"PS-MATRIX-03316","PS-MAT-GELATIN","PS-MAT-PLA","BV","TP","T","PS-PAIR-BV-TP","","FAMILY_CLASS_INHERITED","UNQUALIFIED","NOT_TESTED","false"
"PS-MATRIX-03317","PS-MAT-GELATIN","PS-MAT-PETG","BV","TP","T","PS-PAIR-BV-TP","","FAMILY_CLASS_INHERITED","UNQUALIFIED","NOT_TESTED","false"
"PS-MATRIX-03318","PS-MAT-GELATIN","PS-MAT-ABS","BV","TP","T","PS-PAIR-BV-TP","","FAMILY_CLASS_INHERITED","UNQUALIFIED","NOT_TESTED","false"
"PS-MATRIX-03319","PS-MAT-GELATIN","PS-MAT-PA12","BV","TP","T","PS-PAIR-BV-TP","","FAMILY_CLASS_INHERITED","UNQUALIFIED","NOT_TESTED","false"
"PS-MATRIX-03320","PS-MAT-GELATIN","PS-MAT-PEEK","BV","TP","T","PS-PAIR-BV-TP","","FAMILY_CLASS_INHERITED","UNQUALIFIED","NOT_TESTED","false"
"PS-MATRIX-03321","PS-MAT-GELATIN","PS-MAT-PP","BV","TP","T","PS-PAIR-BV-TP","","FAMILY_CLASS_INHERITED","UNQUALIFIED","NOT_TESTED","false"
"PS-MATRIX-03322","PS-MAT-GELATIN","PS-MAT-ACRYLATE","BV","RS","T","PS-PAIR-BV-RS","","FAMILY_CLASS_INHERITED","UNQUALIFIED","NOT_TESTED","false"
"PS-MATRIX-03323","PS-MAT-GELATIN","PS-MAT-EPOXY","BV","RS","T","PS-PAIR-BV-RS","","FAMILY_CLASS_INHERITED","UNQUALIFIED","NOT_TESTED","false"
"PS-MATRIX-03324","PS-MAT-GELATIN","PS-MAT-SILICONE_RESIN","BV","RS","T","PS-PAIR-BV-RS","","FAMILY_CLASS_INHERITED","UNQUALIFIED","NOT_TESTED","false"
"PS-MATRIX-03325","PS-MAT-GELATIN","PS-MAT-TPU","BV","EL","T","PS-PAIR-BV-EL","","FAMILY_CLASS_INHERITED","UNQUALIFIED","NOT_TESTED","false"
"PS-MATRIX-03326","PS-MAT-GELATIN","PS-MAT-PDMS","BV","EL","T","PS-PAIR-BV-EL","","FAMILY_CLASS_INHERITED","UNQUALIFIED","NOT_TESTED","false"
"PS-MATRIX-03327","PS-MAT-GELATIN","PS-MAT-SILICONE_E","BV","EL","T","PS-PAIR-BV-EL","","FAMILY_CLASS_INHERITED","UNQUALIFIED","NOT_TESTED","false"
"PS-MATRIX-03328","PS-MAT-GELATIN","PS-MAT-HYDROGEL_E","BV","EL","T","PS-PAIR-BV-EL","","FAMILY_CLASS_INHERITED","UNQUALIFIED","NOT_TESTED","false"
"PS-MATRIX-03329","PS-MAT-GELATIN","PS-MAT-AG_INK","BV","CI","T","PS-PAIR-BV-CI","","FAMILY_CLASS_INHERITED","UNQUALIFIED","NOT_TESTED","false"
"PS-MATRIX-03330","PS-MAT-GELATIN","PS-MAT-CU_INK","BV","CI","T","PS-PAIR-BV-CI","","FAMILY_CLASS_INHERITED","UNQUALIFIED","NOT_TESTED","false"
"PS-MATRIX-03331","PS-MAT-GELATIN","PS-MAT-CARBON_INK","BV","CI","T","PS-PAIR-BV-CI","","FAMILY_CLASS_INHERITED","UNQUALIFIED","NOT_TESTED","false"
"PS-MATRIX-03332","PS-MAT-GELATIN","PS-MAT-GRAPHENE_INK","BV","CI","T","PS-PAIR-BV-CI","","FAMILY_CLASS_INHERITED","UNQUALIFIED","NOT_TESTED","false"
"PS-MATRIX-03333","PS-MAT-GELATIN","PS-MAT-PEDOT_PSS","BV","CI","T","PS-PAIR-BV-CI","","FAMILY_CLASS_INHERITED","UNQUALIFIED","NOT_TESTED","false"
"PS-MATRIX-03334","PS-MAT-GELATIN","PS-MAT-DIEL_UV","BV","DE","T","PS-PAIR-BV-DE","","FAMILY_CLASS_INHERITED","UNQUALIFIED","NOT_TESTED","false"
"PS-MATRIX-03335","PS-MAT-GELATIN","PS-MAT-DIEL_EPOXY","BV","DE","T","PS-PAIR-BV-DE","","FAMILY_CLASS_INHERITED","UNQUALIFIED","NOT_TESTED","false"
"PS-MATRIX-03336","PS-MAT-GELATIN","PS-MAT-POLYIMIDE","BV","DE","T","PS-PAIR-BV-DE","","FAMILY_CLASS_INHERITED","UNQUALIFIED","NOT_TESTED","false"
"PS-MATRIX-03337","PS-MAT-GELATIN","PS-MAT-PARylene","BV","DE","T","PS-PAIR-BV-DE","","FAMILY_CLASS_INHERITED","UNQUALIFIED","NOT_TESTED","false"
"PS-MATRIX-03338","PS-MAT-GELATIN","PS-MAT-FERRITE_PASTE","BV","MG","T","PS-PAIR-BV-MG","","FAMILY_CLASS_INHERITED","UNQUALIFIED","NOT_TESTED","false"
"PS-MATRIX-03339","PS-MAT-GELATIN","PS-MAT-NDFEB_BONDED","BV","MG","T","PS-PAIR-BV-MG","","FAMILY_CLASS_INHERITED","UNQUALIFIED","NOT_TESTED","false"
"PS-MATRIX-03340","PS-MAT-GELATIN","PS-MAT-IRON_COMPOSITE","BV","MG","T","PS-PAIR-BV-MG","","FAMILY_CLASS_INHERITED","UNQUALIFIED","NOT_TESTED","false"
"PS-MATRIX-03341","PS-MAT-GELATIN","PS-MAT-OPTICAL_RESIN","BV","OP","T","PS-PAIR-BV-OP","","FAMILY_CLASS_INHERITED","UNQUALIFIED","NOT_TESTED","false"
"PS-MATRIX-03342","PS-MAT-GELATIN","PS-MAT-PMMA","BV","OP","T","PS-PAIR-BV-OP","","FAMILY_CLASS_INHERITED","UNQUALIFIED","NOT_TESTED","false"
"PS-MATRIX-03343","PS-MAT-GELATIN","PS-MAT-FUSED_SILICA","BV","OP","T","PS-PAIR-BV-OP","","FAMILY_CLASS_INHERITED","UNQUALIFIED","NOT_TESTED","false"
"PS-MATRIX-03344","PS-MAT-GELATIN","PS-MAT-PHOSPHOR_FILM","BV","OP","T","PS-PAIR-BV-OP","","FAMILY_CLASS_INHERITED","UNQUALIFIED","NOT_TESTED","false"
"PS-MATRIX-03345","PS-MAT-GELATIN","PS-MAT-PVA_SUPPORT","BV","FL","T","PS-PAIR-BV-FL","","FAMILY_CLASS_INHERITED","UNQUALIFIED","NOT_TESTED","false"
"PS-MATRIX-03346","PS-MAT-GELATIN","PS-MAT-WAX_SUPPORT","BV","FL","T","PS-PAIR-BV-FL","","FAMILY_CLASS_INHERITED","UNQUALIFIED","NOT_TESTED","false"
"PS-MATRIX-03347","PS-MAT-GELATIN","PS-MAT-MICROGEL","BV","FL","T","PS-PAIR-BV-FL","","FAMILY_CLASS_INHERITED","UNQUALIFIED","NOT_TESTED","false"
"PS-MATRIX-03348","PS-MAT-GELATIN","PS-MAT-GAS_CAVITY","BV","FL","T","PS-PAIR-BV-FL","","FAMILY_CLASS_INHERITED","UNQUALIFIED","NOT_TESTED","false"
"PS-MATRIX-03349","PS-MAT-GELATIN","PS-MAT-GRAPHITE_ANODE","BV","EC","T","PS-PAIR-BV-EC","","FAMILY_CLASS_INHERITED","UNQUALIFIED","NOT_TESTED","false"
"PS-MATRIX-03350","PS-MAT-GELATIN","PS-MAT-LFP_CATHODE","BV","EC","T","PS-PAIR-BV-EC","","FAMILY_CLASS_INHERITED","UNQUALIFIED","NOT_TESTED","false"
"PS-MATRIX-03351","PS-MAT-GELATIN","PS-MAT-GEL_ELECTROLYTE","BV","EC","T","PS-PAIR-BV-EC","","FAMILY_CLASS_INHERITED","UNQUALIFIED","NOT_TESTED","false"
"PS-MATRIX-03352","PS-MAT-GELATIN","PS-MAT-CARBON_SUPERCAP","BV","EC","T","PS-PAIR-BV-EC","","FAMILY_CLASS_INHERITED","UNQUALIFIED","NOT_TESTED","false"
"PS-MATRIX-03353","PS-MAT-GELATIN","PS-MAT-SILICON_DIE","BV","SC","M","PS-PAIR-BV-SC","","FAMILY_CLASS_INHERITED","UNQUALIFIED","NOT_TESTED","false"
"PS-MATRIX-03354","PS-MAT-GELATIN","PS-MAT-CAMERA_MODULE","BV","SC","M","PS-PAIR-BV-SC","","FAMILY_CLASS_INHERITED","UNQUALIFIED","NOT_TESTED","false"
"PS-MATRIX-03355","PS-MAT-GELATIN","PS-MAT-LED_PACKAGE","BV","SC","M","PS-PAIR-BV-SC","","FAMILY_CLASS_INHERITED","UNQUALIFIED","NOT_TESTED","false"
"PS-MATRIX-03356","PS-MAT-GELATIN","PS-MAT-RF_IC","BV","SC","M","PS-PAIR-BV-SC","","FAMILY_CLASS_INHERITED","UNQUALIFIED","NOT_TESTED","false"
"PS-MATRIX-03357","PS-MAT-GELATIN","PS-MAT-LFP_MODULE","BV","BT","M","PS-PAIR-BV-BT","","FAMILY_CLASS_INHERITED","UNQUALIFIED","NOT_TESTED","false"
"PS-MATRIX-03358","PS-MAT-GELATIN","PS-MAT-LIION_MODULE","BV","BT","M","PS-PAIR-BV-BT","","FAMILY_CLASS_INHERITED","UNQUALIFIED","NOT_TESTED","false"
"PS-MATRIX-03359","PS-MAT-GELATIN","PS-MAT-CAP_BANK","BV","BT","M","PS-PAIR-BV-BT","","FAMILY_CLASS_INHERITED","UNQUALIFIED","NOT_TESTED","false"
"PS-MATRIX-03360","PS-MAT-GELATIN","PS-MAT-ALGINATE","BV","BV","P","PS-PAIR-BV-BV","","FAMILY_CLASS_INHERITED","UNQUALIFIED","NOT_TESTED","false"
"PS-MATRIX-03361","PS-MAT-GELATIN","PS-MAT-GELATIN","BV","BV","P","PS-PAIR-BV-BV","","FAMILY_CLASS_INHERITED","UNQUALIFIED","NOT_TESTED","false"
"PS-MATRIX-03362","PS-MAT-GELATIN","PS-MAT-COLLAGEN","BV","BV","P","PS-PAIR-BV-BV","","FAMILY_CLASS_INHERITED","UNQUALIFIED","NOT_TESTED","false"
"PS-MATRIX-03363","PS-MAT-GELATIN","PS-MAT-CELL_INK","BV","BV","P","PS-PAIR-BV-BV","","FAMILY_CLASS_INHERITED","UNQUALIFIED","NOT_TESTED","false"
"PS-MATRIX-03364","PS-MAT-COLLAGEN","PS-MAT-CU_OFHC","BV","MT","R","PS-PAIR-BV-MT","","FAMILY_CLASS_INHERITED","UNQUALIFIED","NOT_TESTED","false"
"PS-MATRIX-03365","PS-MAT-COLLAGEN","PS-MAT-AL_6061","BV","MT","R","PS-PAIR-BV-MT","","FAMILY_CLASS_INHERITED","UNQUALIFIED","NOT_TESTED","false"
"PS-MATRIX-03366","PS-MAT-COLLAGEN","PS-MAT-SS_316L","BV","MT","R","PS-PAIR-BV-MT","","FAMILY_CLASS_INHERITED","UNQUALIFIED","NOT_TESTED","false"
"PS-MATRIX-03367","PS-MAT-COLLAGEN","PS-MAT-TI_64","BV","MT","R","PS-PAIR-BV-MT","","FAMILY_CLASS_INHERITED","UNQUALIFIED","NOT_TESTED","false"
"PS-MATRIX-03368","PS-MAT-COLLAGEN","PS-MAT-NI_ALLOY","BV","MT","R","PS-PAIR-BV-MT","","FAMILY_CLASS_INHERITED","UNQUALIFIED","NOT_TESTED","false"
"PS-MATRIX-03369","PS-MAT-COLLAGEN","PS-MAT-AG_METAL","BV","MT","R","PS-PAIR-BV-MT","","FAMILY_CLASS_INHERITED","UNQUALIFIED","NOT_TESTED","false"
"PS-MATRIX-03370","PS-MAT-COLLAGEN","PS-MAT-ALUMINA","BV","CR","R","PS-PAIR-BV-CR","","FAMILY_CLASS_INHERITED","UNQUALIFIED","NOT_TESTED","false"
"PS-MATRIX-03371","PS-MAT-COLLAGEN","PS-MAT-SILICA","BV","CR","R","PS-PAIR-BV-CR","","FAMILY_CLASS_INHERITED","UNQUALIFIED","NOT_TESTED","false"
"PS-MATRIX-03372","PS-MAT-COLLAGEN","PS-MAT-ZIRCONIA","BV","CR","R","PS-PAIR-BV-CR","","FAMILY_CLASS_INHERITED","UNQUALIFIED","NOT_TESTED","false"
"PS-MATRIX-03373","PS-MAT-COLLAGEN","PS-MAT-BT_CERAMIC","BV","CR","R","PS-PAIR-BV-CR","","FAMILY_CLASS_INHERITED","UNQUALIFIED","NOT_TESTED","false"
"PS-MATRIX-03374","PS-MAT-COLLAGEN","PS-MAT-BN_CERAMIC","BV","CR","R","PS-PAIR-BV-CR","","FAMILY_CLASS_INHERITED","UNQUALIFIED","NOT_TESTED","false"
"PS-MATRIX-03375","PS-MAT-COLLAGEN","PS-MAT-PLA","BV","TP","T","PS-PAIR-BV-TP","","FAMILY_CLASS_INHERITED","UNQUALIFIED","NOT_TESTED","false"
"PS-MATRIX-03376","PS-MAT-COLLAGEN","PS-MAT-PETG","BV","TP","T","PS-PAIR-BV-TP","","FAMILY_CLASS_INHERITED","UNQUALIFIED","NOT_TESTED","false"
"PS-MATRIX-03377","PS-MAT-COLLAGEN","PS-MAT-ABS","BV","TP","T","PS-PAIR-BV-TP","","FAMILY_CLASS_INHERITED","UNQUALIFIED","NOT_TESTED","false"
"PS-MATRIX-03378","PS-MAT-COLLAGEN","PS-MAT-PA12","BV","TP","T","PS-PAIR-BV-TP","","FAMILY_CLASS_INHERITED","UNQUALIFIED","NOT_TESTED","false"
"PS-MATRIX-03379","PS-MAT-COLLAGEN","PS-MAT-PEEK","BV","TP","T","PS-PAIR-BV-TP","","FAMILY_CLASS_INHERITED","UNQUALIFIED","NOT_TESTED","false"
"PS-MATRIX-03380","PS-MAT-COLLAGEN","PS-MAT-PP","BV","TP","T","PS-PAIR-BV-TP","","FAMILY_CLASS_INHERITED","UNQUALIFIED","NOT_TESTED","false"
"PS-MATRIX-03381","PS-MAT-COLLAGEN","PS-MAT-ACRYLATE","BV","RS","T","PS-PAIR-BV-RS","","FAMILY_CLASS_INHERITED","UNQUALIFIED","NOT_TESTED","false"
"PS-MATRIX-03382","PS-MAT-COLLAGEN","PS-MAT-EPOXY","BV","RS","T","PS-PAIR-BV-RS","","FAMILY_CLASS_INHERITED","UNQUALIFIED","NOT_TESTED","false"
"PS-MATRIX-03383","PS-MAT-COLLAGEN","PS-MAT-SILICONE_RESIN","BV","RS","T","PS-PAIR-BV-RS","","FAMILY_CLASS_INHERITED","UNQUALIFIED","NOT_TESTED","false"
"PS-MATRIX-03384","PS-MAT-COLLAGEN","PS-MAT-TPU","BV","EL","T","PS-PAIR-BV-EL","","FAMILY_CLASS_INHERITED","UNQUALIFIED","NOT_TESTED","false"
"PS-MATRIX-03385","PS-MAT-COLLAGEN","PS-MAT-PDMS","BV","EL","T","PS-PAIR-BV-EL","","FAMILY_CLASS_INHERITED","UNQUALIFIED","NOT_TESTED","false"
"PS-MATRIX-03386","PS-MAT-COLLAGEN","PS-MAT-SILICONE_E","BV","EL","T","PS-PAIR-BV-EL","","FAMILY_CLASS_INHERITED","UNQUALIFIED","NOT_TESTED","false"
"PS-MATRIX-03387","PS-MAT-COLLAGEN","PS-MAT-HYDROGEL_E","BV","EL","T","PS-PAIR-BV-EL","","FAMILY_CLASS_INHERITED","UNQUALIFIED","NOT_TESTED","false"
"PS-MATRIX-03388","PS-MAT-COLLAGEN","PS-MAT-AG_INK","BV","CI","T","PS-PAIR-BV-CI","","FAMILY_CLASS_INHERITED","UNQUALIFIED","NOT_TESTED","false"
"PS-MATRIX-03389","PS-MAT-COLLAGEN","PS-MAT-CU_INK","BV","CI","T","PS-PAIR-BV-CI","","FAMILY_CLASS_INHERITED","UNQUALIFIED","NOT_TESTED","false"
"PS-MATRIX-03390","PS-MAT-COLLAGEN","PS-MAT-CARBON_INK","BV","CI","T","PS-PAIR-BV-CI","","FAMILY_CLASS_INHERITED","UNQUALIFIED","NOT_TESTED","false"
"PS-MATRIX-03391","PS-MAT-COLLAGEN","PS-MAT-GRAPHENE_INK","BV","CI","T","PS-PAIR-BV-CI","","FAMILY_CLASS_INHERITED","UNQUALIFIED","NOT_TESTED","false"
"PS-MATRIX-03392","PS-MAT-COLLAGEN","PS-MAT-PEDOT_PSS","BV","CI","T","PS-PAIR-BV-CI","","FAMILY_CLASS_INHERITED","UNQUALIFIED","NOT_TESTED","false"
"PS-MATRIX-03393","PS-MAT-COLLAGEN","PS-MAT-DIEL_UV","BV","DE","T","PS-PAIR-BV-DE","","FAMILY_CLASS_INHERITED","UNQUALIFIED","NOT_TESTED","false"
"PS-MATRIX-03394","PS-MAT-COLLAGEN","PS-MAT-DIEL_EPOXY","BV","DE","T","PS-PAIR-BV-DE","","FAMILY_CLASS_INHERITED","UNQUALIFIED","NOT_TESTED","false"
"PS-MATRIX-03395","PS-MAT-COLLAGEN","PS-MAT-POLYIMIDE","BV","DE","T","PS-PAIR-BV-DE","","FAMILY_CLASS_INHERITED","UNQUALIFIED","NOT_TESTED","false"
"PS-MATRIX-03396","PS-MAT-COLLAGEN","PS-MAT-PARylene","BV","DE","T","PS-PAIR-BV-DE","","FAMILY_CLASS_INHERITED","UNQUALIFIED","NOT_TESTED","false"
"PS-MATRIX-03397","PS-MAT-COLLAGEN","PS-MAT-FERRITE_PASTE","BV","MG","T","PS-PAIR-BV-MG","","FAMILY_CLASS_INHERITED","UNQUALIFIED","NOT_TESTED","false"
"PS-MATRIX-03398","PS-MAT-COLLAGEN","PS-MAT-NDFEB_BONDED","BV","MG","T","PS-PAIR-BV-MG","","FAMILY_CLASS_INHERITED","UNQUALIFIED","NOT_TESTED","false"
"PS-MATRIX-03399","PS-MAT-COLLAGEN","PS-MAT-IRON_COMPOSITE","BV","MG","T","PS-PAIR-BV-MG","","FAMILY_CLASS_INHERITED","UNQUALIFIED","NOT_TESTED","false"
"PS-MATRIX-03400","PS-MAT-COLLAGEN","PS-MAT-OPTICAL_RESIN","BV","OP","T","PS-PAIR-BV-OP","","FAMILY_CLASS_INHERITED","UNQUALIFIED","NOT_TESTED","false"
"PS-MATRIX-03401","PS-MAT-COLLAGEN","PS-MAT-PMMA","BV","OP","T","PS-PAIR-BV-OP","","FAMILY_CLASS_INHERITED","UNQUALIFIED","NOT_TESTED","false"
"PS-MATRIX-03402","PS-MAT-COLLAGEN","PS-MAT-FUSED_SILICA","BV","OP","T","PS-PAIR-BV-OP","","FAMILY_CLASS_INHERITED","UNQUALIFIED","NOT_TESTED","false"
"PS-MATRIX-03403","PS-MAT-COLLAGEN","PS-MAT-PHOSPHOR_FILM","BV","OP","T","PS-PAIR-BV-OP","","FAMILY_CLASS_INHERITED","UNQUALIFIED","NOT_TESTED","false"
"PS-MATRIX-03404","PS-MAT-COLLAGEN","PS-MAT-PVA_SUPPORT","BV","FL","T","PS-PAIR-BV-FL","","FAMILY_CLASS_INHERITED","UNQUALIFIED","NOT_TESTED","false"
"PS-MATRIX-03405","PS-MAT-COLLAGEN","PS-MAT-WAX_SUPPORT","BV","FL","T","PS-PAIR-BV-FL","","FAMILY_CLASS_INHERITED","UNQUALIFIED","NOT_TESTED","false"
"PS-MATRIX-03406","PS-MAT-COLLAGEN","PS-MAT-MICROGEL","BV","FL","T","PS-PAIR-BV-FL","","FAMILY_CLASS_INHERITED","UNQUALIFIED","NOT_TESTED","false"
"PS-MATRIX-03407","PS-MAT-COLLAGEN","PS-MAT-GAS_CAVITY","BV","FL","T","PS-PAIR-BV-FL","","FAMILY_CLASS_INHERITED","UNQUALIFIED","NOT_TESTED","false"
"PS-MATRIX-03408","PS-MAT-COLLAGEN","PS-MAT-GRAPHITE_ANODE","BV","EC","T","PS-PAIR-BV-EC","","FAMILY_CLASS_INHERITED","UNQUALIFIED","NOT_TESTED","false"
"PS-MATRIX-03409","PS-MAT-COLLAGEN","PS-MAT-LFP_CATHODE","BV","EC","T","PS-PAIR-BV-EC","","FAMILY_CLASS_INHERITED","UNQUALIFIED","NOT_TESTED","false"
"PS-MATRIX-03410","PS-MAT-COLLAGEN","PS-MAT-GEL_ELECTROLYTE","BV","EC","T","PS-PAIR-BV-EC","","FAMILY_CLASS_INHERITED","UNQUALIFIED","NOT_TESTED","false"
"PS-MATRIX-03411","PS-MAT-COLLAGEN","PS-MAT-CARBON_SUPERCAP","BV","EC","T","PS-PAIR-BV-EC","","FAMILY_CLASS_INHERITED","UNQUALIFIED","NOT_TESTED","false"
"PS-MATRIX-03412","PS-MAT-COLLAGEN","PS-MAT-SILICON_DIE","BV","SC","M","PS-PAIR-BV-SC","","FAMILY_CLASS_INHERITED","UNQUALIFIED","NOT_TESTED","false"
"PS-MATRIX-03413","PS-MAT-COLLAGEN","PS-MAT-CAMERA_MODULE","BV","SC","M","PS-PAIR-BV-SC","","FAMILY_CLASS_INHERITED","UNQUALIFIED","NOT_TESTED","false"
"PS-MATRIX-03414","PS-MAT-COLLAGEN","PS-MAT-LED_PACKAGE","BV","SC","M","PS-PAIR-BV-SC","","FAMILY_CLASS_INHERITED","UNQUALIFIED","NOT_TESTED","false"
"PS-MATRIX-03415","PS-MAT-COLLAGEN","PS-MAT-RF_IC","BV","SC","M","PS-PAIR-BV-SC","","FAMILY_CLASS_INHERITED","UNQUALIFIED","NOT_TESTED","false"
"PS-MATRIX-03416","PS-MAT-COLLAGEN","PS-MAT-LFP_MODULE","BV","BT","M","PS-PAIR-BV-BT","","FAMILY_CLASS_INHERITED","UNQUALIFIED","NOT_TESTED","false"
"PS-MATRIX-03417","PS-MAT-COLLAGEN","PS-MAT-LIION_MODULE","BV","BT","M","PS-PAIR-BV-BT","","FAMILY_CLASS_INHERITED","UNQUALIFIED","NOT_TESTED","false"
"PS-MATRIX-03418","PS-MAT-COLLAGEN","PS-MAT-CAP_BANK","BV","BT","M","PS-PAIR-BV-BT","","FAMILY_CLASS_INHERITED","UNQUALIFIED","NOT_TESTED","false"
"PS-MATRIX-03419","PS-MAT-COLLAGEN","PS-MAT-ALGINATE","BV","BV","P","PS-PAIR-BV-BV","","FAMILY_CLASS_INHERITED","UNQUALIFIED","NOT_TESTED","false"
"PS-MATRIX-03420","PS-MAT-COLLAGEN","PS-MAT-GELATIN","BV","BV","P","PS-PAIR-BV-BV","","FAMILY_CLASS_INHERITED","UNQUALIFIED","NOT_TESTED","false"
"PS-MATRIX-03421","PS-MAT-COLLAGEN","PS-MAT-COLLAGEN","BV","BV","P","PS-PAIR-BV-BV","","FAMILY_CLASS_INHERITED","UNQUALIFIED","NOT_TESTED","false"
"PS-MATRIX-03422","PS-MAT-COLLAGEN","PS-MAT-CELL_INK","BV","BV","P","PS-PAIR-BV-BV","","FAMILY_CLASS_INHERITED","UNQUALIFIED","NOT_TESTED","false"
"PS-MATRIX-03423","PS-MAT-CELL_INK","PS-MAT-CU_OFHC","BV","MT","R","PS-PAIR-BV-MT","","FAMILY_CLASS_INHERITED","UNQUALIFIED","NOT_TESTED","false"
"PS-MATRIX-03424","PS-MAT-CELL_INK","PS-MAT-AL_6061","BV","MT","R","PS-PAIR-BV-MT","","FAMILY_CLASS_INHERITED","UNQUALIFIED","NOT_TESTED","false"
"PS-MATRIX-03425","PS-MAT-CELL_INK","PS-MAT-SS_316L","BV","MT","R","PS-PAIR-BV-MT","","FAMILY_CLASS_INHERITED","UNQUALIFIED","NOT_TESTED","false"
"PS-MATRIX-03426","PS-MAT-CELL_INK","PS-MAT-TI_64","BV","MT","R","PS-PAIR-BV-MT","","FAMILY_CLASS_INHERITED","UNQUALIFIED","NOT_TESTED","false"
"PS-MATRIX-03427","PS-MAT-CELL_INK","PS-MAT-NI_ALLOY","BV","MT","R","PS-PAIR-BV-MT","","FAMILY_CLASS_INHERITED","UNQUALIFIED","NOT_TESTED","false"
"PS-MATRIX-03428","PS-MAT-CELL_INK","PS-MAT-AG_METAL","BV","MT","R","PS-PAIR-BV-MT","","FAMILY_CLASS_INHERITED","UNQUALIFIED","NOT_TESTED","false"
"PS-MATRIX-03429","PS-MAT-CELL_INK","PS-MAT-ALUMINA","BV","CR","R","PS-PAIR-BV-CR","","FAMILY_CLASS_INHERITED","UNQUALIFIED","NOT_TESTED","false"
"PS-MATRIX-03430","PS-MAT-CELL_INK","PS-MAT-SILICA","BV","CR","R","PS-PAIR-BV-CR","","FAMILY_CLASS_INHERITED","UNQUALIFIED","NOT_TESTED","false"
"PS-MATRIX-03431","PS-MAT-CELL_INK","PS-MAT-ZIRCONIA","BV","CR","R","PS-PAIR-BV-CR","","FAMILY_CLASS_INHERITED","UNQUALIFIED","NOT_TESTED","false"
"PS-MATRIX-03432","PS-MAT-CELL_INK","PS-MAT-BT_CERAMIC","BV","CR","R","PS-PAIR-BV-CR","","FAMILY_CLASS_INHERITED","UNQUALIFIED","NOT_TESTED","false"
"PS-MATRIX-03433","PS-MAT-CELL_INK","PS-MAT-BN_CERAMIC","BV","CR","R","PS-PAIR-BV-CR","","FAMILY_CLASS_INHERITED","UNQUALIFIED","NOT_TESTED","false"
"PS-MATRIX-03434","PS-MAT-CELL_INK","PS-MAT-PLA","BV","TP","T","PS-PAIR-BV-TP","","FAMILY_CLASS_INHERITED","UNQUALIFIED","NOT_TESTED","false"
"PS-MATRIX-03435","PS-MAT-CELL_INK","PS-MAT-PETG","BV","TP","T","PS-PAIR-BV-TP","","FAMILY_CLASS_INHERITED","UNQUALIFIED","NOT_TESTED","false"
"PS-MATRIX-03436","PS-MAT-CELL_INK","PS-MAT-ABS","BV","TP","T","PS-PAIR-BV-TP","","FAMILY_CLASS_INHERITED","UNQUALIFIED","NOT_TESTED","false"
"PS-MATRIX-03437","PS-MAT-CELL_INK","PS-MAT-PA12","BV","TP","T","PS-PAIR-BV-TP","","FAMILY_CLASS_INHERITED","UNQUALIFIED","NOT_TESTED","false"
"PS-MATRIX-03438","PS-MAT-CELL_INK","PS-MAT-PEEK","BV","TP","T","PS-PAIR-BV-TP","","FAMILY_CLASS_INHERITED","UNQUALIFIED","NOT_TESTED","false"
"PS-MATRIX-03439","PS-MAT-CELL_INK","PS-MAT-PP","BV","TP","T","PS-PAIR-BV-TP","","FAMILY_CLASS_INHERITED","UNQUALIFIED","NOT_TESTED","false"
"PS-MATRIX-03440","PS-MAT-CELL_INK","PS-MAT-ACRYLATE","BV","RS","T","PS-PAIR-BV-RS","","FAMILY_CLASS_INHERITED","UNQUALIFIED","NOT_TESTED","false"
"PS-MATRIX-03441","PS-MAT-CELL_INK","PS-MAT-EPOXY","BV","RS","T","PS-PAIR-BV-RS","","FAMILY_CLASS_INHERITED","UNQUALIFIED","NOT_TESTED","false"
"PS-MATRIX-03442","PS-MAT-CELL_INK","PS-MAT-SILICONE_RESIN","BV","RS","T","PS-PAIR-BV-RS","","FAMILY_CLASS_INHERITED","UNQUALIFIED","NOT_TESTED","false"
"PS-MATRIX-03443","PS-MAT-CELL_INK","PS-MAT-TPU","BV","EL","T","PS-PAIR-BV-EL","","FAMILY_CLASS_INHERITED","UNQUALIFIED","NOT_TESTED","false"
"PS-MATRIX-03444","PS-MAT-CELL_INK","PS-MAT-PDMS","BV","EL","T","PS-PAIR-BV-EL","","FAMILY_CLASS_INHERITED","UNQUALIFIED","NOT_TESTED","false"
"PS-MATRIX-03445","PS-MAT-CELL_INK","PS-MAT-SILICONE_E","BV","EL","T","PS-PAIR-BV-EL","","FAMILY_CLASS_INHERITED","UNQUALIFIED","NOT_TESTED","false"
"PS-MATRIX-03446","PS-MAT-CELL_INK","PS-MAT-HYDROGEL_E","BV","EL","T","PS-PAIR-BV-EL","","FAMILY_CLASS_INHERITED","UNQUALIFIED","NOT_TESTED","false"
"PS-MATRIX-03447","PS-MAT-CELL_INK","PS-MAT-AG_INK","BV","CI","T","PS-PAIR-BV-CI","","FAMILY_CLASS_INHERITED","UNQUALIFIED","NOT_TESTED","false"
"PS-MATRIX-03448","PS-MAT-CELL_INK","PS-MAT-CU_INK","BV","CI","T","PS-PAIR-BV-CI","","FAMILY_CLASS_INHERITED","UNQUALIFIED","NOT_TESTED","false"
"PS-MATRIX-03449","PS-MAT-CELL_INK","PS-MAT-CARBON_INK","BV","CI","T","PS-PAIR-BV-CI","","FAMILY_CLASS_INHERITED","UNQUALIFIED","NOT_TESTED","false"
"PS-MATRIX-03450","PS-MAT-CELL_INK","PS-MAT-GRAPHENE_INK","BV","CI","T","PS-PAIR-BV-CI","","FAMILY_CLASS_INHERITED","UNQUALIFIED","NOT_TESTED","false"
"PS-MATRIX-03451","PS-MAT-CELL_INK","PS-MAT-PEDOT_PSS","BV","CI","T","PS-PAIR-BV-CI","","FAMILY_CLASS_INHERITED","UNQUALIFIED","NOT_TESTED","false"
"PS-MATRIX-03452","PS-MAT-CELL_INK","PS-MAT-DIEL_UV","BV","DE","T","PS-PAIR-BV-DE","","FAMILY_CLASS_INHERITED","UNQUALIFIED","NOT_TESTED","false"
"PS-MATRIX-03453","PS-MAT-CELL_INK","PS-MAT-DIEL_EPOXY","BV","DE","T","PS-PAIR-BV-DE","","FAMILY_CLASS_INHERITED","UNQUALIFIED","NOT_TESTED","false"
"PS-MATRIX-03454","PS-MAT-CELL_INK","PS-MAT-POLYIMIDE","BV","DE","T","PS-PAIR-BV-DE","","FAMILY_CLASS_INHERITED","UNQUALIFIED","NOT_TESTED","false"
"PS-MATRIX-03455","PS-MAT-CELL_INK","PS-MAT-PARylene","BV","DE","T","PS-PAIR-BV-DE","","FAMILY_CLASS_INHERITED","UNQUALIFIED","NOT_TESTED","false"
"PS-MATRIX-03456","PS-MAT-CELL_INK","PS-MAT-FERRITE_PASTE","BV","MG","T","PS-PAIR-BV-MG","","FAMILY_CLASS_INHERITED","UNQUALIFIED","NOT_TESTED","false"
"PS-MATRIX-03457","PS-MAT-CELL_INK","PS-MAT-NDFEB_BONDED","BV","MG","T","PS-PAIR-BV-MG","","FAMILY_CLASS_INHERITED","UNQUALIFIED","NOT_TESTED","false"
"PS-MATRIX-03458","PS-MAT-CELL_INK","PS-MAT-IRON_COMPOSITE","BV","MG","T","PS-PAIR-BV-MG","","FAMILY_CLASS_INHERITED","UNQUALIFIED","NOT_TESTED","false"
"PS-MATRIX-03459","PS-MAT-CELL_INK","PS-MAT-OPTICAL_RESIN","BV","OP","T","PS-PAIR-BV-OP","","FAMILY_CLASS_INHERITED","UNQUALIFIED","NOT_TESTED","false"
"PS-MATRIX-03460","PS-MAT-CELL_INK","PS-MAT-PMMA","BV","OP","T","PS-PAIR-BV-OP","","FAMILY_CLASS_INHERITED","UNQUALIFIED","NOT_TESTED","false"
"PS-MATRIX-03461","PS-MAT-CELL_INK","PS-MAT-FUSED_SILICA","BV","OP","T","PS-PAIR-BV-OP","","FAMILY_CLASS_INHERITED","UNQUALIFIED","NOT_TESTED","false"
"PS-MATRIX-03462","PS-MAT-CELL_INK","PS-MAT-PHOSPHOR_FILM","BV","OP","T","PS-PAIR-BV-OP","","FAMILY_CLASS_INHERITED","UNQUALIFIED","NOT_TESTED","false"
"PS-MATRIX-03463","PS-MAT-CELL_INK","PS-MAT-PVA_SUPPORT","BV","FL","T","PS-PAIR-BV-FL","","FAMILY_CLASS_INHERITED","UNQUALIFIED","NOT_TESTED","false"
"PS-MATRIX-03464","PS-MAT-CELL_INK","PS-MAT-WAX_SUPPORT","BV","FL","T","PS-PAIR-BV-FL","","FAMILY_CLASS_INHERITED","UNQUALIFIED","NOT_TESTED","false"
"PS-MATRIX-03465","PS-MAT-CELL_INK","PS-MAT-MICROGEL","BV","FL","T","PS-PAIR-BV-FL","","FAMILY_CLASS_INHERITED","UNQUALIFIED","NOT_TESTED","false"
"PS-MATRIX-03466","PS-MAT-CELL_INK","PS-MAT-GAS_CAVITY","BV","FL","T","PS-PAIR-BV-FL","","FAMILY_CLASS_INHERITED","UNQUALIFIED","NOT_TESTED","false"
"PS-MATRIX-03467","PS-MAT-CELL_INK","PS-MAT-GRAPHITE_ANODE","BV","EC","T","PS-PAIR-BV-EC","","FAMILY_CLASS_INHERITED","UNQUALIFIED","NOT_TESTED","false"
"PS-MATRIX-03468","PS-MAT-CELL_INK","PS-MAT-LFP_CATHODE","BV","EC","T","PS-PAIR-BV-EC","","FAMILY_CLASS_INHERITED","UNQUALIFIED","NOT_TESTED","false"
"PS-MATRIX-03469","PS-MAT-CELL_INK","PS-MAT-GEL_ELECTROLYTE","BV","EC","T","PS-PAIR-BV-EC","","FAMILY_CLASS_INHERITED","UNQUALIFIED","NOT_TESTED","false"
"PS-MATRIX-03470","PS-MAT-CELL_INK","PS-MAT-CARBON_SUPERCAP","BV","EC","T","PS-PAIR-BV-EC","","FAMILY_CLASS_INHERITED","UNQUALIFIED","NOT_TESTED","false"
"PS-MATRIX-03471","PS-MAT-CELL_INK","PS-MAT-SILICON_DIE","BV","SC","M","PS-PAIR-BV-SC","","FAMILY_CLASS_INHERITED","UNQUALIFIED","NOT_TESTED","false"
"PS-MATRIX-03472","PS-MAT-CELL_INK","PS-MAT-CAMERA_MODULE","BV","SC","M","PS-PAIR-BV-SC","","FAMILY_CLASS_INHERITED","UNQUALIFIED","NOT_TESTED","false"
"PS-MATRIX-03473","PS-MAT-CELL_INK","PS-MAT-LED_PACKAGE","BV","SC","M","PS-PAIR-BV-SC","","FAMILY_CLASS_INHERITED","UNQUALIFIED","NOT_TESTED","false"
"PS-MATRIX-03474","PS-MAT-CELL_INK","PS-MAT-RF_IC","BV","SC","M","PS-PAIR-BV-SC","","FAMILY_CLASS_INHERITED","UNQUALIFIED","NOT_TESTED","false"
"PS-MATRIX-03475","PS-MAT-CELL_INK","PS-MAT-LFP_MODULE","BV","BT","M","PS-PAIR-BV-BT","","FAMILY_CLASS_INHERITED","UNQUALIFIED","NOT_TESTED","false"
"PS-MATRIX-03476","PS-MAT-CELL_INK","PS-MAT-LIION_MODULE","BV","BT","M","PS-PAIR-BV-BT","","FAMILY_CLASS_INHERITED","UNQUALIFIED","NOT_TESTED","false"
"PS-MATRIX-03477","PS-MAT-CELL_INK","PS-MAT-CAP_BANK","BV","BT","M","PS-PAIR-BV-BT","","FAMILY_CLASS_INHERITED","UNQUALIFIED","NOT_TESTED","false"
"PS-MATRIX-03478","PS-MAT-CELL_INK","PS-MAT-ALGINATE","BV","BV","P","PS-PAIR-BV-BV","","FAMILY_CLASS_INHERITED","UNQUALIFIED","NOT_TESTED","false"
"PS-MATRIX-03479","PS-MAT-CELL_INK","PS-MAT-GELATIN","BV","BV","P","PS-PAIR-BV-BV","","FAMILY_CLASS_INHERITED","UNQUALIFIED","NOT_TESTED","false"
"PS-MATRIX-03480","PS-MAT-CELL_INK","PS-MAT-COLLAGEN","BV","BV","P","PS-PAIR-BV-BV","","FAMILY_CLASS_INHERITED","UNQUALIFIED","NOT_TESTED","false"
"PS-MATRIX-03481","PS-MAT-CELL_INK","PS-MAT-CELL_INK","BV","BV","P","PS-PAIR-BV-BV","","FAMILY_CLASS_INHERITED","UNQUALIFIED","NOT_TESTED","false"
